battery_power,clock_speed,fc,int_memory,m_dep,mobile_wt,n_cores,pc,px_height,px_width,ram,sc_h,sc_w
842,2.2,1,7,0.6,188,2,2,20,756,2549,9,7
1821,1.2,13,44,0.6,141,2,14,1208,1212,1411,8,2
1859,0.5,3,22,0.7,164,1,7,1004,1654,1067,17,1
1954,0.5,0,24,0.8,187,4,0,512,1149,700,16,3
1445,0.5,0,53,0.7,174,7,14,386,836,1099,17,1
509,0.6,2,9,0.1,93,5,15,1137,1224,513,19,10
1815,2.8,2,33,0.6,159,4,17,607,748,1482,18,0
1866,0.5,13,52,0.7,185,1,17,356,563,373,14,9
775,1,3,46,0.7,159,2,16,862,1864,568,17,15
1131,0.5,11,49,0.6,101,5,18,658,878,1835,19,13
682,0.5,4,19,1,121,4,11,902,1064,2337,11,1
1949,2.6,4,47,0.3,199,4,7,407,822,1433,11,5
1602,2.8,4,38,0.7,114,3,20,466,788,1037,8,7
503,1.2,5,8,0.4,111,3,13,201,1245,2583,11,0
851,0.5,3,21,0.4,200,5,7,1171,1263,478,12,7
1568,0.5,16,33,1,150,8,20,413,654,508,5,1
1319,0.9,3,41,0.9,107,1,18,85,1152,2227,18,5
644,2.7,0,22,0.7,157,8,3,311,881,1262,12,1
,1.3,16,60,0.4,160,8,17,1134,1249,1326,10,4
589,2.3,1,61,0.6,160,4,10,429,815,2113,13,7
1253,0.5,5,5,0.2,152,2,19,685,714,1878,15,0
1656,1,5,34,0.1,166,3,7,880,1456,1629,15,12
,2.8,1,20,0.8,110,2,14,1580,1652,504,9,3
1514,2.9,0,27,0.2,118,3,1,186,1810,1152,8,3
1054,1.8,3,40,0.8,196,7,10,27,774,2296,16,12
578,2.6,2,57,0.2,162,8,8,1025,1433,1270,15,3
1457,1.9,1,16,0.3,102,3,10,1013,1287,1440,17,8
823,2.7,13,60,0.5,148,8,19,822,1449,905,14,11
1757,0.5,8,49,0.5,180,6,14,265,713,2056,7,5
1484,3,3,12,0.6,134,3,5,916,969,1457,14,4
799,2.3,1,63,0.8,144,8,6,361,975,431,15,6
1156,1.2,0,50,0.8,159,2,0,322,547,470,7,0
1242,1.1,0,10,0.6,165,2,1,459,1225,1050,11,1
605,1,8,9,0.1,142,3,16,160,1026,392,15,6
797,2.9,4,38,0.5,90,4,6,763,1413,590,9,2
819,0.6,8,42,0.9,188,6,20,339,1242,1814,5,4
1114,2.8,4,9,0.4,197,3,15,1040,1071,907,10,7
1234,1.6,1,33,0.6,172,1,3,166,778,1449,11,7
1103,1,6,29,0.7,111,6,8,990,1486,1837,8,7
1008,0.8,11,61,1,114,3,15,1077,1122,2009,10,3
1127,2.9,5,57,0.8,163,1,13,928,1049,2048,11,5
1412,2.4,5,25,0.8,96,8,17,516,1894,837,15,9
1496,2,4,42,0.5,182,5,5,96,741,854,16,0
885,2.3,0,15,0.4,103,7,0,769,802,1410,16,10
879,2.5,11,14,0.7,83,6,15,403,1105,349,16,10
1322,1.7,6,7,0.8,140,3,9,177,1990,1418,19,17
1355,2.3,10,23,0.2,132,5,16,651,891,880,19,4
657,2.5,0,37,0.7,141,2,1,476,961,1412,14,3
593,0.5,6,31,0.4,156,7,7,1233,1317,1692,6,2
1732,1.1,4,12,0.8,119,8,9,824,881,1308,16,7
543,0.5,0,57,0.7,192,5,4,391,984,2413,17,14
1939,2.8,0,55,0.6,199,4,10,320,520,1047,14,10
553,2.4,1,8,0.5,121,7,3,325,902,1204,11,4
832,0.7,2,39,0.7,103,4,3,125,1504,1799,5,2
783,1.8,0,43,1,106,3,4,1198,1471,2016,16,4
617,2.3,0,32,0.5,199,7,20,768,874,2213,18,13
867,1.4,0,4,0.7,135,6,1,70,1974,790,13,6
1084,2.6,3,40,0.9,107,3,11,322,771,1945,15,4
1308,1.3,8,46,0.9,199,1,12,275,989,488,5,3
1778,0.5,0,15,0.5,102,3,0,1445,1954,1214,5,0
1564,2.3,4,25,0.5,189,6,17,1259,1965,1496,6,4
1571,1.4,0,19,0.1,100,6,1,713,1398,666,12,10
1790,2.5,9,2,0.1,184,1,14,622,792,1366,7,0
668,2.9,7,30,0.2,195,8,12,522,1056,2399,10,5
1272,2.5,0,22,0.9,133,6,8,605,669,2235,19,4
536,2.4,12,3,0.3,182,7,14,1386,1539,284,12,9
523,2.6,1,14,0.1,155,8,2,304,1042,1427,9,1
1218,1.8,1,14,0.5,147,3,4,229,616,398,17,0
1678,2.1,3,64,0.9,134,3,11,436,536,278,19,0
1101,1.8,0,31,0.2,148,2,7,387,1269,2196,12,6
843,0.5,1,56,0.1,147,5,17,140,800,2341,10,1
1692,2.1,3,61,0.9,176,6,12,975,1996,1354,16,7
1547,2.9,6,45,0.7,166,2,8,583,590,505,12,2
1692,2.3,4,46,0.9,139,1,6,674,1925,1394,16,10
637,2.3,3,60,0.8,97,4,4,1125,1989,374,18,4
1224,0.5,16,6,0.4,109,6,18,747,826,506,10,0
1840,0.5,12,34,0.7,142,1,16,311,1545,1078,8,0
1296,0.9,0,14,0.5,124,5,3,811,1272,490,7,1
1193,0.9,11,26,0.5,166,1,20,730,1729,536,17,14
748,1.7,0,27,0.9,150,8,4,450,1554,2126,18,9
1569,2.8,17,44,0.3,110,4,20,45,1942,1260,9,2
1854,3,2,8,0.1,101,5,5,506,627,1886,17,4
685,0.5,2,29,0.8,93,7,10,433,648,728,14,8
801,2.2,2,63,0.4,165,7,4,650,879,1617,17,4
703,2.7,12,30,0.3,113,1,20,218,1065,1472,14,7
1165,2.4,11,41,0.2,178,6,12,564,831,764,19,12
1380,2.1,1,4,0.8,92,3,13,420,500,797,13,2
1905,0.5,3,6,0.5,151,1,5,849,898,1545,9,5
596,1.4,8,46,0.6,165,1,18,953,984,2505,15,4
609,0.5,3,26,0.3,93,4,4,938,1948,1866,11,10
1905,0.6,9,36,0.4,119,3,20,825,1542,1287,13,4
1703,0.5,0,22,0.6,192,1,0,286,1235,1046,5,4
1445,2.4,7,20,0.4,173,7,15,1273,1345,1441,7,4
1087,1.3,0,16,0.3,166,3,9,295,589,690,14,6
1265,1.5,7,49,0.7,182,5,16,690,836,1362,5,0
1049,2.2,9,63,0.5,135,5,17,199,1077,1022,11,3
903,1,0,50,0.4,91,1,0,1230,1235,711,9,5
1154,1.2,0,49,0.2,181,8,2,541,1499,978,5,3
1336,0.9,5,17,0.2,194,5,9,55,583,1869,13,1
1886,0.5,0,24,0.4,112,3,1,809,1958,1179,16,7
850,1.6,6,29,0.5,133,5,19,404,642,593,19,17
660,0.5,5,40,0.5,111,2,10,262,1178,588,6,5
1715,1,4,31,0.5,83,8,17,638,1615,625,17,6
1442,1,0,27,0.1,192,3,19,231,687,2227,6,5
1523,1.8,6,11,0.1,129,1,8,148,1606,707,19,8
1133,1.4,3,42,0.1,199,5,12,730,1543,1457,18,12
1330,0.5,0,38,1,183,7,1,1290,1441,1733,9,0
1799,0.5,0,49,0.4,107,4,2,632,1383,720,12,2
862,0.8,3,23,0.4,165,2,15,793,1758,278,16,3
1273,1,3,48,0.4,99,4,15,490,886,1767,18,15
957,2.5,4,7,0.8,107,5,10,1201,1485,1846,12,5
1617,1.3,3,30,0.7,105,2,4,246,1038,829,9,0
708,2.7,0,63,1,195,8,7,78,654,2169,6,5
835,1.1,2,7,0.2,101,4,7,323,1604,1181,13,5
1450,2.7,9,19,0.6,131,1,17,707,1882,575,15,9
601,1.4,4,4,0.1,154,4,13,356,765,532,12,8
507,0.5,1,32,0.5,141,7,11,936,1398,1702,17,0
564,1.8,0,51,0.5,168,3,1,912,1980,1074,14,8
754,0.5,7,59,0.7,178,7,10,1914,1928,1027,6,3
728,2.7,0,25,0.2,88,4,1,526,1529,2039,5,1
1431,0.5,0,56,0.6,191,1,1,156,952,461,7,3
767,1.5,4,28,0.7,175,4,10,344,1517,527,10,0
1992,1.6,5,57,1,100,2,15,1552,1596,606,9,3
1054,1.1,10,38,0.4,136,6,12,1097,1222,1675,18,4
1281,2.3,0,28,0.3,148,1,6,1285,1617,1129,12,1
1066,0.6,2,7,0.9,114,7,18,1242,1571,468,19,13
730,2.1,0,4,0.1,89,8,2,302,1247,1210,19,15
1611,0.5,11,3,0.6,98,3,14,303,714,1595,8,4
1281,2.8,3,8,0.3,144,4,19,590,954,1851,8,2
538,0.8,12,2,0.8,177,7,13,235,662,417,8,4
823,0.5,0,39,0.4,187,8,4,630,888,294,13,9
1839,1.2,9,54,0.5,200,7,11,475,1493,927,19,10
659,2.7,6,6,0.5,110,3,7,1054,1929,2044,15,5
1172,1.9,0,27,0.7,164,1,3,607,1092,1477,12,0
1191,1.3,16,26,0.8,84,1,20,681,683,1604,14,3
615,0.5,0,42,0.6,163,6,4,104,1664,2211,7,4
832,1.6,1,34,0.3,108,5,5,311,1294,447,15,13
1162,2,0,56,0.7,114,7,1,56,997,1652,5,0
1329,1,1,52,0.9,181,6,2,1053,1458,1228,8,6
928,0.5,11,56,0.7,80,8,13,221,1243,666,19,10
1656,0.5,8,38,0.1,105,7,17,506,519,1499,12,8
977,1.1,2,57,0.6,181,6,7,63,566,1206,7,1
768,0.9,16,56,0.1,113,1,20,418,515,952,19,3
1177,0.9,1,29,0.4,191,2,8,178,882,311,18,5
1348,2,18,52,0.3,98,3,20,1869,1942,955,18,11
1956,2.2,0,37,0.5,87,3,2,185,776,1109,13,1
1530,2,11,42,0.8,177,6,13,454,1975,725,11,10
645,1.2,6,41,0.7,184,8,17,741,1130,714,18,2
1648,0.7,6,64,0.8,170,4,9,1153,1876,610,8,1
1170,0.9,6,14,0.4,199,2,13,474,709,715,18,5
508,0.8,7,42,0.3,94,1,8,39,557,663,13,12
1097,2.1,6,64,0.2,161,3,8,419,1914,1725,14,5
728,1.7,0,5,0.6,101,2,20,584,775,834,16,0
1379,2.1,14,63,1,83,1,17,207,1370,651,9,6
1698,2.1,5,18,0.9,160,6,20,363,994,796,13,3
920,2.1,5,25,0.4,115,7,14,209,1078,785,10,7
1995,0.5,6,26,0.2,129,1,15,649,1104,1322,15,11
972,0.5,5,13,0.4,193,5,8,1392,1795,1615,11,6
662,0.5,5,20,0.8,138,1,10,1001,1224,2125,17,15
1867,2.3,0,9,0.1,191,6,3,712,1442,990,6,1
1730,2,0,20,0.1,143,4,10,418,1023,1595,14,0
1723,1,1,7,0.6,126,3,17,384,1361,1213,5,0
668,2.3,2,48,0.3,114,1,19,195,1292,1201,14,12
811,2.4,5,2,0.3,106,6,13,333,1429,2111,18,7
618,2.1,2,6,0.3,86,1,4,1314,1688,1051,13,10
654,1.3,0,52,0.7,196,4,4,1715,1898,1036,17,4
609,3,15,44,0.3,117,1,16,58,1253,2581,15,11
1604,1.7,2,33,1,191,8,5,134,939,916,13,10
1610,2.9,7,64,0.9,181,4,12,1236,1280,941,8,4
880,2,1,50,0.5,194,7,3,1116,1381,827,15,9
1394,0.9,10,62,0.3,175,5,13,1010,1565,473,11,1
809,0.8,10,21,0.9,91,7,19,1453,1726,1274,18,7
899,0.5,13,57,0.9,172,2,18,788,1331,364,11,1
916,2.6,0,36,0.3,195,4,12,188,992,1470,13,0
763,1.7,8,2,0.5,92,8,14,1028,1186,1050,6,4
1725,0.5,8,52,1,185,6,12,1125,1195,1243,19,18
1011,1.1,4,36,0.2,131,7,18,481,749,2261,7,6
1067,1.7,0,58,0.5,135,7,0,79,681,706,12,9
1899,0.6,0,26,0.1,151,2,0,96,814,336,13,11
930,1.3,1,14,0.4,97,6,10,77,1025,2457,11,7
1058,1.5,2,19,0.4,166,4,14,493,1247,418,9,7
1874,2.7,10,8,0.9,166,7,13,964,1233,1246,8,1
560,0.5,14,23,1,146,8,15,356,1903,2360,17,16
1036,2.4,0,39,0.2,119,7,3,373,926,2101,10,7
1945,1.6,0,57,0.3,195,4,1,743,1753,732,14,1
880,1.7,0,33,0.7,173,2,2,30,1350,1414,12,1
1323,2.5,10,28,0.2,131,4,12,162,619,1892,10,0
652,2.4,9,17,0.7,173,5,11,77,559,1974,12,10
1029,1.9,5,5,0.2,171,5,8,264,956,582,15,7
1478,0.8,12,48,0.7,99,5,17,694,882,1141,5,2
912,2,1,54,0.3,161,8,5,329,1053,2330,19,5
651,0.8,2,63,0.2,176,5,4,548,858,2244,14,9
1483,2.1,1,54,0.2,176,7,2,531,758,1851,15,13
914,0.9,2,4,0.8,100,2,12,191,1495,808,11,7
1456,0.5,7,7,0.4,105,5,12,823,1104,1587,6,5
1681,2.5,2,11,0.4,158,2,13,195,1205,1122,12,6
1190,2.2,9,47,0.3,186,6,10,1417,1441,624,9,3
1197,1.3,3,20,0.5,149,6,7,649,1629,1797,19,5
1048,0.9,10,28,0.8,194,2,19,966,1975,1458,5,1
1772,0.5,3,64,0.7,116,8,15,270,545,1834,5,2
1464,0.5,0,17,0.7,153,6,8,418,1341,1277,13,6
728,2.3,4,23,0.8,111,4,5,126,817,457,17,10
954,0.5,0,50,0.3,134,2,11,228,1058,438,17,0
1472,2.8,1,36,0.5,130,6,10,1452,1744,985,12,11
1469,2.1,0,8,0.7,123,7,0,398,1133,1052,8,1
1310,2.3,6,57,0.9,135,8,9,449,889,1175,16,0
1654,1.8,1,11,0.3,146,7,2,1184,1719,1070,8,1
1448,1.4,13,26,1,156,3,16,1792,1850,1175,12,9
1631,0.9,2,3,0.1,198,7,12,177,1905,301,13,5
1608,1.8,7,28,0.4,183,2,13,1013,1158,489,15,11
1844,2.3,1,51,0.7,158,8,3,533,882,1724,5,1
712,0.5,3,35,0.2,84,2,10,558,1208,2190,16,12
972,1.7,0,54,0.7,107,3,4,681,1050,1900,16,8
1289,0.9,10,25,1,178,6,12,765,899,1043,6,2
1172,2.1,4,41,0.1,95,3,7,1314,1884,1107,7,3
664,1.2,0,28,0.9,106,5,5,754,1497,2042,17,15
513,0.5,6,44,0.1,186,4,12,619,867,1343,5,1
1986,0.5,3,51,0.1,165,8,20,282,1358,1614,17,12
965,1.5,5,13,1,109,2,14,130,998,1138,9,8
1067,2.4,3,40,0.6,122,8,15,494,1989,604,16,14
1433,1.6,7,4,0.7,133,8,11,281,799,258,11,9
765,2.9,0,18,0.1,153,7,0,6,793,1066,11,1
1845,0.5,10,61,0.3,96,1,12,292,695,1731,9,5
1077,2.5,0,45,1,174,3,4,897,1304,1965,6,2
932,0.5,1,60,0.7,104,4,2,268,1078,1459,6,1
601,2.1,4,26,0.3,101,4,18,509,548,918,9,1
1417,2.7,2,56,0.9,114,6,4,494,1649,590,11,3
1330,1.3,14,3,0.3,83,5,17,980,1262,463,14,6
1579,1.5,0,27,0.2,142,6,18,831,1484,1713,16,4
1277,3,0,41,0.3,200,4,3,902,1090,429,9,4
1949,1.8,0,20,0.8,186,5,4,518,592,1125,17,10
685,2.7,7,17,0.3,174,6,20,725,870,1223,8,0
1902,2.8,6,50,0.8,124,8,9,1142,1393,343,11,8
1225,2.4,0,15,0.1,155,5,0,840,982,1970,16,8
1337,0.5,13,31,0.8,186,2,20,48,644,2180,7,4
1278,0.5,1,54,0.1,104,8,16,581,750,1155,7,1
1661,0.8,1,6,1,109,7,2,594,1337,864,9,8
1438,2.2,0,32,0.6,176,7,6,683,1663,869,19,13
1661,1.4,0,29,0.3,119,2,0,536,861,591,9,2
1846,0.6,1,19,0.7,159,1,2,83,773,1333,15,6
1678,2.3,11,7,0.5,192,1,14,418,1763,574,5,3
1417,0.5,10,45,0.9,166,4,19,364,1029,2129,13,9
1074,2.4,2,9,0.9,103,6,14,946,952,1948,13,1
1039,1.3,0,12,0.8,200,8,0,1428,1827,1619,7,1
1128,1.1,9,46,0.9,135,8,10,751,1582,1434,5,0
1076,2.6,3,38,0.7,119,6,8,129,915,891,18,3
532,0.8,3,8,0.1,193,5,10,1213,1354,728,13,5
1217,0.5,3,17,0.5,182,4,13,628,632,1711,7,3
577,2.4,8,37,0.9,161,6,20,1087,1450,814,11,7
525,0.5,5,51,0.5,137,8,11,262,1587,1891,18,3
504,0.5,5,16,0.1,166,1,9,767,1665,701,17,15
569,0.6,2,39,0.1,184,8,9,389,739,2811,7,6
1590,1.9,3,21,1,160,5,18,920,963,1701,11,4
707,0.5,0,16,0.1,194,2,0,1027,1508,1853,17,14
767,1.9,16,19,0.2,185,6,17,271,1000,2445,6,1
1350,0.5,0,50,0.8,181,8,4,369,544,2287,15,1
1002,0.8,0,35,0.5,83,2,4,1345,1416,1726,16,5
1900,2,1,41,0.5,190,8,6,912,1596,850,5,1
726,2.9,0,43,0.1,101,8,0,666,760,1446,17,2
1544,2.3,12,45,0.1,113,8,20,236,857,1300,8,7
1454,1.6,6,21,0.2,160,4,10,186,1100,719,14,10
1230,2.2,6,26,0.8,123,5,7,416,676,988,11,5
1191,2.4,2,13,0.9,169,1,7,179,1813,1028,14,6
1229,0.5,15,14,0.8,191,2,16,120,1878,1667,17,6
1290,0.5,0,3,0.1,143,6,4,600,1109,1214,9,8
1271,0.5,12,32,0.1,113,7,15,1350,1949,445,15,14
1170,1.2,4,30,0.4,83,8,15,27,1722,1073,6,4
1269,1.3,14,52,0.8,118,2,15,1597,1920,665,18,5
1974,1,4,24,0.3,80,7,13,250,545,861,7,4
934,1.1,7,24,0.8,112,5,12,1111,1463,1017,12,7
1195,2,1,23,0.1,82,4,9,163,1100,980,13,9
1232,2.9,1,24,0.3,169,5,17,361,809,1257,16,10
1813,0.6,0,5,0.2,198,3,8,338,1306,759,9,3
739,2.3,2,58,0.1,88,3,4,1052,1536,475,7,6
704,2.7,8,29,0.2,80,1,10,1108,1509,1122,9,3
1663,0.5,0,40,0.6,147,4,15,951,1545,1336,8,5
1219,1,0,17,0.7,196,5,4,473,1022,705,11,3
1263,0.5,12,64,0.3,175,5,18,178,1883,1183,14,3
652,0.5,1,58,0.6,142,3,2,464,781,565,18,12
1137,2.2,6,3,0.9,173,5,7,1250,1285,316,15,14
1835,2.3,4,11,0.1,193,7,13,385,583,448,18,17
1170,2.9,2,40,0.4,169,6,5,427,684,2366,16,8
1719,2,0,12,0.3,122,8,7,240,904,462,6,3
1770,2.3,0,7,0.8,128,7,6,886,1552,1480,6,1
1312,0.5,0,28,0.8,163,2,0,1233,1854,1087,17,16
922,1.5,1,35,0.9,188,7,15,1016,1383,1165,19,6
1430,0.9,3,56,0.1,179,3,5,569,906,752,17,8
1958,1.9,0,4,0.2,190,2,3,304,637,1409,16,5
557,1.6,0,24,0.5,125,3,0,1131,1315,1305,12,8
1109,2.7,1,39,0.4,98,1,9,1391,1787,1524,15,10
1944,0.5,5,36,0.1,197,6,18,1060,1970,584,17,14
1919,1.5,5,48,0.8,150,4,6,304,1191,1391,19,13
501,2.3,12,54,0.3,131,4,19,504,1089,2346,13,12
1620,2.2,0,30,0.2,185,3,3,832,1033,606,6,0
1227,1.1,0,34,0.2,130,3,3,935,1781,1324,7,3
1359,0.5,1,58,0.5,107,6,3,446,901,1076,16,8
1914,0.7,1,35,0.6,118,8,2,942,1701,643,17,1
1645,1.8,1,21,0.7,123,7,2,897,1308,783,10,8
946,2.1,0,19,0.2,154,8,0,159,630,2104,7,4
1231,1.2,5,54,0.8,185,3,10,632,1184,1762,5,3
701,0.7,7,15,0.5,160,3,11,1002,1256,1756,6,3
955,0.5,4,43,0.9,143,5,8,1248,1511,1432,12,9
924,0.5,0,47,0.3,167,8,6,108,1813,1620,17,15
600,0.5,0,14,0.8,112,5,2,320,747,1655,18,0
1063,2.5,0,31,0.9,95,6,10,295,935,961,16,6
1715,1.9,4,3,0.1,171,5,6,79,1652,514,7,4
543,0.5,4,60,0.7,132,5,7,693,1031,933,14,0
1762,2.7,13,25,0.9,189,1,14,300,527,1896,14,10
709,2,0,35,0.1,136,1,0,1545,1596,1973,12,9
1462,1.7,1,25,0.2,182,7,18,91,1478,824,15,5
571,1.6,8,35,0.2,186,7,20,177,1282,2598,13,5
666,0.5,7,54,0.4,81,3,13,58,1353,1254,15,9
1778,1.4,3,45,1,132,4,17,88,516,1624,15,13
568,2,1,36,0.3,179,3,4,181,1703,950,17,9
1897,3,1,21,0.5,192,8,2,1311,1935,273,17,6
1695,0.5,6,46,0.7,200,3,9,1791,1898,446,16,13
914,0.5,0,26,0.7,147,4,0,706,721,1122,12,9
1721,0.5,4,33,0.5,128,4,5,871,1048,707,19,2
890,2.2,4,44,0.5,198,8,13,1074,1873,751,7,3
723,0.5,0,3,0.2,168,4,3,920,1748,1851,15,3
852,1,4,62,0.7,104,7,13,293,1159,2253,17,4
1979,1.6,0,32,0.2,165,7,1,833,1630,452,13,6
710,0.5,6,32,0.8,151,5,9,485,857,1419,12,11
1034,2.6,2,45,0.3,190,3,4,182,1293,969,15,1
675,2.3,10,60,0.9,144,5,15,192,757,1735,7,0
804,0.8,12,41,0.9,89,1,13,709,818,2027,11,5
706,0.5,13,31,0.1,108,3,19,543,938,2419,8,7
1362,0.5,3,25,0.8,131,7,9,553,1505,995,7,6
768,0.5,0,19,0.9,159,2,1,637,991,1145,19,1
1314,2.9,8,41,0.1,155,4,12,113,577,626,10,4
705,0.5,5,57,0.9,155,6,9,1114,1374,1509,15,11
1486,2.6,7,52,0.1,85,4,15,1430,1747,297,13,1
986,1.5,1,23,0.8,183,8,3,471,800,2385,16,9
1310,1.4,0,33,0.4,105,1,14,806,1016,1301,13,12
560,2,6,57,0.3,81,3,12,80,1327,2167,11,10
1979,2.9,0,19,1,176,3,9,1331,1532,411,8,2
561,2.1,7,2,0.1,193,3,13,1055,1294,665,10,0
535,1.5,1,48,0.7,113,1,4,290,811,740,11,10
1640,0.7,10,21,0.8,169,7,14,589,1301,337,16,3
1744,1,1,20,0.5,112,8,3,68,718,1205,18,7
1108,1.3,14,2,0.3,169,7,20,208,1742,1229,5,3
817,1.3,0,11,0.5,144,3,11,722,766,2039,11,6
863,1.6,5,6,0.7,133,4,13,717,1799,520,10,2
1397,2.4,5,3,0.2,121,3,15,433,1658,1378,18,15
1068,2,1,37,0.9,184,7,13,186,1998,1803,5,4
1156,0.5,6,61,0.1,89,7,9,1214,1262,1796,16,6
1271,0.5,2,54,0.1,159,8,3,613,650,990,14,11
696,0.5,6,51,0.3,197,3,8,649,907,2630,18,8
1981,1.9,13,45,0.3,175,6,18,193,1234,1380,10,1
1590,0.6,0,7,0.3,122,3,17,1464,1595,1201,12,3
1049,0.6,8,2,0.3,172,6,10,39,1564,433,10,7
984,0.5,13,42,0.8,98,7,17,1036,1611,898,16,8
771,0.5,3,25,1,86,4,6,327,922,770,12,1
503,2.5,3,57,0.6,185,6,11,778,1291,305,11,8
1936,1.9,13,34,0.2,182,7,14,591,1089,1671,6,1
1159,2.8,5,18,0.5,83,1,7,681,723,2246,8,1
1648,0.5,1,17,0.9,142,2,3,1119,1238,1184,6,2
1331,1.6,0,16,0.5,165,2,7,1109,1226,1026,13,5
1620,2.6,6,5,0.9,186,6,18,434,1339,1086,18,14
1092,2.7,8,45,0.8,185,1,10,1404,1424,1303,12,3
545,0.5,0,11,0.3,131,3,1,381,1452,616,15,6
1264,2.9,2,34,0.2,171,3,3,562,849,419,7,4
1432,1.7,6,39,0.3,164,4,18,209,947,504,14,4
558,2.8,1,49,0.8,142,5,4,997,1605,392,10,5
829,0.5,0,56,0.6,129,7,1,91,1916,820,12,6
733,2.1,5,7,0.2,174,7,10,445,1409,1403,15,8
891,0.5,9,25,0.3,196,2,19,375,1724,2073,7,1
550,0.5,16,23,0.1,145,2,17,486,1930,302,18,5
576,0.8,0,27,0.1,121,2,4,757,1518,1519,18,6
969,2.4,0,45,0.3,124,7,0,491,589,404,18,5
1160,1.1,1,63,0.7,166,3,2,762,859,595,18,4
827,1.1,2,18,0.9,160,2,16,448,821,1663,14,0
819,2.5,0,11,0.2,83,8,1,438,822,1094,10,5
1592,2.1,6,50,0.1,181,2,17,510,522,2103,19,8
1067,1.8,11,14,0.2,146,1,15,965,1009,966,5,0
915,1.1,6,56,0.6,187,8,17,532,1448,905,19,10
911,2.9,0,46,0.1,181,5,1,461,670,363,9,5
1204,2.6,0,10,0.3,199,7,3,480,1482,1724,11,2
1320,2.1,0,41,0.6,144,7,2,123,1229,542,11,1
1439,0.9,12,20,0.8,147,1,17,626,932,1790,19,12
1422,1,15,3,0.1,112,1,17,1,926,509,19,1
1591,2.2,4,52,1,161,3,16,548,1641,282,10,9
1929,0.5,0,19,1,163,6,2,349,1051,1913,12,7
691,2.7,4,33,0.9,108,4,8,951,962,424,5,3
807,0.5,9,8,0.3,158,5,20,667,697,1284,17,13
1113,0.6,0,25,0.3,145,1,10,1047,1312,277,11,2
721,1.3,10,16,0.9,125,1,18,408,1862,1713,10,3
1188,1.5,0,54,0.3,198,6,2,1150,1469,485,12,7
805,0.7,0,64,0.1,97,4,14,641,704,418,11,6
918,0.9,1,8,0.1,123,7,5,653,671,1652,17,4
1236,0.9,2,57,0.1,188,1,14,517,809,1406,14,12
1387,0.5,0,61,0.5,98,3,0,785,1151,629,5,3
1593,1,0,52,0.7,130,8,0,761,1336,1354,15,13
833,2.2,4,27,0.9,124,1,6,359,1395,2150,9,5
571,0.6,1,43,0.5,141,3,8,224,783,2587,7,5
1860,0.5,2,55,0.7,83,6,3,195,799,676,15,0
510,1.7,3,35,0.8,120,3,6,382,1228,2509,17,2
1907,2,13,55,0.9,105,7,15,713,1513,286,14,4
1489,2.4,8,32,0.6,200,1,16,172,812,776,7,6
825,1.5,11,38,0.4,94,3,18,540,783,716,11,4
1286,2.3,10,16,0.1,98,2,18,18,662,424,10,5
814,1.1,2,41,0.8,177,2,10,1092,1406,1944,16,6
1195,1.1,2,8,0.9,80,6,6,327,1001,643,14,2
1068,1.3,6,52,0.1,97,8,7,994,1500,1436,16,1
1878,0.5,9,29,0.6,85,8,19,210,1026,1334,18,7
525,2.4,11,35,0.8,190,7,20,82,670,1609,16,11
1425,1.2,9,35,0.7,127,8,14,150,1897,590,13,2
981,1.9,0,2,0.1,136,3,7,75,688,1539,19,12
1236,2.8,6,32,0.3,143,4,18,492,1403,942,16,12
569,0.5,10,4,0.8,170,3,19,351,1159,2351,8,7
603,0.7,0,64,0.2,156,6,0,1842,1968,604,10,4
1332,0.8,2,11,0.5,187,2,4,758,1165,1285,5,0
1413,0.6,0,13,0.1,128,1,0,1323,1481,515,5,0
1064,2.9,1,34,0.2,184,6,13,1175,1569,654,16,13
1554,2.7,3,47,0.7,185,5,12,319,1367,509,12,3
1918,2.8,1,22,0.3,139,1,5,381,1203,1369,9,6
1059,0.5,0,50,0.7,182,8,1,519,1545,619,5,3
1829,1.7,0,36,0.8,112,5,1,291,563,1475,11,4
1132,1,0,8,0.1,157,1,4,1091,1293,1950,11,2
1181,2.3,12,61,0.6,116,2,16,385,831,2020,6,0
1372,2.7,7,34,0.4,193,4,17,687,937,725,11,3
783,1.7,9,27,0.3,150,6,11,458,1263,1185,15,4
1062,1.5,3,45,0.2,151,3,4,798,1435,911,14,2
1800,3,5,53,0.3,87,1,12,191,1108,656,14,10
1254,1.7,0,45,0.4,146,3,3,1571,1956,606,7,2
868,1.7,0,30,0.8,83,4,0,276,1026,1653,11,7
1205,0.5,3,12,0.6,175,4,6,573,614,860,14,1
1284,2.8,0,10,0.9,155,2,14,160,516,2197,16,2
1763,2.9,1,53,0.2,101,4,20,138,806,2066,12,9
1265,0.6,4,49,0.5,90,1,5,275,687,1518,16,11
816,0.5,4,14,0.9,198,3,13,149,558,1018,17,10
904,1.8,3,35,0.4,168,3,4,42,507,1360,15,12
934,2,2,30,0.7,182,8,15,521,1190,703,10,8
1624,2.6,0,58,1,200,3,11,1530,1744,1251,13,4
874,1.3,5,8,0.5,185,1,20,442,1248,582,6,4
1027,2.2,0,63,0.8,102,5,4,152,714,1732,8,5
1048,1.5,2,29,1,182,1,4,29,1670,2146,11,10
1496,1.9,13,38,0.1,126,4,14,501,506,1927,17,4
1689,2.4,0,13,0.9,168,2,9,521,674,1172,12,11
1991,1.8,11,9,0.7,94,3,12,751,1377,1511,17,8
743,0.5,0,33,0.3,95,2,1,1587,1659,316,19,10
1061,2.1,3,52,0.1,109,7,4,138,1330,999,16,12
1428,1.6,0,7,0.1,153,4,2,584,983,1808,12,8
674,2.8,0,8,0.2,93,3,0,750,772,589,18,6
1625,0.5,2,50,0.1,107,8,17,8,1219,670,16,3
907,1.4,3,42,0.2,151,1,16,171,507,584,11,9
1584,1.3,6,41,0.6,135,4,15,160,1291,1561,10,5
1382,0.5,7,13,0.3,199,2,18,612,719,2073,16,7
633,1.4,0,46,0.7,102,6,10,709,1915,1401,19,14
852,1.6,6,54,0.4,147,5,7,538,730,1275,13,7
922,0.7,0,47,1,157,8,14,1295,1808,1464,17,4
1008,2.5,3,36,1,109,1,14,825,1972,1083,6,4
1660,2.8,4,7,0.8,184,1,6,76,1165,1531,12,0
1861,0.9,4,55,0.5,148,7,8,1698,1877,601,7,5
1910,1.7,0,34,0.6,115,2,0,985,1284,309,8,4
1807,2,0,13,0.5,155,8,0,970,974,323,9,3
1923,0.5,7,46,0.5,191,1,10,767,1759,1489,10,9
1345,3,7,38,0.1,162,3,11,512,1465,1322,9,2
904,1.6,5,14,0.2,102,8,9,56,760,1846,7,0
1239,1.2,5,52,0.9,122,2,10,590,661,417,8,0
672,0.5,0,54,0.9,95,4,11,578,1143,667,17,8
892,0.5,0,47,0.4,94,1,18,655,1782,1241,12,3
1130,2.5,4,58,0.1,132,5,14,88,1261,1018,17,1
1866,2.5,3,47,0.8,89,5,9,358,1782,1444,7,4
1597,2.3,11,34,0.4,89,1,14,64,1667,934,16,10
1175,1.3,2,19,0.3,164,7,9,873,1394,1944,9,4
1261,0.5,0,11,0.2,90,4,0,858,1591,348,14,9
1068,0.7,9,51,0.5,124,4,15,1405,1910,550,12,8
1713,3,5,20,0.9,104,7,17,237,890,971,11,10
559,0.5,10,11,0.4,82,5,14,541,823,2019,10,4
1483,2.6,13,19,0.6,146,7,19,361,1552,1587,9,4
860,1.6,13,48,0.5,187,7,18,335,1463,1870,17,2
1090,1.3,5,27,0.1,91,4,16,1638,1910,1352,5,1
686,0.5,11,3,0.3,91,6,15,1109,1392,570,7,6
818,1.3,14,43,0.9,177,6,15,111,510,546,12,6
1068,0.5,0,19,0.9,197,8,9,322,875,1209,19,12
1524,2.6,5,57,0.5,124,2,12,629,635,947,11,4
511,0.6,12,50,0.1,175,3,16,140,622,1484,9,7
1402,0.6,3,46,0.3,87,7,12,1081,1767,347,17,0
919,0.5,11,13,0.3,159,1,15,275,570,1028,8,4
1963,1,16,34,0.1,157,2,17,1136,1813,714,18,2
1881,2.2,4,51,0.3,158,5,7,477,1553,1229,12,0
772,2.6,7,6,0.1,100,2,10,741,1471,929,13,6
536,1.4,0,53,0.7,135,3,0,547,705,1211,15,10
1633,1.7,3,33,0.9,111,2,19,146,906,511,9,0
551,2.8,0,54,0.1,172,7,15,169,1916,1414,6,1
1986,2.7,3,64,0.2,162,4,20,236,1520,1377,5,3
1099,0.5,13,61,0.3,146,3,20,393,1096,1699,17,10
1576,2.6,7,58,0.2,90,3,16,400,631,336,14,8
950,0.5,9,55,0.1,156,5,10,774,843,1095,14,12
1081,2.5,13,49,1,99,3,17,284,519,325,9,1
606,2.5,1,53,0.2,146,4,2,465,1152,1223,19,12
502,1.5,7,37,0.2,199,2,12,705,1810,1649,6,1
957,0.7,0,4,0.1,160,2,0,38,1682,1898,12,4
1753,1.2,8,12,0.9,113,7,17,387,1595,1445,17,16
1949,1.4,7,57,0.3,145,7,11,951,1178,356,5,3
1696,1.7,1,13,0.9,97,3,2,179,772,523,5,0
1104,1.7,1,60,0.4,199,2,13,653,1413,1229,6,0
1122,2.8,0,28,0.6,184,3,4,1578,1963,1402,14,10
504,0.5,2,46,0.9,172,5,14,280,1795,2085,13,5
1154,0.5,12,14,0.7,156,7,14,251,1801,587,8,3
1948,2.8,5,18,0.2,135,2,14,477,571,816,16,2
1218,2.8,3,39,0.8,150,7,14,1122,1746,1667,10,0
673,1.7,3,22,0.1,88,1,5,594,1088,2050,7,2
718,0.7,0,21,0.8,88,1,7,518,830,1754,17,11
864,1.7,3,35,0.3,103,3,7,663,1805,1904,12,8
547,1.9,1,37,0.4,154,5,4,371,541,2705,17,3
1793,0.7,11,27,0.4,154,5,13,586,722,1370,16,3
1720,0.7,0,19,0.1,137,2,3,409,646,1222,13,2
643,1,9,18,0.2,187,8,12,442,1079,2648,7,5
1522,0.7,4,28,0.2,124,1,5,952,1191,1368,14,5
1959,0.5,5,18,0.7,191,6,20,65,1055,619,7,4
1872,0.5,3,17,0.7,89,6,6,1749,1767,724,17,3
1043,0.5,7,42,0.1,111,3,8,716,1626,912,16,9
1703,0.5,5,23,0.2,92,6,7,134,521,793,7,3
1095,0.5,4,45,0.5,197,1,5,179,1247,560,9,1
1414,2.6,1,27,0.6,137,4,20,804,1564,312,5,2
1659,2.5,2,41,0.1,88,7,18,787,1515,545,12,0
1540,0.7,1,60,0.8,197,7,12,704,822,1591,19,0
1189,2.3,13,8,0.5,198,3,14,379,932,893,9,6
518,2.4,0,62,0.6,128,6,0,489,710,2514,16,12
1449,0.8,3,10,0.2,144,1,12,1518,1883,1032,10,0
516,1.1,0,39,0.4,91,5,7,855,1401,819,8,0
1076,2.5,3,14,0.2,105,5,4,545,1300,2043,7,5
530,2.6,1,40,0.9,118,6,2,818,1090,1229,16,11
1044,2.8,7,33,0.6,129,4,13,42,1262,1816,17,16
1869,2.6,0,30,0.4,152,1,13,163,874,1375,15,3
1331,0.5,8,55,0.9,146,3,15,1162,1531,1732,6,2
1655,0.5,6,4,0.1,105,3,12,626,1348,673,10,3
605,1.5,9,18,0.9,162,2,14,329,656,2301,15,9
1403,2.5,3,62,0.9,90,4,13,217,1623,921,14,13
688,1.5,0,2,1,89,3,2,271,869,391,5,2
775,2.5,1,10,0.1,185,7,14,444,1555,1719,19,3
1375,0.5,2,35,0.1,194,2,3,227,772,1947,15,13
1697,0.5,0,60,0.1,90,4,0,88,1046,441,15,1
741,1.5,1,14,0.3,178,5,13,334,594,1886,19,11
1672,0.5,13,32,0.7,174,1,20,1281,1896,1267,17,4
514,0.7,4,57,0.1,186,3,7,168,1320,687,6,0
989,1.8,4,55,0.7,124,1,12,46,1069,1737,8,5
1510,2.5,11,47,0.7,138,2,13,118,1170,887,18,6
1266,2.6,1,18,0.4,86,7,2,1187,1595,398,16,8
745,0.6,5,35,0.8,102,8,10,89,1538,2459,14,1
1341,2.1,0,36,0.4,107,8,1,473,574,2200,18,14
1224,1.8,2,44,0.2,139,2,9,622,709,621,11,4
1729,2.1,1,12,0.9,186,1,6,461,1178,1519,9,4
635,0.6,1,50,0.3,97,5,13,193,989,2107,13,12
1671,0.5,13,5,0.9,179,8,18,398,1263,815,16,6
1528,1.8,3,55,0.8,129,5,6,454,1762,1282,11,9
1447,2.5,2,9,0.2,155,8,16,737,1455,568,12,11
1344,1.5,1,14,0.5,190,1,3,419,556,2074,8,1
564,3,1,8,0.7,130,2,3,853,1737,2227,9,2
921,0.6,1,60,0.1,83,2,3,1211,1229,1080,10,0
831,2.4,10,55,0.5,86,6,12,172,1239,1075,12,11
1285,2.4,1,51,1,140,7,2,475,500,2094,8,0
1851,1.9,3,12,0.9,198,6,11,293,1967,735,7,6
727,1.5,0,32,1,131,7,1,813,1377,1891,19,13
1396,1.5,0,44,0.1,118,6,1,173,1843,1386,7,1
696,2.4,11,35,0.2,103,3,13,533,797,2022,14,11
1009,1,2,2,0.6,102,8,14,912,1043,1716,7,5
987,2,1,20,0.8,192,7,3,412,565,1454,11,3
1414,2.2,0,49,0.5,101,4,1,130,887,2290,13,0
1587,0.5,0,50,0.9,148,8,15,299,874,461,17,4
504,2.8,0,40,0.5,178,3,0,626,1195,470,6,0
1268,2.9,9,42,0.9,182,6,17,360,912,931,11,5
999,1.8,0,27,0.1,167,4,1,20,745,1344,17,10
1250,1.4,8,44,0.2,182,7,20,703,1011,1882,14,1
1100,1.6,12,15,0.1,112,8,14,919,1344,757,12,2
618,0.5,2,57,0.2,88,3,7,879,896,2399,18,15
909,0.5,9,30,0.4,97,3,10,290,773,594,12,0
1271,1.5,0,2,0.9,161,1,1,1260,1788,892,15,13
709,1.9,11,13,0.1,81,8,15,570,1422,467,17,11
1744,2.8,0,62,0.7,158,1,0,621,1558,345,10,6
1300,0.5,5,62,0.1,156,6,7,219,1037,874,15,3
1092,0.5,10,11,0.5,167,3,14,468,571,737,14,4
1130,1.8,0,27,0.9,101,1,8,1495,1579,315,14,5
1299,2.8,2,60,0.8,187,8,6,1333,1838,1412,13,1
1129,2.8,0,49,0.5,185,2,2,1070,1079,1857,8,4
708,1.9,0,26,0.3,116,7,1,206,620,1419,10,6
530,2.4,1,32,0.3,88,6,20,48,1012,959,17,7
1068,2.7,0,45,0.6,194,5,1,935,1499,1754,17,7
1524,2.5,11,41,1,96,4,20,184,740,1936,7,0
1093,1.9,2,22,0.3,196,8,14,238,807,1869,8,5
627,1.8,2,20,0.8,142,3,8,211,507,896,17,6
989,0.7,13,51,0.4,132,3,15,670,804,2349,10,1
1895,0.5,2,5,0.7,134,1,11,725,1335,774,15,4
713,1.6,7,2,0.4,181,8,9,1211,1378,485,10,6
1177,0.9,1,11,1,181,4,7,945,1923,1887,8,5
1158,0.7,1,29,0.7,123,2,20,311,1796,1542,17,9
984,0.5,3,9,0.8,140,3,20,531,707,841,18,15
1515,2.6,0,56,0.9,184,3,1,1438,1593,262,14,4
721,0.5,6,6,0.4,194,4,9,1446,1988,530,8,4
1820,1.7,0,64,0.6,161,1,3,1157,1951,574,10,2
697,2.7,5,20,0.4,173,2,6,478,1477,259,12,6
717,0.5,4,10,0.6,198,1,5,217,1106,688,10,7
1971,0.5,0,40,0.3,186,7,19,485,922,571,8,7
1794,0.5,5,55,0.5,86,7,7,43,627,402,14,7
1558,2.5,2,32,0.1,114,5,3,322,1385,878,16,5
1994,0.8,2,7,0.6,88,8,4,667,711,454,11,8
1180,1.2,5,50,1,144,4,20,925,1252,1464,7,3
718,2.8,10,59,0.8,113,6,13,1185,1387,1824,11,9
1670,1.6,0,47,0.8,139,8,15,1706,1886,876,16,0
1566,0.5,0,20,0.5,126,2,0,1603,1930,659,14,9
1935,0.5,0,29,0.6,124,5,9,806,860,455,9,2
913,1.7,1,41,0.3,103,1,14,431,1144,2278,15,3
712,2.5,1,49,0.6,99,6,3,1131,1743,401,5,0
1083,1,6,52,0.9,126,2,20,925,1469,681,19,18
1449,0.5,0,52,0.6,105,6,0,211,947,2036,5,1
1796,1.6,5,7,0.1,101,4,6,667,798,1642,9,4
1097,1.4,0,60,0.8,181,1,17,405,519,509,15,12
740,1.8,1,12,0.2,123,1,11,935,1147,1105,7,6
676,2.2,1,39,0.2,84,1,5,864,1011,2064,13,7
1020,1.5,13,7,0.7,96,3,18,870,1613,1142,13,9
896,1,3,4,0.3,111,1,4,1379,1469,1060,12,10
1053,2.9,7,42,0.9,126,6,17,419,1261,1339,17,0
1174,0.7,1,25,0.8,91,2,8,1097,1461,285,19,7
627,1.6,3,12,0.2,131,7,17,447,819,2476,17,1
1602,2.7,4,46,0.6,118,1,5,273,1062,1862,16,9
1528,2.4,2,37,0.2,156,8,3,306,564,733,15,0
875,0.7,2,23,0.1,110,7,7,300,1316,756,14,5
1426,1.6,4,12,0.7,174,5,16,1573,1694,1277,14,9
609,0.5,4,10,0.1,81,6,6,113,1524,1905,16,3
584,1.8,0,19,0.3,168,3,0,1123,1622,465,12,8
1541,2.8,10,28,0.2,165,5,15,796,1052,1108,12,1
615,0.5,7,58,0.5,130,5,8,1021,1958,1906,14,5
912,2.8,6,46,0.4,84,4,11,995,1310,851,8,4
1365,0.6,0,31,0.3,125,4,0,293,970,1300,14,7
589,0.5,1,59,0.7,146,8,4,759,1858,362,16,10
871,0.6,2,52,0.1,178,3,3,194,1437,437,14,7
1874,0.6,1,19,0.8,192,2,9,1238,1418,1218,15,10
1928,2.6,5,5,0.8,162,5,16,229,1004,696,14,12
1023,2.3,5,30,0.2,80,8,7,5,1744,2086,10,0
1426,0.8,2,42,0.6,84,3,10,715,1163,1356,15,9
831,1.7,7,26,0.7,177,5,11,511,621,1704,6,5
1433,2.3,2,5,0.1,129,5,11,420,784,2132,18,15
643,0.7,3,23,0.8,156,1,9,314,1400,2096,13,6
1142,1.1,0,6,0.5,198,4,0,739,1766,1273,19,0
1901,0.5,5,41,0.6,131,2,17,3,1662,368,5,1
1510,0.6,1,32,0.7,135,3,8,963,1520,854,8,2
1538,2.3,6,13,0.2,121,7,7,567,986,1494,18,10
808,1.9,7,20,0.8,185,6,14,496,974,1471,13,4
712,0.5,6,27,0.5,86,2,11,1245,1309,2001,11,10
1507,0.9,0,42,0.4,123,5,0,682,888,1486,15,3
912,0.7,3,47,0.9,182,3,6,724,794,1321,7,2
769,1.2,2,17,0.1,95,8,4,1384,1454,1877,18,2
507,1.9,0,39,0.7,142,1,0,17,1084,2124,6,0
1384,2.8,15,60,0.1,82,3,18,983,1210,1221,18,12
1407,1.8,5,16,0.2,170,4,6,925,1206,1068,6,0
614,2.9,3,24,0.2,94,4,7,409,603,1930,13,12
1972,2.9,9,14,0.4,196,7,18,293,952,1316,8,1
1039,0.5,8,47,0.2,130,8,9,384,1878,1742,18,12
1423,0.6,12,44,0.8,131,5,13,501,640,2253,10,8
1974,0.5,9,10,0.8,145,6,12,530,1496,1433,6,1
1429,0.6,8,42,0.9,151,5,9,670,1552,1817,6,1
1498,1.2,0,14,0.1,191,4,1,111,1167,577,14,12
1885,2.4,12,14,0.6,92,4,15,1406,1517,1277,9,6
1321,1.3,0,63,0.4,109,8,9,817,941,1464,7,6
1021,1.3,7,9,0.7,192,2,12,901,1793,1355,6,1
1210,1.6,9,57,0.5,111,4,20,329,1039,1886,16,0
1949,0.5,2,31,0.1,145,5,9,837,1182,832,7,3
882,0.7,9,28,0.2,151,6,16,248,884,751,19,11
1549,1.5,0,27,0.4,113,5,7,632,1162,436,10,8
1991,2.2,1,42,0.7,82,1,13,366,613,722,6,5
796,0.5,2,12,0.5,114,1,8,174,518,1075,7,3
1318,1.9,0,11,0.8,188,2,15,688,1591,1780,12,10
1708,0.8,8,14,0.9,197,4,16,263,1345,1247,19,16
541,2.3,4,51,0.4,200,8,17,1012,1226,403,11,2
1414,0.5,0,15,0.8,168,2,0,294,1233,1069,18,6
1616,2.3,3,52,0.1,100,5,8,151,1133,657,7,3
1604,1.9,0,63,0.6,93,5,2,641,1156,1464,15,9
539,2,1,24,0.5,86,4,2,958,967,1326,7,4
826,0.5,0,57,0.5,135,2,0,354,530,323,17,3
771,2.9,2,62,0.7,106,1,8,1709,1781,1628,9,3
1420,2.8,1,50,0.1,100,8,8,194,1393,763,17,1
1763,0.5,12,10,0.2,184,3,19,238,1893,792,17,12
1163,1.9,6,2,0.9,133,5,20,919,1076,1568,14,0
1805,0.5,0,29,0.2,182,4,2,758,891,1276,19,4
1801,0.5,6,52,0.9,120,6,10,100,1708,258,14,8
794,2.5,15,14,0.6,197,3,19,312,1376,2171,19,8
1686,0.5,4,28,0.8,182,5,8,599,1073,780,11,10
1444,2.1,0,6,0.9,103,1,1,1274,1340,712,17,5
1004,1.6,0,30,1,160,8,1,62,581,1012,7,4
1242,2.4,8,28,0.2,166,4,9,315,1796,318,11,10
717,1.1,2,14,0.1,99,8,6,1878,1981,629,16,15
1540,0.7,0,29,0.1,157,7,1,318,831,1161,11,8
672,0.5,7,35,0.1,99,8,17,574,1267,1403,16,7
950,0.5,6,55,0.1,124,8,7,86,1681,1305,6,5
1447,0.5,3,40,0.7,184,2,5,963,1062,471,8,4
1973,0.5,3,21,0.8,95,8,7,127,507,1724,12,10
1731,2.3,18,60,0.5,171,4,20,142,1039,1220,9,3
1791,0.5,1,33,0.5,110,5,4,371,682,594,17,8
851,2.3,7,54,1,101,2,9,788,1007,1005,12,2
856,1.9,0,14,0.6,115,1,7,395,1027,2439,6,3
714,0.5,1,30,0.3,145,4,2,643,1527,2302,12,10
951,0.5,6,15,0.6,81,2,17,854,935,1083,16,11
1448,0.5,18,2,0.2,100,5,19,846,1144,593,9,4
1987,1.9,0,50,0.7,119,8,18,960,1925,857,12,4
820,0.5,2,58,0.3,160,4,4,468,694,1284,17,7
904,2.7,4,19,0.6,147,6,7,1094,1496,545,19,18
1352,2.4,5,6,0.9,92,6,9,629,1299,1309,12,1
1600,2.5,1,19,0.6,88,6,9,831,1713,1179,10,3
1454,1.4,8,37,0.8,80,8,20,903,910,1713,16,0
1489,2.1,0,9,0.4,169,3,1,923,1759,1663,9,3
1581,1,9,41,0.4,172,4,19,693,850,1384,19,9
1672,1.7,1,44,0.5,172,8,4,1250,1435,1348,11,6
630,2,9,14,0.5,180,8,13,66,1448,1212,12,8
1811,0.5,0,32,1,115,6,0,204,1132,348,17,11
688,2.5,9,40,0.2,109,5,20,376,1957,1382,12,7
514,2.9,5,18,0.7,141,2,8,1083,1492,980,13,7
1933,2.8,1,16,0.5,154,3,9,229,1473,838,14,2
915,2,8,31,0.3,91,3,20,875,1316,378,11,6
1006,2.2,4,22,0.8,135,4,8,35,991,909,18,4
973,0.5,5,53,0.5,196,5,7,105,588,1861,13,10
1180,2.5,0,27,0.1,90,6,1,168,540,348,7,5
659,0.5,7,5,0.3,169,8,10,659,730,2190,16,10
1142,1.4,6,6,0.7,190,8,8,534,855,663,12,4
1002,2.7,16,11,0.4,185,6,18,285,512,961,10,7
1392,2.5,0,44,0.7,113,4,2,482,1098,1280,8,1
1249,0.5,3,55,0.8,140,3,8,605,1193,531,18,10
531,0.5,0,12,0.5,121,4,3,158,1657,2331,18,12
1450,2.1,1,31,0.6,114,5,4,1573,1639,794,11,5
832,0.5,5,22,0.6,198,1,8,343,1431,1666,15,4
867,1.5,0,57,0.1,159,4,0,289,724,2157,8,6
1404,2.1,16,44,0.9,151,1,20,1703,1880,1196,10,6
1368,0.5,10,42,0.2,91,1,20,907,925,1590,12,0
1201,0.5,1,10,0.4,198,6,5,1151,1723,726,11,4
776,1.7,0,20,1,146,4,9,991,1803,685,15,11
510,2.6,0,33,0.1,110,6,10,1052,1897,1693,6,2
726,2.2,0,40,0.8,94,4,20,323,978,1342,16,11
1576,2,0,20,0.6,148,3,0,410,1551,1379,17,1
714,2.1,5,11,0.1,197,3,6,1750,1857,1164,15,12
1595,1.9,1,63,0.9,88,1,20,1475,1988,908,18,13
541,1,0,10,0.4,127,4,0,1836,1873,1019,19,9
1154,1.1,2,5,0.2,98,1,13,539,1240,1470,12,0
1150,2.7,0,39,0.4,151,8,1,397,800,999,6,2
603,1.5,8,12,0.7,114,6,20,1003,1284,1543,7,5
520,2.3,0,31,0.8,145,6,14,264,519,2753,13,7
565,0.6,1,50,0.1,158,2,8,543,703,2156,13,6
742,2.3,0,21,0.7,104,8,1,875,925,331,11,8
1143,1.2,1,22,1,125,3,6,1116,1724,1214,12,5
772,1.2,7,8,0.6,134,7,8,552,1802,422,7,6
1015,0.8,5,12,0.5,102,3,14,335,679,2293,5,1
1130,0.5,1,29,0.7,130,1,14,593,1327,432,6,1
1183,0.5,3,48,0.1,120,8,12,268,1010,1152,8,3
574,2,0,26,0.5,118,6,2,382,1364,1303,8,4
1472,3,4,20,0.3,169,2,6,443,892,797,6,1
1868,0.5,2,40,0.9,179,8,17,576,884,298,8,2
881,1,1,64,0.5,160,3,6,115,636,2110,18,9
1186,0.5,2,21,0.4,160,8,4,68,584,2361,17,8
1762,0.7,7,60,0.1,157,4,10,643,790,1380,14,5
852,1.8,5,8,0.8,160,5,9,683,1349,315,7,6
848,1.5,4,36,0.3,151,4,16,56,527,2289,10,2
827,0.6,9,35,0.2,87,6,17,23,826,2367,5,3
1063,1.5,7,3,0.9,155,4,10,394,849,1919,12,10
1343,2.4,5,14,0.9,81,8,10,1063,1205,462,18,7
834,0.5,2,27,0.2,123,1,16,1421,1463,1591,11,9
595,2.6,0,20,0.4,122,2,18,623,816,1593,19,11
1081,1.9,13,42,0.1,101,7,17,83,816,2456,7,4
1128,0.5,6,33,0.6,147,8,7,938,1226,1440,17,15
826,2.4,14,57,0.6,117,2,17,1077,1183,1907,15,14
1650,2.3,0,38,0.7,89,1,1,773,881,324,14,10
1162,1,0,50,0.5,104,4,10,332,866,1404,10,3
1028,2.8,1,30,0.1,193,1,10,1801,1923,1424,18,4
1831,2.2,4,55,1,189,8,9,1693,1790,1133,14,3
571,2,5,58,0.6,101,6,11,31,1536,555,19,10
642,0.5,0,38,0.8,86,5,10,887,1775,435,9,2
1412,0.6,9,57,0.2,86,3,10,2,660,1853,15,10
875,0.7,1,30,0.7,146,8,8,469,853,702,19,15
1772,1.6,17,45,0.5,159,2,18,837,1405,1146,6,1
1280,1.3,0,39,1,108,7,1,356,588,2335,6,4
1712,0.9,2,23,1,155,7,19,155,663,1422,5,0
891,1.9,1,18,0.1,153,6,3,40,1435,1303,17,16
1957,1.2,18,36,0.8,151,2,19,1194,1727,1115,16,2
1110,0.6,1,42,0.9,192,5,2,1179,1262,456,12,8
769,0.5,12,54,0.2,112,4,19,1385,1780,941,15,8
911,2.2,1,28,0.5,182,2,2,157,763,2638,8,4
1273,0.7,1,23,0.6,178,6,14,485,1399,558,8,5
1062,0.5,3,39,0.9,124,4,4,571,817,1345,16,0
1317,1.5,6,12,0.1,154,2,9,431,542,425,7,0
940,2.9,0,16,0.7,115,4,1,499,1090,2192,15,13
1494,2.4,6,3,0.9,93,7,17,944,1003,1208,14,13
1546,1.6,2,27,0.7,124,2,6,1138,1491,267,12,10
793,1.9,0,43,0.3,124,8,2,15,1196,1050,11,9
1110,1.5,2,12,0.3,153,8,5,961,1950,624,9,7
999,1.7,6,49,0.6,132,1,17,608,1970,1598,7,0
1715,2.6,9,15,0.6,120,6,20,114,1849,1249,16,2
1897,1.9,2,54,0.3,154,2,7,630,738,412,17,11
1202,2.4,0,19,0.1,122,2,1,404,1742,595,19,0
1171,1.7,2,19,0.3,167,7,19,248,755,263,6,5
1973,2.4,6,46,0.1,193,4,10,699,851,639,6,0
546,2.6,5,26,1,159,5,15,416,1658,1550,7,2
1093,0.5,1,31,0.6,171,2,12,1310,1420,1646,12,0
826,0.6,3,62,0.7,187,4,19,778,1615,1998,17,4
586,0.6,16,42,0.3,121,7,17,785,1118,1869,12,2
848,2.8,1,8,0.1,103,7,3,7,1294,436,10,6
1776,2.1,10,35,0.1,172,4,16,278,623,1813,16,13
1254,1.2,2,27,0.2,134,2,10,1288,1372,817,14,1
984,2.2,0,39,0.5,119,8,18,56,1931,2013,11,7
1179,0.8,1,5,0.9,154,5,17,913,1429,543,8,7
557,0.5,3,17,0.2,89,6,4,322,710,2623,17,16
1129,0.8,9,21,0.6,116,2,10,1128,1702,1400,11,0
1057,2.7,3,41,0.1,97,4,10,397,891,2033,16,9
1862,1.5,1,62,1,182,1,2,386,1046,1017,11,3
555,3,5,38,0.8,193,2,10,214,1970,1686,8,1
1000,2.7,1,58,1,135,5,12,461,833,862,7,0
841,0.5,6,11,0.3,81,5,14,125,675,957,6,5
1232,1.2,12,30,0.9,131,6,14,625,761,1656,8,4
1194,2.3,6,34,0.2,165,2,12,494,509,313,15,1
1469,1.7,11,44,0.5,169,2,14,484,711,1687,15,5
986,0.8,13,28,0.8,182,4,20,199,679,1149,8,7
1695,0.5,2,47,0.5,189,5,13,308,1208,1629,8,6
1713,2,9,5,0.7,199,6,16,108,1963,1513,15,6
1175,1.7,1,45,0.6,167,2,7,90,557,2240,10,6
1940,1,0,5,0.2,194,4,1,588,1809,820,19,18
855,0.5,2,59,0.5,159,2,3,1028,1196,1875,16,8
771,0.5,0,33,0.1,157,3,17,776,1247,920,16,2
1307,1.8,2,7,0.6,88,7,3,897,1103,1412,16,9
1948,2.9,4,5,0.2,136,1,13,651,700,361,6,1
1509,0.6,5,50,0.3,81,4,8,1010,1684,1540,12,8
626,2.8,3,11,0.8,109,2,9,737,1759,1077,6,1
1727,2.1,10,57,0.3,158,6,18,376,1288,512,5,2
1150,0.5,4,27,1,134,1,17,234,1947,1610,11,0
1208,2.9,5,16,1,175,1,19,691,1028,2201,17,16
1559,1.3,10,10,0.3,114,8,17,117,681,2203,7,5
1902,0.5,10,13,0.2,155,4,11,766,877,940,14,10
1751,2.5,1,4,0.6,146,8,9,1499,1952,1155,19,14
1003,2.9,16,16,0.6,119,8,19,190,1905,1798,16,7
1967,0.5,0,46,0.6,199,1,7,518,1374,1567,15,2
962,1,14,2,0.9,125,1,20,1618,1916,1491,16,2
1146,3,5,57,0.4,111,5,10,73,583,291,19,9
1379,1.5,6,9,0.8,118,8,13,98,755,1693,11,4
1504,1.9,7,25,0.3,152,4,9,395,1853,1788,13,11
1125,2.7,10,23,0.4,117,1,14,774,939,1641,14,8
807,0.5,0,37,0.2,127,4,0,245,829,2319,5,4
1996,2.8,0,7,0.1,138,5,4,937,1083,1258,17,14
1083,2,3,41,0.7,158,5,5,937,1164,1543,18,3
535,1.9,5,24,0.2,190,8,19,398,1775,524,9,3
1603,0.5,1,17,0.5,114,2,8,430,1207,1637,17,3
1441,0.6,0,53,0.5,106,1,12,254,954,1393,9,4
1619,0.9,3,20,0.9,117,6,9,813,1180,464,7,5
1002,1.8,1,45,0.7,180,7,7,948,1007,1234,19,13
742,0.5,0,36,0.7,139,3,1,1161,1288,292,8,0
942,1.4,8,27,0.5,91,4,9,754,1532,587,6,3
1290,1.4,19,35,0.3,110,4,20,405,742,879,16,2
1699,0.5,16,21,0.1,156,4,20,105,1099,1181,16,0
548,1,0,56,0.4,146,4,14,657,1657,562,17,14
916,0.5,0,47,0.2,82,4,1,1147,1393,1659,11,10
1083,1.4,2,49,0.8,156,5,9,295,503,1338,16,8
1969,0.8,5,7,0.2,85,8,20,332,764,315,16,7
833,0.6,0,27,0.3,145,4,2,649,1290,586,19,8
1174,0.9,7,30,1,147,4,20,744,1244,804,17,14
1002,2.6,7,27,0.1,146,1,10,115,1111,1295,18,15
1117,0.5,2,21,0.1,177,2,19,495,1035,1999,15,9
1065,2.8,0,21,0.1,158,5,3,760,1722,1193,16,13
1607,1.1,6,20,1,192,2,8,776,1005,885,11,1
1066,3,6,5,0.5,167,5,7,53,1504,1044,8,7
1779,2.6,2,5,0.8,90,1,3,1225,1717,1246,12,2
511,0.9,15,24,0.6,136,3,18,367,1264,2378,18,3
1044,1.8,4,12,0.7,104,6,5,1230,1263,1794,18,7
946,1.4,9,26,0.1,186,6,10,273,891,1637,7,3
657,1.9,2,21,0.1,110,8,8,705,1905,783,6,1
731,0.5,0,28,0.5,130,8,0,424,1032,1774,12,8
926,0.8,6,59,0.8,161,7,14,84,793,256,18,7
1261,0.5,3,52,0.3,86,2,9,605,1429,1365,9,3
936,2.3,5,57,0.2,129,2,6,657,938,2049,12,8
1339,0.5,10,21,0.5,80,4,11,833,1441,867,8,3
508,1.3,1,50,0.7,82,5,9,102,1195,2175,14,4
995,1.3,1,10,0.1,104,4,3,258,1889,609,11,3
581,0.6,5,56,0.2,180,2,10,523,565,354,10,4
1936,1.3,2,44,0.1,139,3,3,570,1021,1400,17,7
1329,1.7,5,23,0.6,198,8,6,380,682,2308,11,10
808,0.5,3,46,0.5,105,8,15,119,529,1082,15,5
993,2.3,0,16,0.4,106,7,13,424,1639,1113,14,1
733,0.6,0,63,0.3,105,7,10,950,1739,984,17,4
1514,1.4,3,12,0.6,138,3,4,306,538,1037,15,3
574,3,1,30,0.9,126,2,3,94,1334,1167,5,3
843,1.3,1,16,0.9,119,7,4,593,732,1734,17,8
909,0.7,7,47,0.1,146,3,9,410,1643,1244,14,10
1251,0.5,10,29,0.7,133,6,16,308,591,1052,11,9
1354,0.7,3,26,0.5,136,4,6,297,918,2090,5,1
1424,0.5,16,23,0.6,80,4,18,1399,1663,1053,14,11
583,0.9,1,51,0.9,88,8,2,1658,1794,1799,16,9
1203,0.5,0,11,0.9,109,2,12,35,510,1672,17,13
1777,2.2,0,15,0.2,100,4,7,553,874,1552,10,8
1299,2.8,0,64,0.5,83,6,6,46,908,1938,19,8
527,0.7,4,53,0.9,128,1,11,67,1924,1302,13,7
793,2.8,1,64,0.4,179,4,2,818,1006,2296,12,0
873,0.5,6,8,0.6,152,7,9,1257,1411,575,15,8
722,1.1,12,12,1,93,6,20,138,1371,2359,13,6
1358,1.7,0,60,0.6,147,3,1,889,1635,440,14,10
1035,1.9,8,11,1,173,6,10,831,1709,2002,17,8
1702,2.3,12,47,0.6,107,2,19,1284,1643,595,10,0
628,1.8,5,60,0.2,87,6,6,1047,1534,1337,12,7
713,1.4,4,53,0.8,98,1,17,123,1477,1462,19,18
1207,0.5,0,58,0.3,112,8,0,406,681,503,7,3
683,2.1,7,30,0.1,197,7,8,927,1135,2066,9,0
594,2.6,1,27,0.1,196,5,2,407,528,708,17,5
537,2,1,55,0.3,103,7,2,1041,1430,2029,10,5
1565,0.5,0,38,0.1,121,5,1,781,1364,308,19,17
1052,0.9,1,6,0.8,195,4,16,1191,1839,552,6,1
713,1.6,4,63,0.7,89,2,8,103,1760,2082,15,10
1541,1.5,6,5,0.5,109,4,10,536,1656,1795,7,3
837,2.4,1,51,0.2,104,5,15,638,1831,594,16,6
665,0.7,0,31,0.1,185,5,2,496,1804,690,5,2
877,1.5,0,17,0.1,195,7,0,1064,1985,2004,11,8
842,1.8,4,57,1,124,3,10,348,730,1903,8,4
1065,1.7,4,48,0.3,162,6,8,1188,1948,265,8,0
958,1.6,9,60,0.4,200,1,12,730,751,1417,10,4
623,0.8,6,26,0.3,197,7,12,484,1238,1769,10,1
1680,1.2,6,37,0.7,168,4,7,679,1231,1459,15,3
983,0.6,0,45,0.1,130,4,11,948,1205,2052,5,3
720,0.9,12,14,0.8,165,4,14,366,1234,1086,14,7
592,0.8,1,52,0.9,103,7,10,332,970,1507,5,0
969,1.8,2,44,0.6,158,3,7,167,909,641,9,1
504,1,8,14,0.5,189,7,9,881,1129,1607,15,0
689,2.9,3,7,0.8,147,2,6,487,722,1241,9,0
1685,0.6,14,16,0.6,137,7,15,120,1429,881,6,3
1944,0.6,9,59,0.2,132,7,10,634,1079,769,19,13
648,1.8,1,60,0.1,195,4,4,931,1811,819,10,3
1702,0.5,8,2,0.6,185,6,19,921,1351,435,12,9
1571,2.9,1,30,0.9,150,7,3,805,956,586,10,9
856,1.1,14,19,0.7,125,6,19,1057,1931,650,17,0
649,1.4,4,19,0.8,190,7,12,344,1551,739,18,1
1646,2.5,3,25,0.6,200,2,5,211,1608,686,8,6
1189,1.9,5,7,0.5,164,2,20,79,615,841,13,10
1043,2.7,3,29,0.2,83,8,17,887,893,1183,5,3
1220,2.8,1,54,0.7,109,7,20,383,1249,1037,6,4
1745,2.9,0,3,0.9,105,3,0,426,1629,1308,5,0
1442,0.6,1,27,0.4,127,5,8,266,642,991,14,8
868,0.9,5,5,0.4,137,4,7,40,1311,1519,13,0
864,1.6,0,53,0.3,88,6,1,262,1436,493,18,9
1142,1.2,0,2,0.6,114,6,0,623,769,1747,7,0
608,0.5,0,64,0.9,94,4,0,4,1351,2517,16,8
983,1.8,0,53,0.9,187,1,4,1001,1176,1389,17,8
591,2.1,18,16,0.5,196,7,20,952,1726,704,14,5
1205,2.7,5,10,0.1,163,6,10,321,1870,953,18,11
713,0.9,0,42,0.1,94,1,14,1048,1123,928,12,10
1082,2.3,11,2,1,101,4,20,398,724,2177,12,2
1544,2.4,18,12,0.1,186,7,20,470,844,489,9,4
1991,2.8,3,15,0.1,181,1,13,298,1037,1861,8,5
1367,2.9,4,56,0.8,176,2,6,36,642,299,6,2
1179,0.5,7,32,0.3,182,2,12,85,1451,340,16,5
1549,1.8,0,62,0.7,91,4,4,167,990,799,7,3
1349,2.1,3,46,0.9,134,6,12,212,623,2367,11,7
1799,1,1,30,0.6,123,3,9,617,1386,445,10,8
1837,0.5,9,36,0.9,162,4,20,786,872,770,14,1
1619,1.9,2,21,0.4,138,1,9,46,562,1641,7,2
1027,0.8,7,18,1,146,7,11,338,534,1234,7,4
1807,0.8,0,38,0.2,97,8,0,1332,1814,1069,7,6
955,0.5,2,2,0.6,155,4,10,428,1254,1974,14,1
1259,1.2,0,13,0.5,97,2,0,1210,1989,340,17,13
695,1.2,1,41,0.4,169,8,8,789,1211,2282,5,2
1969,1.2,9,63,0.2,132,4,11,390,756,298,10,1
759,2.5,3,39,0.3,162,2,8,110,1317,968,6,2
1176,2.1,2,62,0.5,168,2,10,674,1455,1534,6,2
1802,2.7,0,10,0.6,101,7,9,253,590,696,14,7
1318,2.4,1,45,0.1,136,2,7,183,661,755,18,3
569,2.5,0,41,0.3,124,1,1,388,605,2651,17,7
764,1,9,45,0.5,124,8,11,52,539,1341,19,1
1982,1.6,2,12,0.2,80,5,20,287,593,1824,13,3
1122,0.5,0,40,0.3,156,7,14,675,1163,1456,9,3
1283,2.4,8,33,1,93,3,15,510,980,773,17,7
1854,0.9,0,33,0.4,195,1,0,665,718,1675,14,12
718,1.6,1,30,0.4,93,3,12,662,997,1601,10,9
897,2,3,2,0.6,154,8,10,0,994,1958,7,5
798,0.6,6,21,0.5,110,2,12,661,1951,1647,12,2
1279,2.5,5,7,0.5,105,6,6,560,1633,1150,7,2
719,2.9,7,6,0.7,102,6,8,405,1141,841,9,1
544,0.5,2,7,0.2,129,5,15,227,610,1675,13,4
1007,2.9,5,21,0.8,185,8,12,479,831,1301,8,6
590,1.2,0,32,0.4,141,6,1,227,509,1817,10,0
748,1.4,0,25,1,110,7,14,88,709,1974,17,5
1561,1.6,1,27,0.8,174,3,10,662,874,1205,12,7
1327,2.8,10,23,0.5,89,7,16,441,1721,872,7,5
797,1.5,4,18,0.6,81,8,20,888,1466,2052,9,3
686,2.7,0,36,0.1,194,4,1,64,745,1503,10,0
555,0.5,2,17,0.2,163,5,12,956,1010,343,19,14
1884,1,3,24,0.5,149,6,4,1168,1179,1396,15,8
672,0.6,13,61,0.1,194,5,20,724,1127,1457,14,10
1906,1.9,3,55,0.2,113,3,4,3,629,1871,13,5
1753,0.7,4,40,0.6,191,4,11,1652,1983,1112,8,2
659,1.4,2,3,0.1,85,8,6,190,657,967,10,1
1783,2.9,2,42,0.7,104,6,8,1081,1979,387,14,5
1667,1,0,21,0.9,138,2,0,1211,1396,635,17,7
538,1.1,0,25,0.3,163,7,7,455,537,2215,9,3
1191,0.8,6,46,0.8,89,6,9,42,807,824,19,18
915,0.5,9,33,0.3,199,2,16,503,986,2156,7,3
1201,0.5,2,10,1,99,7,7,306,558,495,15,6
1483,2.2,3,53,0.7,169,5,11,291,651,1744,6,3
1614,1.2,1,9,0.1,161,3,2,173,1219,1832,15,8
930,1,4,4,0.9,144,8,10,1017,1289,2016,13,10
1454,2.6,8,6,0.4,199,3,20,698,1018,1300,10,0
797,2.2,0,37,0.9,144,7,2,206,1167,2216,9,5
1139,0.9,6,58,0.5,161,2,11,742,999,1850,9,4
618,1,9,13,0.1,80,4,15,591,724,1424,15,12
1547,2.9,2,57,0.4,114,1,3,347,957,1620,9,2
586,2.8,2,15,0.2,83,3,11,241,854,2592,12,8
1617,2.4,8,36,0.8,85,1,9,743,1426,296,5,3
674,2.9,1,21,0.2,198,3,4,576,1809,1180,6,3
794,0.5,0,2,0.8,106,6,14,1222,1890,668,13,4
1512,0.9,4,46,0.1,145,5,5,336,670,869,18,10
