battery_power,clock_speed,fc,int_memory,m_dep,mobile_wt,n_cores,pc,px_height,px_width,sc_h,sc_w,wifi
842,2.2,1,7,0.6,188,2,2,20,756,9,7,yes
1021,0.5,0,53,0.7,136,3,6,905,1988,17,3,no
563,0.5,2,41,0.9,145,5,6,1263,1716,11,2,no
615,2.5,0,10,0.8,131,6,9,1216,1786,16,8,no
1821,1.2,13,44,0.6,141,2,14,1208,1212,8,2,no
1859,0.5,3,22,0.7,164,1,7,1004,1654,17,1,no
1821,1.7,4,10,0.8,139,8,10,381,1018,13,8,yes
1954,0.5,0,24,0.8,187,4,0,512,1149,16,3,yes
1445,0.5,0,53,0.7,174,7,14,386,836,17,1,no
509,0.6,2,9,0.1,93,5,15,1137,1224,19,10,no
769,2.9,0,9,0.1,182,5,1,248,874,5,2,no
1520,2.2,5,33,0.5,177,8,18,151,1005,14,9,yes
1815,2.8,2,33,0.6,159,4,17,607,748,18,0,no
803,2.1,7,17,1,198,4,11,344,1440,7,1,yes
1866,0.5,13,52,0.7,185,1,17,356,563,14,9,yes
775,1,3,46,0.7,159,2,16,862,1864,17,15,yes
838,0.5,1,13,0.1,196,8,4,984,1850,10,9,yes
595,0.9,7,23,0.1,121,3,17,441,810,10,2,no
1131,0.5,11,49,0.6,101,5,18,658,878,19,13,no
682,0.5,4,19,1,121,4,11,902,1064,11,1,
,1.1,12,39,0.8,,7,14,1314,1854,17,15,
,2.1,1,13,1,,2,2,974,1385,17,1,
1949,2.6,4,47,0.3,199,4,7,407,822,11,5,yes
1602,2.8,4,38,0.7,114,3,20,466,788,8,7,no
503,1.2,5,8,0.4,111,3,13,201,1245,11,0,no
961,1.4,0,57,0.6,114,8,3,291,1434,18,9,yes
519,1.6,7,51,0.3,132,4,19,550,645,16,1,yes
956,0.5,1,41,1,143,7,6,511,1075,17,8,no
1453,1.6,12,52,0.3,96,2,18,187,1311,10,1,yes
851,0.5,3,21,0.4,200,5,7,1171,1263,12,7,yes
1579,0.5,0,5,0.2,88,7,9,1358,1739,17,11,yes
1568,0.5,16,33,1,150,8,20,413,654,5,1,yes
1319,0.9,3,41,0.9,107,1,18,85,1152,18,5,yes
1310,2.2,0,51,0.6,100,4,0,178,1919,7,0,no
644,2.7,0,22,0.7,157,8,3,311,881,12,1,no
725,1.3,16,60,0.4,160,8,17,1134,1249,10,4,no
589,2.3,1,61,0.6,160,4,10,429,815,13,7,yes
1725,1.6,6,6,0.5,119,2,18,609,1307,6,5,no
790,2,16,11,0.3,87,6,17,347,730,6,1,yes
560,0.5,15,50,0.3,159,2,20,1448,1613,18,12,no
1347,2.9,5,44,0.6,132,1,14,434,967,18,2,yes
1646,2.3,8,41,0.2,185,2,10,1725,1932,18,10,no
1253,0.5,5,5,0.2,152,2,19,685,714,15,0,no
1656,1,5,34,0.1,166,3,7,880,1456,15,12,no
1195,2.8,1,20,0.8,110,2,14,1580,1652,9,3,no
1514,2.9,0,27,0.2,118,3,1,186,1810,8,3,yes
1723,1.1,1,42,1,164,8,14,202,1791,10,5,no
1054,1.8,3,40,0.8,196,7,10,27,774,16,12,yes
578,2.6,2,57,0.2,162,8,8,1025,1433,15,3,yes
596,2.1,9,64,0.8,111,8,15,885,1854,16,13,no
1547,3,2,14,0.7,198,3,19,1042,1832,5,0,yes
1760,1.4,5,63,0.8,127,8,19,1382,1383,19,12,no
1654,1.5,0,43,0.3,109,2,0,546,629,12,5,no
1457,1.9,1,16,0.3,102,3,10,1013,1287,17,8,yes
1073,0.5,0,51,0.5,145,7,0,690,804,6,0,no
1936,2.1,10,46,0.6,104,3,20,667,1036,14,7,no
823,2.7,13,60,0.5,148,8,19,822,1449,14,11,yes
987,1.3,0,61,0.4,107,3,9,581,820,9,4,yes
1757,0.5,8,49,0.5,180,6,14,265,713,7,5,no
1063,1.4,2,48,1,128,5,4,127,683,15,13,yes
1484,3,3,12,0.6,134,3,5,916,969,14,4,no
799,2.3,1,63,0.8,144,8,6,361,975,15,6,yes
1156,1.2,0,50,0.8,159,2,0,322,547,7,0,no
1720,2,15,55,0.5,168,2,18,753,1353,14,2,yes
702,2.6,2,9,0.7,141,3,3,504,1570,10,4,no
616,1.9,13,44,0.8,81,3,17,651,1618,18,8,no
1358,0.5,11,36,0.3,155,4,14,1565,1858,9,4,no
1866,1.4,0,30,0.5,182,3,0,108,1781,16,11,no
1242,1.1,0,10,0.6,165,2,1,459,1225,11,1,yes
1166,1.5,0,43,0.8,80,4,1,205,603,7,1,no
1448,0.5,6,45,0.8,138,7,11,570,1724,13,11,yes
1407,2.4,1,22,0.7,104,4,4,1172,1217,9,7,yes
605,1,8,9,0.1,142,3,16,160,1026,15,6,no
1038,1.2,3,43,0.7,141,1,5,4,638,11,0,yes
797,2.9,4,38,0.5,90,4,6,763,1413,9,2,no
819,0.6,8,42,0.9,188,6,20,339,1242,5,4,yes
1114,2.8,4,9,0.4,197,3,15,1040,1071,10,7,no
1234,1.6,1,33,0.6,172,1,3,166,778,11,7,yes
1199,2.5,15,16,0.2,116,4,20,1168,1552,17,13,yes
1103,1,6,29,0.7,111,6,8,990,1486,8,7,yes
1589,0.6,0,58,0.9,85,7,7,319,1206,19,10,yes
999,2.9,11,64,0.2,199,4,19,1397,1616,14,11,no
1510,0.9,2,45,0.9,180,5,3,708,1752,9,6,yes
1008,0.8,11,61,1,114,3,15,1077,1122,10,3,no
1127,2.9,5,57,0.8,163,1,13,928,1049,11,5,yes
1412,2.4,5,25,0.8,96,8,17,516,1894,15,9,yes
1496,2,4,42,0.5,182,5,5,96,741,16,0,yes
1083,2.9,1,64,0.8,178,3,11,1025,1118,13,3,no
668,0.5,0,3,0.1,155,5,13,666,1203,9,5,yes
1309,1.1,0,33,0.5,100,4,14,557,1402,10,1,yes
1724,2,2,57,0.5,177,3,5,1605,1924,19,3,no
1977,2,7,54,1,171,7,18,1226,1242,18,7,no
885,2.3,0,15,0.4,103,7,0,769,802,16,10,yes
879,2.5,11,14,0.7,83,6,15,403,1105,16,10,yes
1322,1.7,6,7,0.8,140,3,9,177,1990,19,17,no
1137,1,18,7,1,196,3,19,942,1179,13,5,yes
1355,2.3,10,23,0.2,132,5,16,651,891,19,4,no
1665,0.5,3,60,0.2,194,6,18,1572,1684,18,17,no
657,2.5,0,37,0.7,141,2,1,476,961,14,3,no
593,0.5,6,31,0.4,156,7,7,1233,1317,6,2,no
1883,0.5,3,10,0.3,146,6,13,836,1739,16,8,no
1732,1.1,4,12,0.8,119,8,9,824,881,16,7,yes
543,0.5,0,57,0.7,192,5,4,391,984,17,14,no
1939,2.8,0,55,0.6,199,4,10,320,520,14,10,no
553,2.4,1,8,0.5,121,7,3,325,902,11,4,yes
832,0.7,2,39,0.7,103,4,3,125,1504,5,2,yes
1661,1.9,5,23,1,172,5,10,846,1634,12,6,yes
1657,2.4,3,42,0.1,198,5,16,1770,1796,18,1,no
1135,2,0,46,0.3,83,1,4,293,1846,19,17,yes
1775,1.5,3,41,0.1,163,1,7,1633,1869,19,13,yes
783,1.8,0,43,1,106,3,4,1198,1471,16,4,no
617,2.3,0,32,0.5,199,7,20,768,874,18,13,no
867,1.4,0,4,0.7,135,6,1,70,1974,13,6,no
1310,1.1,13,7,1,194,5,14,117,513,8,4,no
1804,0.5,9,22,0.6,153,7,19,1158,1244,9,1,yes
1900,2.3,1,18,0.2,89,7,9,1055,1661,12,1,yes
909,1.4,0,53,0.3,82,8,0,635,973,12,9,no
1084,2.6,3,40,0.9,107,3,11,322,771,15,4,no
1308,1.3,8,46,0.9,199,1,12,275,989,5,3,no
1778,0.5,0,15,0.5,102,3,0,1445,1954,5,0,no
1701,1.6,3,10,0.3,194,8,7,550,1338,12,9,no
772,2.4,1,10,0.5,80,4,2,1242,1712,18,11,no
825,0.5,7,52,0.9,130,3,10,597,863,10,4,no
1379,1.1,5,36,0.8,200,2,7,538,1376,5,4,yes
1166,2,3,25,0.8,198,5,4,59,1203,13,5,no
1659,2.8,5,16,0.6,89,1,20,819,902,19,14,yes
826,2.4,0,58,0.3,88,4,1,179,786,9,3,yes
1564,2.3,4,25,0.5,189,6,17,1259,1965,6,4,yes
1957,0.9,11,31,0.6,181,3,16,396,1732,12,0,yes
1571,1.4,0,19,0.1,100,6,1,713,1398,12,10,no
1414,2,2,54,0.8,99,7,3,262,829,17,7,yes
1790,2.5,9,2,0.1,184,1,14,622,792,7,0,yes
645,0.5,1,41,1,197,7,10,327,580,12,9,yes
668,2.9,7,30,0.2,195,8,12,522,1056,10,5,yes
1652,1.1,1,36,0.7,89,4,5,313,1264,12,8,no
1213,0.5,0,16,0.5,108,5,0,226,1248,12,3,yes
1272,2.5,0,22,0.9,133,6,8,605,669,19,4,no
866,0.5,5,46,0.5,179,8,7,692,1686,12,11,yes
536,2.4,12,3,0.3,182,7,14,1386,1539,12,9,no
523,2.6,1,14,0.1,155,8,2,304,1042,9,1,no
1753,0.5,0,31,0.1,134,1,18,1590,1926,17,0,yes
1218,1.8,1,14,0.5,147,3,4,229,616,17,0,no
1537,2.5,4,43,0.3,137,1,5,839,1131,18,17,yes
786,2.2,0,33,0.5,141,7,6,507,1697,12,11,yes
1678,2.1,3,64,0.9,134,3,11,436,536,19,0,no
1814,1.4,1,9,0.4,141,2,2,756,786,18,12,no
1101,1.8,0,31,0.2,148,2,7,387,1269,12,6,yes
1461,2.4,3,40,0.5,141,7,4,1265,1298,16,1,no
1216,3,4,47,0.4,199,3,7,1852,1967,13,5,yes
506,1.6,6,41,0.8,159,1,7,875,1025,13,10,no
843,0.5,1,56,0.1,147,5,17,140,800,10,1,yes
742,2.2,4,56,0.2,190,7,14,577,1359,16,11,yes
1692,2.1,3,61,0.9,176,6,12,975,1996,16,7,no
1485,1,2,32,0.7,84,2,9,510,1013,19,1,no
1547,2.9,6,45,0.7,166,2,8,583,590,12,2,yes
1692,2.3,4,46,0.9,139,1,6,674,1925,16,10,no
637,2.3,3,60,0.8,97,4,4,1125,1989,18,4,yes
1224,0.5,16,6,0.4,109,6,18,747,826,10,0,yes
1356,2.8,0,29,0.5,198,6,0,1612,1983,17,0,no
1840,0.5,12,34,0.7,142,1,16,311,1545,8,0,no
1481,0.7,4,37,0.6,96,5,13,116,1533,10,5,yes
961,1.5,10,51,0.3,152,6,16,554,621,15,6,yes
1296,0.9,0,14,0.5,124,5,3,811,1272,7,1,yes
1193,0.9,11,26,0.5,166,1,20,730,1729,17,14,yes
1441,2.1,11,3,0.1,118,8,17,577,1071,16,4,yes
517,1.4,3,33,0.8,183,4,8,660,974,17,16,yes
748,1.7,0,27,0.9,150,8,4,450,1554,18,9,no
1126,2.4,2,10,0.4,160,6,3,1223,1611,7,6,yes
1572,0.6,0,58,0.2,157,7,8,1109,1937,12,8,no
1569,2.8,17,44,0.3,110,4,20,45,1942,9,2,no
1270,0.6,2,32,0.5,101,7,6,299,845,5,3,no
1854,3,2,8,0.1,101,5,5,506,627,17,4,no
625,1.2,5,10,0.2,183,4,8,635,842,9,1,yes
1577,0.5,0,42,0.3,197,5,4,1045,1737,19,6,no
534,0.5,0,16,1,189,5,1,393,1199,16,12,no
946,1.7,8,25,0.8,143,6,15,650,1740,7,5,yes
685,0.5,2,29,0.8,93,7,10,433,648,14,8,yes
1949,1.3,0,23,0.1,101,5,1,839,1136,14,8,no
947,0.8,0,22,0.1,197,2,13,1176,1220,16,12,no
801,2.2,2,63,0.4,165,7,4,650,879,17,4,yes
703,2.7,12,30,0.3,113,1,20,218,1065,14,7,no
1165,2.4,11,41,0.2,178,6,12,564,831,19,12,no
1082,0.8,0,38,0.1,198,8,5,986,1191,6,1,yes
959,2.6,15,20,1,84,4,19,561,1631,16,1,no
1502,1.2,0,54,0.2,138,5,12,65,588,17,14,no
1380,2.1,1,4,0.8,92,3,13,420,500,13,2,no
1266,0.5,0,5,0.1,95,6,9,1365,1698,11,0,no
1934,2.6,0,46,0.1,103,1,17,619,1299,13,9,yes
1905,0.5,3,6,0.5,151,1,5,849,898,9,5,no
1831,1.4,2,43,0.9,150,5,5,611,1381,17,7,yes
596,1.4,8,46,0.6,165,1,18,953,984,15,4,no
1562,1.3,1,7,0.2,190,5,15,642,1533,12,10,no
1490,0.5,4,64,0.3,150,8,8,1417,1464,17,9,yes
1523,2.4,5,57,0.2,117,2,6,247,539,18,12,yes
640,0.6,0,20,0.1,163,4,15,710,1179,7,5,no
1526,2.1,1,23,0.2,117,7,8,718,751,18,10,no
1989,2.5,0,41,0.8,94,3,13,1100,1497,17,9,yes
1308,1.9,0,61,0.7,106,3,7,59,1215,15,2,yes
609,0.5,3,26,0.3,93,4,4,938,1948,11,10,yes
1905,0.6,9,36,0.4,119,3,20,825,1542,13,4,no
1703,0.5,0,22,0.6,192,1,0,286,1235,5,4,yes
1445,2.4,7,20,0.4,173,7,15,1273,1345,7,4,yes
1087,1.3,0,16,0.3,166,3,9,295,589,14,6,yes
671,0.9,10,30,0.7,105,7,17,852,1182,6,4,no
1472,2.3,6,61,0.1,168,6,19,710,1052,19,15,no
765,0.5,0,47,0.3,115,8,1,1277,1429,11,7,yes
1642,0.5,16,8,0.3,171,6,17,129,873,13,4,yes
1265,1.5,7,49,0.7,182,5,16,690,836,5,0,yes
664,1.1,1,51,0.1,110,7,4,701,1478,19,15,yes
1277,0.5,0,35,0.4,142,6,6,309,1460,18,17,no
1395,1.8,0,23,0.1,111,3,1,213,705,11,0,yes
1539,2.6,0,41,0.1,159,8,0,1112,1666,15,9,yes
1049,2.2,9,63,0.5,135,5,17,199,1077,11,3,no
1827,1.7,4,39,0.5,128,5,16,55,1020,14,9,no
903,1,0,50,0.4,91,1,0,1230,1235,9,5,no
1987,0.5,3,53,1,181,3,7,1052,1516,18,5,yes
1154,1.2,0,49,0.2,181,8,2,541,1499,5,3,yes
1336,0.9,5,17,0.2,194,5,9,55,583,13,1,yes
1886,0.5,0,24,0.4,112,3,1,809,1958,16,7,yes
1551,1.1,4,51,0.1,88,5,6,1738,1995,11,8,no
850,1.6,6,29,0.5,133,5,19,404,642,19,17,yes
660,0.5,5,40,0.5,111,2,10,262,1178,6,5,yes
1225,2.1,8,13,0.5,116,4,12,759,1404,12,11,no
1452,0.5,1,25,0.9,123,6,11,42,1040,12,10,no
1686,2.8,3,38,0.1,166,4,4,397,1453,14,11,no
1634,1.4,1,17,0.2,200,2,5,964,1677,11,6,yes
1708,2.4,18,49,0.1,109,1,19,233,517,6,4,yes
1151,2.9,0,31,0.6,128,8,1,1022,1560,18,8,no
1578,1.9,2,37,0.1,138,4,19,411,1226,19,16,yes
1689,1.8,17,24,0.3,127,3,18,954,1200,7,2,yes
1488,0.5,1,39,0.8,112,5,6,1528,1647,14,10,no
1313,1.8,4,9,0.4,105,1,6,416,1308,11,10,yes
1715,1,4,31,0.5,83,8,17,638,1615,17,6,no
1442,1,0,27,0.1,192,3,19,231,687,6,5,no
528,1.7,12,6,0.8,142,2,15,574,637,9,8,no
1523,1.8,6,11,0.1,129,1,8,148,1606,19,8,no
1133,1.4,3,42,0.1,199,5,12,730,1543,18,12,yes
1718,2.5,14,6,0.1,183,5,16,564,980,7,1,yes
1330,0.5,0,38,1,183,7,1,1290,1441,9,0,yes
1799,0.5,0,49,0.4,107,4,2,632,1383,12,2,yes
633,2.2,0,49,0.1,139,8,1,529,1009,11,1,yes
724,2.7,0,44,0.5,187,7,0,1273,1754,7,6,no
822,0.5,0,51,0.3,157,6,20,667,860,10,1,no
1918,1.9,2,10,0.6,110,5,10,1170,1543,7,1,yes
1891,2.8,7,37,0.4,129,7,14,169,1108,8,6,no
1373,1,2,50,0.2,127,7,12,105,673,8,3,no
862,0.8,3,23,0.4,165,2,15,793,1758,16,3,yes
1273,1,3,48,0.4,99,4,15,490,886,18,15,no
957,2.5,4,7,0.8,107,5,10,1201,1485,12,5,yes
1617,1.3,3,30,0.7,105,2,4,246,1038,9,0,no
893,2.5,0,55,0.6,183,2,1,417,946,7,1,yes
1210,0.5,0,63,0.1,93,5,0,1177,1462,17,9,no
708,2.7,0,63,1,195,8,7,78,654,6,5,yes
835,1.1,2,7,0.2,101,4,7,323,1604,13,5,yes
1450,2.7,9,19,0.6,131,1,17,707,1882,15,9,no
973,1.5,5,57,0.2,190,7,16,457,1816,6,4,no
601,1.4,4,4,0.1,154,4,13,356,765,12,8,yes
507,0.5,1,32,0.5,141,7,11,936,1398,17,0,yes
564,1.8,0,51,0.5,168,3,1,912,1980,14,8,no
1559,1.6,6,6,0.5,162,6,17,179,1559,9,1,yes
754,0.5,7,59,0.7,178,7,10,1914,1928,6,3,no
728,2.7,0,25,0.2,88,4,1,526,1529,5,1,yes
1431,0.5,0,56,0.6,191,1,1,156,952,7,3,no
767,1.5,4,28,0.7,175,4,10,344,1517,10,0,no
1722,2.6,8,18,0.8,177,2,16,865,1741,14,0,yes
1992,1.6,5,57,1,100,2,15,1552,1596,9,3,yes
1876,0.5,10,40,0.3,86,6,14,546,1564,10,8,no
1054,1.1,10,38,0.4,136,6,12,1097,1222,18,4,yes
1283,1.6,4,47,0.9,93,5,5,372,692,9,6,no
1281,2.3,0,28,0.3,148,1,6,1285,1617,12,1,no
1066,0.6,2,7,0.9,114,7,18,1242,1571,19,13,no
730,2.1,0,4,0.1,89,8,2,302,1247,19,15,yes
1053,0.8,7,45,0.3,103,1,12,594,1767,17,6,yes
1611,0.5,11,3,0.6,98,3,14,303,714,8,4,yes
793,1,5,30,0.9,133,2,15,1858,1935,17,13,yes
1220,2.9,3,62,0.5,125,4,8,403,1933,19,11,yes
1662,0.5,0,61,0.8,126,4,13,32,1509,9,5,yes
1281,2.8,3,8,0.3,144,4,19,590,954,8,2,no
538,0.8,12,2,0.8,177,7,13,235,662,8,4,yes
823,0.5,0,39,0.4,187,8,4,630,888,13,9,yes
1733,2.8,3,36,1,119,6,20,357,527,17,16,no
1429,1.5,0,40,0.9,100,3,14,246,820,11,7,yes
1839,1.2,9,54,0.5,200,7,11,475,1493,19,10,yes
659,2.7,6,6,0.5,110,3,7,1054,1929,15,5,yes
1953,2.1,7,56,0.1,158,8,9,555,764,11,5,no
1172,1.9,0,27,0.7,164,1,3,607,1092,12,0,no
612,1.9,6,16,0.3,102,7,7,1360,1891,8,4,no
1563,2.4,0,24,0.2,170,8,0,142,1699,7,5,no
1191,1.3,16,26,0.8,84,1,20,681,683,14,3,yes
615,0.5,0,42,0.6,163,6,4,104,1664,7,4,yes
1893,2.1,8,63,0.2,134,2,11,637,763,14,3,yes
1563,1.7,10,16,0.1,151,7,13,410,572,11,1,yes
1995,1.9,6,9,0.8,139,6,18,1830,1963,14,12,yes
1517,0.5,6,48,0.6,143,5,14,802,1489,15,5,yes
832,1.6,1,34,0.3,108,5,5,311,1294,15,13,no
1162,2,0,56,0.7,114,7,1,56,997,5,0,no
1595,2.6,7,12,0.3,121,8,19,344,655,15,1,no
1329,1,1,52,0.9,181,6,2,1053,1458,8,6,yes
928,0.5,11,56,0.7,80,8,13,221,1243,19,10,no
1656,0.5,8,38,0.1,105,7,17,506,519,12,8,yes
1937,1.7,17,58,0.6,189,1,19,1728,1767,5,4,no
977,1.1,2,57,0.6,181,6,7,63,566,7,1,yes
768,0.9,16,56,0.1,113,1,20,418,515,19,3,yes
1464,0.5,11,12,0.9,117,2,14,854,1168,5,3,yes
1177,0.9,1,29,0.4,191,2,8,178,882,18,5,no
1348,2,18,52,0.3,98,3,20,1869,1942,18,11,yes
1956,2.2,0,37,0.5,87,3,2,185,776,13,1,no
1751,0.5,6,8,0.6,178,6,20,170,564,8,6,yes
1530,2,11,42,0.8,177,6,13,454,1975,11,10,yes
1997,1.8,1,40,0.5,185,4,8,866,1212,7,6,no
1414,1.5,5,44,0.5,180,2,6,44,1118,16,12,no
1707,1.4,0,41,0.8,80,7,2,1331,1388,12,0,no
894,0.5,1,50,0.5,199,3,14,1285,1462,13,0,yes
645,1.2,6,41,0.7,184,8,17,741,1130,18,2,no
1163,2.8,0,49,0.6,155,2,0,520,754,19,2,yes
1126,0.7,3,49,0.9,165,8,17,114,1726,14,1,no
1648,0.7,6,64,0.8,170,4,9,1153,1876,8,1,no
1170,0.9,6,14,0.4,199,2,13,474,709,18,5,yes
508,0.8,7,42,0.3,94,1,8,39,557,13,12,no
1097,2.1,6,64,0.2,161,3,8,419,1914,14,5,yes
728,1.7,0,5,0.6,101,2,20,584,775,16,0,no
1980,0.5,2,29,0.8,177,1,13,312,1910,12,10,no
1504,2.3,1,64,0.9,182,1,2,19,1923,6,5,no
1379,2.1,14,63,1,83,1,17,207,1370,9,6,no
1698,2.1,5,18,0.9,160,6,20,363,994,13,3,yes
920,2.1,5,25,0.4,115,7,14,209,1078,10,7,yes
1144,1.5,0,21,0.4,189,1,11,159,724,16,0,no
1995,0.5,6,26,0.2,129,1,15,649,1104,15,11,yes
1430,0.5,1,27,0.5,183,1,16,1132,1182,7,1,yes
972,0.5,5,13,0.4,193,5,8,1392,1795,11,6,no
662,0.5,5,20,0.8,138,1,10,1001,1224,17,15,yes
1867,2.3,0,9,0.1,191,6,3,712,1442,6,1,yes
1730,2,0,20,0.1,143,4,10,418,1023,14,0,no
1723,1,1,7,0.6,126,3,17,384,1361,5,0,yes
1882,1.3,8,47,0.2,140,2,13,119,652,17,1,yes
803,0.8,0,18,0.3,106,4,1,627,935,18,15,no
580,1.2,0,47,0.9,91,3,1,1086,1345,15,1,no
668,2.3,2,48,0.3,114,1,19,195,1292,14,12,no
1391,1.4,2,36,0.8,182,1,6,14,1256,14,7,no
1560,2.3,0,22,0.8,169,7,1,745,1364,15,11,yes
821,1.8,5,54,0.1,109,3,9,253,1786,8,4,no
811,2.4,5,2,0.3,106,6,13,333,1429,18,7,yes
1989,2.9,8,17,0.1,193,8,15,629,682,7,0,no
1034,2.7,6,37,0.7,120,7,20,707,1199,17,1,yes
618,2.1,2,6,0.3,86,1,4,1314,1688,13,10,yes
654,1.3,0,52,0.7,196,4,4,1715,1898,17,4,no
576,2.8,2,10,0.2,184,5,7,513,1438,6,0,yes
667,0.6,6,3,0.7,185,6,13,13,1463,5,0,yes
869,1,7,57,0.6,118,1,15,1243,1584,13,3,no
635,0.5,2,42,0.4,149,3,4,300,1059,12,5,yes
609,3,15,44,0.3,117,1,16,58,1253,15,11,yes
1557,2.8,16,2,0.1,123,5,20,1107,1442,18,16,yes
1604,1.7,2,33,1,191,8,5,134,939,13,10,yes
1182,0.5,7,8,0.5,138,8,16,275,986,19,17,no
848,2.1,10,19,0.8,148,7,18,176,1029,10,0,no
1610,2.9,7,64,0.9,181,4,12,1236,1280,8,4,no
1828,2.1,0,17,0.9,199,1,1,336,898,17,14,no
880,2,1,50,0.5,194,7,3,1116,1381,15,9,yes
1394,0.9,10,62,0.3,175,5,13,1010,1565,11,1,no
1960,2.3,1,61,0.3,86,7,3,205,1299,10,7,no
809,0.8,10,21,0.9,91,7,19,1453,1726,18,7,no
899,0.5,13,57,0.9,172,2,18,788,1331,11,1,no
1976,0.7,4,32,0.8,171,2,7,1301,1922,17,11,yes
879,1.5,0,21,0.8,187,4,2,463,1038,14,13,yes
916,2.6,0,36,0.3,195,4,12,188,992,13,0,no
763,1.7,8,2,0.5,92,8,14,1028,1186,6,4,no
508,1.6,0,9,0.4,162,6,2,1419,1920,18,8,yes
825,2.9,0,34,0.8,99,8,17,1471,1866,8,2,no
1864,1.4,8,46,0.7,178,1,12,168,981,11,7,yes
1725,0.5,8,52,1,185,6,12,1125,1195,19,18,yes
1108,2.9,10,52,0.1,183,2,12,130,1706,16,1,yes
1011,1.1,4,36,0.2,131,7,18,481,749,7,6,yes
1703,1.5,17,55,0.7,138,5,19,1411,1711,5,1,yes
1067,1.7,0,58,0.5,135,7,0,79,681,12,9,no
1334,2.4,5,42,0.6,115,5,14,1187,1974,10,1,no
775,2.6,0,30,0.4,189,7,10,561,1510,17,16,yes
1899,0.6,0,26,0.1,151,2,0,96,814,13,11,yes
930,1.3,1,14,0.4,97,6,10,77,1025,11,7,no
1058,1.5,2,19,0.4,166,4,14,493,1247,9,7,yes
1187,2.2,0,46,0.4,145,2,9,1173,1814,13,11,yes
1874,2.7,10,8,0.9,166,7,13,964,1233,8,1,yes
1482,0.5,2,48,0.2,142,7,10,634,642,12,8,yes
1809,1.7,3,59,0.1,174,3,4,639,721,10,6,yes
864,3,0,54,0.7,187,2,1,127,1670,18,2,yes
625,1.9,12,33,0.2,191,1,20,431,550,10,6,no
1880,1.8,4,18,0.7,138,3,5,71,699,17,15,no
1138,1.4,12,44,0.2,187,8,17,111,1138,19,3,no
560,0.5,14,23,1,146,8,15,356,1903,17,16,yes
1117,0.5,1,12,0.6,144,7,8,798,817,7,6,no
1712,1.4,1,63,0.5,137,7,12,747,1126,16,1,no
1836,1.7,3,26,0.1,134,6,16,408,1139,5,0,no
1036,2.4,0,39,0.2,119,7,3,373,926,10,7,no
1860,2.3,15,23,0.6,162,4,16,1362,1506,9,2,no
1375,1.1,3,9,0.9,145,7,19,475,726,19,18,yes
1945,1.6,0,57,0.3,195,4,1,743,1753,14,1,no
1896,0.5,8,7,0.4,141,2,13,447,794,9,7,no
788,2.5,4,57,0.9,91,8,12,42,1161,12,8,yes
880,1.7,0,33,0.7,173,2,2,30,1350,12,1,no
1323,2.5,10,28,0.2,131,4,12,162,619,10,0,yes
1868,2,0,42,0.2,169,1,4,347,660,8,3,yes
1266,1.9,0,7,0.2,184,3,12,346,1468,10,5,yes
1042,2.7,16,50,0.8,93,7,18,727,1705,18,0,yes
1479,0.5,8,19,0.6,156,3,10,180,1476,13,12,yes
1476,1.2,0,55,0.1,171,4,5,1641,1666,13,8,yes
1552,2.2,6,13,0.2,123,6,9,269,1026,9,2,yes
1454,0.5,1,34,0.7,83,4,3,250,1033,7,5,no
1007,2,0,45,0.1,95,5,2,1186,1529,9,0,no
652,2.4,9,17,0.7,173,5,11,77,559,12,10,no
1504,1.5,12,34,0.7,142,8,15,507,973,7,2,yes
1726,0.9,2,51,0.6,193,4,3,379,1223,13,9,yes
1029,1.9,5,5,0.2,171,5,8,264,956,15,7,yes
1582,2.8,2,44,0.5,112,6,13,1486,1797,17,10,yes
1478,0.8,12,48,0.7,99,5,17,694,882,5,2,yes
1178,1.3,0,49,0.6,101,5,0,579,596,6,3,no
707,2.1,2,25,0.8,131,3,17,495,574,9,2,yes
755,2.8,5,51,0.3,186,4,12,315,990,10,1,yes
912,2,1,54,0.3,161,8,5,329,1053,19,5,no
651,0.8,2,63,0.2,176,5,4,548,858,14,9,no
1483,2.1,1,54,0.2,176,7,2,531,758,15,13,no
914,0.9,2,4,0.8,100,2,12,191,1495,11,7,no
1456,0.5,7,7,0.4,105,5,12,823,1104,6,5,yes
1178,2.2,6,57,0.3,84,3,17,96,1352,16,14,no
1503,0.7,10,43,0.2,166,4,14,841,1304,15,1,no
1681,2.5,2,11,0.4,158,2,13,195,1205,12,6,yes
715,2.3,4,48,0.1,160,4,6,21,562,14,2,no
1876,2.8,3,56,0.4,182,3,4,235,585,12,2,no
1190,2.2,9,47,0.3,186,6,10,1417,1441,9,3,yes
1755,1.3,0,24,0.1,134,7,2,286,1075,8,1,yes
1197,1.3,3,20,0.5,149,6,7,649,1629,19,5,yes
1048,0.9,10,28,0.8,194,2,19,966,1975,5,1,yes
1887,3,6,17,0.2,126,8,7,1172,1798,18,16,no
1772,0.5,3,64,0.7,116,8,15,270,545,5,2,yes
1421,2.8,0,57,0.4,165,1,2,781,1657,13,8,yes
1464,0.5,0,17,0.7,153,6,8,418,1341,13,6,no
728,2.3,4,23,0.8,111,4,5,126,817,17,10,yes
954,0.5,0,50,0.3,134,2,11,228,1058,17,0,no
685,0.5,8,13,0.8,82,7,15,1091,1203,15,7,yes
1472,2.8,1,36,0.5,130,6,10,1452,1744,12,11,no
853,2,10,3,0.6,200,2,16,674,740,15,8,no
1469,2.1,0,8,0.7,123,7,0,398,1133,8,1,no
1310,2.3,6,57,0.9,135,8,9,449,889,16,0,no
1654,1.8,1,11,0.3,146,7,2,1184,1719,8,1,yes
902,0.7,3,3,0.3,134,7,9,675,1285,12,11,yes
1448,1.4,13,26,1,156,3,16,1792,1850,12,9,no
1631,0.9,2,3,0.1,198,7,12,177,1905,13,5,no
1608,1.8,7,28,0.4,183,2,13,1013,1158,15,11,yes
1991,2.7,5,64,0.9,145,2,13,1058,1325,5,3,no
1349,2,15,62,0.3,114,5,16,592,772,11,3,no
1589,2.5,5,51,0.8,195,1,18,810,1743,8,2,no
1844,2.3,1,51,0.7,158,8,3,533,882,5,1,yes
712,0.5,3,35,0.2,84,2,10,558,1208,16,12,yes
972,1.7,0,54,0.7,107,3,4,681,1050,16,8,yes
1406,0.5,2,34,0.8,98,3,5,1017,1366,9,8,yes
1289,0.9,10,25,1,178,6,12,765,899,6,2,no
932,1.3,1,64,0.7,154,7,2,1176,1224,8,7,yes
1747,0.9,6,48,0.7,94,3,19,947,1131,17,2,no
1172,2.1,4,41,0.1,95,3,7,1314,1884,7,3,no
1128,1.4,12,53,0.4,84,5,14,609,1370,14,9,no
664,1.2,0,28,0.9,106,5,5,754,1497,17,15,no
513,0.5,6,44,0.1,186,4,12,619,867,5,1,no
1742,2.3,9,43,0.4,170,7,12,453,681,12,3,yes
1512,1.7,12,6,0.7,162,7,17,205,884,15,7,yes
1986,0.5,3,51,0.1,165,8,20,282,1358,17,12,yes
965,1.5,5,13,1,109,2,14,130,998,9,8,no
1067,2.4,3,40,0.6,122,8,15,494,1989,16,14,no
1583,1.6,5,42,0.8,118,3,10,275,862,14,10,no
1653,0.5,2,37,0.9,176,4,6,447,1785,19,4,yes
1433,1.6,7,4,0.7,133,8,11,281,799,11,9,yes
765,2.9,0,18,0.1,153,7,0,6,793,11,1,no
1845,0.5,10,61,0.3,96,1,12,292,695,9,5,no
752,0.5,1,48,0.7,87,7,13,164,728,7,5,no
1948,2.8,8,16,0.1,100,5,10,631,1940,9,7,no
1077,2.5,0,45,1,174,3,4,897,1304,6,2,no
932,0.5,1,60,0.7,104,4,2,268,1078,6,1,no
1968,0.9,0,22,0.8,115,3,7,861,1259,9,8,yes
1122,1.2,9,2,0.6,120,4,14,331,790,11,2,yes
1588,0.5,0,61,0.8,159,1,13,1064,1594,18,0,no
601,2.1,4,26,0.3,101,4,18,509,548,9,1,no
1615,0.5,14,15,0.1,132,4,16,622,1256,16,2,yes
1589,2.2,2,58,0.1,128,4,4,957,1911,16,14,yes
1417,2.7,2,56,0.9,114,6,4,494,1649,11,3,yes
1697,0.7,1,34,0.1,95,1,3,236,1264,15,9,no
1330,1.3,14,3,0.3,83,5,17,980,1262,14,6,yes
1476,0.5,0,43,0.7,148,2,2,1789,1972,15,10,yes
1579,1.5,0,27,0.2,142,6,18,831,1484,16,4,yes
1277,3,0,41,0.3,200,4,3,902,1090,9,4,yes
1089,0.9,12,2,0.7,145,5,15,636,1259,13,12,yes
1663,2.5,13,27,0.3,169,4,14,831,1439,7,1,no
1949,1.8,0,20,0.8,186,5,4,518,592,17,10,no
1138,1.1,5,48,0.6,109,3,14,233,1777,6,0,yes
685,2.7,7,17,0.3,174,6,20,725,870,8,0,yes
1889,2.8,5,31,1,132,1,10,170,1106,5,1,yes
857,2,3,17,0.2,195,7,9,157,948,17,5,no
1902,2.8,6,50,0.8,124,8,9,1142,1393,11,8,no
1225,2.4,0,15,0.1,155,5,0,840,982,16,8,no
1066,1.6,5,39,0.6,131,5,17,401,1586,6,0,yes
1554,0.5,11,5,1,124,3,12,395,1579,7,4,no
1337,0.5,13,31,0.8,186,2,20,48,644,7,4,yes
1926,1.7,1,33,0.4,172,3,2,982,1157,6,1,no
869,1.3,3,34,0.1,104,2,4,478,539,13,3,no
1278,0.5,1,54,0.1,104,8,16,581,750,7,1,yes
1773,2.5,16,32,0.6,170,6,18,1215,1472,17,6,yes
1661,0.8,1,6,1,109,7,2,594,1337,9,8,yes
1438,2.2,0,32,0.6,176,7,6,683,1663,19,13,yes
1661,1.4,0,29,0.3,119,2,0,536,861,9,2,yes
1846,0.6,1,19,0.7,159,1,2,83,773,15,6,yes
1260,2,2,23,0.2,123,7,10,905,1313,12,11,yes
512,0.5,7,15,0.9,83,3,15,249,1849,18,14,yes
581,2.2,0,59,0.7,185,5,6,803,1613,19,17,yes
1872,2.3,6,44,0.7,134,3,15,459,1259,9,4,yes
687,1.3,9,50,0.6,151,4,20,584,1151,14,6,no
1062,2.5,6,10,0.9,160,1,13,1596,1807,7,3,yes
1678,2.3,11,7,0.5,192,1,14,418,1763,5,3,no
1417,0.5,10,45,0.9,166,4,19,364,1029,13,9,yes
1074,2.4,2,9,0.9,103,6,14,946,952,13,1,yes
1832,0.7,2,2,0.6,90,7,6,186,654,18,7,no
1039,1.3,0,12,0.8,200,8,0,1428,1827,7,1,yes
1059,2.4,8,61,0.1,134,3,18,1613,1916,15,13,no
1606,1.4,3,57,0.1,154,4,4,1127,1924,13,8,yes
1928,1.8,9,19,1,187,3,20,691,1580,7,2,yes
1875,0.5,11,55,0.7,91,1,17,1802,1942,7,2,yes
1128,1.1,9,46,0.9,135,8,10,751,1582,5,0,no
1748,1.7,6,14,0.5,146,3,7,859,1234,16,12,yes
1413,0.5,5,51,0.3,117,5,11,187,517,16,5,no
825,0.5,0,23,0.1,86,2,0,206,1917,8,6,yes
1589,1.4,3,26,0.1,100,8,16,1673,1759,16,8,yes
535,0.5,8,54,0.5,145,8,15,710,939,14,8,no
1780,0.5,6,27,0.1,190,4,11,1331,1463,19,17,yes
1671,0.6,7,61,0.1,129,2,11,263,848,10,4,no
1821,0.9,9,12,0.3,114,1,18,97,1803,7,4,yes
1076,2.6,3,38,0.7,119,6,8,129,915,18,3,no
532,0.8,3,8,0.1,193,5,10,1213,1354,13,5,no
777,2.6,3,30,0.9,148,5,17,189,1143,14,10,no
1217,0.5,3,17,0.5,182,4,13,628,632,7,3,yes
1656,1.6,0,16,1,117,7,2,320,899,14,3,yes
1185,1.9,0,31,0.4,152,8,7,837,1642,16,2,yes
577,2.4,8,37,0.9,161,6,20,1087,1450,11,7,yes
737,2.4,7,49,0.6,193,4,16,781,1463,7,0,no
704,2.2,4,53,0.2,186,6,6,251,1013,7,1,yes
525,0.5,5,51,0.5,137,8,11,262,1587,18,3,no
504,0.5,5,16,0.1,166,1,9,767,1665,17,15,yes
793,1.2,1,38,0.6,176,4,7,1226,1815,6,1,yes
569,0.6,2,39,0.1,184,8,9,389,739,7,6,yes
1590,1.9,3,21,1,160,5,18,920,963,11,4,yes
707,0.5,0,16,0.1,194,2,0,1027,1508,17,14,yes
767,1.9,16,19,0.2,185,6,17,271,1000,6,1,yes
1350,0.5,0,50,0.8,181,8,4,369,544,15,1,no
1117,0.6,0,31,0.2,146,2,7,1258,1627,8,7,yes
641,1.1,0,7,0.9,192,1,3,417,759,7,5,yes
1002,0.8,0,35,0.5,83,2,4,1345,1416,16,5,yes
1408,2.1,10,45,0.9,89,5,14,613,1088,8,6,yes
1900,2,1,41,0.5,190,8,6,912,1596,5,1,yes
726,2.9,0,43,0.1,101,8,0,666,760,17,2,no
1544,2.3,12,45,0.1,113,8,20,236,857,8,7,no
1454,1.6,6,21,0.2,160,4,10,186,1100,14,10,yes
1230,2.2,6,26,0.8,123,5,7,416,676,11,5,yes
1552,1.2,10,53,0.3,180,8,18,430,658,13,6,no
1519,2.1,0,32,0.7,200,1,10,168,1239,11,10,no
723,1.9,4,30,0.3,102,1,7,1467,1901,19,9,yes
1191,2.4,2,13,0.9,169,1,7,179,1813,14,6,yes
1168,1.3,9,61,0.1,90,8,10,159,1578,9,4,yes
1229,0.5,15,14,0.8,191,2,16,120,1878,17,6,yes
1758,0.5,11,13,0.6,190,8,14,762,1864,6,2,no
1290,0.5,0,3,0.1,143,6,4,600,1109,9,8,yes
574,2.8,16,38,0.1,90,6,17,286,1171,8,7,no
1271,0.5,12,32,0.1,113,7,15,1350,1949,15,14,yes
1170,1.2,4,30,0.4,83,8,15,27,1722,6,4,no
1269,1.3,14,52,0.8,118,2,15,1597,1920,18,5,no
1288,2.8,15,50,0.1,121,2,20,1177,1809,17,6,no
1366,0.7,0,34,0.1,150,2,9,402,964,13,11,no
1572,0.8,7,8,0.8,169,5,8,577,1237,6,3,yes
1627,0.9,9,32,0.1,180,6,16,52,1082,12,6,no
1701,0.5,13,46,0.9,115,2,15,364,828,11,0,no
1900,0.5,0,55,0.9,171,1,1,934,1241,15,5,yes
1974,1,4,24,0.3,80,7,13,250,545,7,4,yes
1197,0.5,9,20,0.1,129,5,10,214,1710,19,7,yes
587,2.3,4,6,0.7,170,1,16,612,1793,9,2,no
934,1.1,7,24,0.8,112,5,12,1111,1463,12,7,yes
1195,2,1,23,0.1,82,4,9,163,1100,13,9,no
1853,1,2,23,0.4,92,1,15,202,1951,14,4,no
1164,1,4,19,0.9,95,8,18,729,1704,15,3,yes
1512,0.5,8,18,0.1,88,3,17,1079,1897,12,10,yes
1232,2.9,1,24,0.3,169,5,17,361,809,16,10,no
1813,0.6,0,5,0.2,198,3,8,338,1306,9,3,no
946,2.6,17,5,0.1,166,3,20,1698,1771,15,7,no
739,2.3,2,58,0.1,88,3,4,1052,1536,7,6,yes
704,2.7,8,29,0.2,80,1,10,1108,1509,9,3,yes
1663,0.5,0,40,0.6,147,4,15,951,1545,8,5,no
1966,1.4,2,40,0.9,185,8,18,1197,1987,11,2,no
1219,1,0,17,0.7,196,5,4,473,1022,11,3,yes
612,0.7,6,35,0.6,181,5,12,1294,1337,14,9,no
1658,1.4,0,39,0.7,182,1,5,410,522,10,1,yes
1263,0.5,12,64,0.3,175,5,18,178,1883,14,3,yes
1395,2.8,0,55,0.6,118,3,1,782,1787,11,2,no
621,2.7,0,54,0.1,151,4,20,434,910,6,1,yes
652,0.5,1,58,0.6,142,3,2,464,781,18,12,yes
1175,0.6,10,25,0.1,145,2,12,137,1501,9,4,no
561,1,0,11,0.1,163,8,10,492,1176,16,2,yes
1137,2.2,6,3,0.9,173,5,7,1250,1285,15,14,no
1835,2.3,4,11,0.1,193,7,13,385,583,18,17,no
1170,2.9,2,40,0.4,169,6,5,427,684,16,8,yes
1595,0.8,0,44,0.7,85,4,20,1024,1838,14,10,yes
1719,2,0,12,0.3,122,8,7,240,904,6,3,no
1770,2.3,0,7,0.8,128,7,6,886,1552,6,1,no
1312,0.5,0,28,0.8,163,2,0,1233,1854,17,16,no
1878,1.5,5,56,0.3,139,5,13,183,559,8,2,yes
1871,2,7,20,0.1,81,7,14,88,1682,13,12,yes
922,1.5,1,35,0.9,188,7,15,1016,1383,19,6,yes
1975,1.5,6,16,0.9,128,8,11,80,655,5,4,no
1212,2.6,1,46,0.3,102,4,8,611,1715,14,3,yes
1430,0.9,3,56,0.1,179,3,5,569,906,17,8,yes
1958,1.9,0,4,0.2,190,2,3,304,637,16,5,no
1836,2.1,0,30,0.2,184,7,15,276,1230,7,3,no
557,1.6,0,24,0.5,125,3,0,1131,1315,12,8,yes
539,0.6,9,21,0.1,145,7,14,551,599,14,5,no
880,0.5,1,44,0.5,172,8,15,436,1302,8,7,yes
1369,1.8,6,34,0.5,162,1,7,553,727,18,4,yes
1109,2.7,1,39,0.4,98,1,9,1391,1787,15,10,yes
843,1.8,0,16,0.1,166,5,6,981,1096,12,1,yes
598,2.3,7,21,0.7,196,2,10,680,1173,8,4,yes
972,2.7,1,5,1,126,4,2,687,816,12,7,yes
1944,0.5,5,36,0.1,197,6,18,1060,1970,17,14,no
1225,0.7,0,2,0.6,138,7,1,217,1101,12,11,no
644,1.3,7,30,0.5,114,1,16,1140,1654,9,0,yes
1919,1.5,5,48,0.8,150,4,6,304,1191,19,13,yes
501,2.3,12,54,0.3,131,4,19,504,1089,13,12,yes
1620,2.2,0,30,0.2,185,3,3,832,1033,6,0,no
1227,1.1,0,34,0.2,130,3,3,935,1781,7,3,yes
1359,0.5,1,58,0.5,107,6,3,446,901,16,8,yes
1914,0.7,1,35,0.6,118,8,2,942,1701,17,1,yes
1645,1.8,1,21,0.7,123,7,2,897,1308,10,8,no
1063,1.1,0,26,0.8,101,5,2,1208,1232,17,16,yes
946,2.1,0,19,0.2,154,8,0,159,630,7,4,no
1231,1.2,5,54,0.8,185,3,10,632,1184,5,3,no
1397,2.9,13,9,0.5,87,6,18,1308,1991,12,1,yes
701,0.7,7,15,0.5,160,3,11,1002,1256,6,3,yes
570,0.5,2,9,0.3,111,7,5,1331,1917,14,10,no
1993,0.5,10,27,0.3,147,8,11,150,510,14,0,no
955,0.5,4,43,0.9,143,5,8,1248,1511,12,9,yes
924,0.5,0,47,0.3,167,8,6,108,1813,17,15,no
600,0.5,0,14,0.8,112,5,2,320,747,18,0,no
518,0.8,0,3,0.1,178,7,1,437,1947,5,0,yes
1063,2.5,0,31,0.9,95,6,10,295,935,16,6,no
920,0.5,2,46,0.8,149,3,3,1058,1421,6,0,yes
1715,1.9,4,3,0.1,171,5,6,79,1652,7,4,no
1841,1.3,6,14,0.6,167,8,8,593,672,7,1,yes
543,0.5,4,60,0.7,132,5,7,693,1031,14,0,no
1762,2.7,13,25,0.9,189,1,14,300,527,14,10,yes
1112,0.5,1,53,0.6,121,4,16,234,739,7,3,no
709,2,0,35,0.1,136,1,0,1545,1596,12,9,yes
1315,2.6,7,64,0.8,128,7,16,59,575,6,3,no
1762,2.5,10,15,0.3,107,8,11,1103,1364,8,3,no
1462,1.7,1,25,0.2,182,7,18,91,1478,15,5,yes
571,1.6,8,35,0.2,186,7,20,177,1282,13,5,no
666,0.5,7,54,0.4,81,3,13,58,1353,15,9,yes
1994,1.5,2,7,0.5,146,8,7,447,1435,7,0,yes
1583,2.1,11,14,0.7,148,7,16,942,1651,17,13,yes
1778,1.4,3,45,1,132,4,17,88,516,15,13,no
1926,1.1,13,50,0.2,179,6,17,371,1000,17,12,no
966,0.6,9,50,0.2,117,4,10,1446,1754,10,1,yes
568,2,1,36,0.3,179,3,4,181,1703,17,9,no
1897,3,1,21,0.5,192,8,2,1311,1935,17,6,yes
1695,0.5,6,46,0.7,200,3,9,1791,1898,16,13,yes
1623,1.2,6,61,0.9,120,7,12,1568,1832,12,10,no
914,0.5,0,26,0.7,147,4,0,706,721,12,9,yes
1721,0.5,4,33,0.5,128,4,5,871,1048,19,2,yes
890,2.2,4,44,0.5,198,8,13,1074,1873,7,3,no
600,0.5,1,48,0.8,191,3,7,501,1465,12,7,no
1677,1.8,4,11,0.7,124,6,8,271,1477,15,6,no
723,0.5,0,3,0.2,168,4,3,920,1748,15,3,no
638,1.7,11,27,0.5,102,4,17,1171,1383,7,2,no
852,1,4,62,0.7,104,7,13,293,1159,17,4,no
1979,1.6,0,32,0.2,165,7,1,833,1630,13,6,no
710,0.5,6,32,0.8,151,5,9,485,857,12,11,no
1034,2.6,2,45,0.3,190,3,4,182,1293,15,1,no
600,2.5,8,22,0.1,145,1,11,207,1162,19,1,no
1027,0.5,2,64,0.9,103,2,7,1698,1747,17,12,no
1260,0.6,5,13,1,106,6,6,165,736,13,1,no
1793,1.8,10,12,0.5,169,6,17,1086,1418,16,14,yes
675,2.3,10,60,0.9,144,5,15,192,757,7,0,yes
658,2.7,0,12,0.9,103,7,3,1156,1750,14,11,no
1694,0.6,0,34,0.3,102,7,7,377,549,17,5,no
804,0.8,12,41,0.9,89,1,13,709,818,11,5,no
1713,2.5,1,27,0.9,127,7,3,729,974,13,10,yes
706,0.5,13,31,0.1,108,3,19,543,938,8,7,yes
1362,0.5,3,25,0.8,131,7,9,553,1505,7,6,yes
1527,2.7,10,60,0.1,154,5,14,526,1116,5,3,yes
768,0.5,0,19,0.9,159,2,1,637,991,19,1,yes
1314,2.9,8,41,0.1,155,4,12,113,577,10,4,yes
705,0.5,5,57,0.9,155,6,9,1114,1374,15,11,yes
1403,2.7,2,26,0.1,164,5,3,461,1251,13,9,yes
1486,2.6,7,52,0.1,85,4,15,1430,1747,13,1,no
781,1.1,2,38,0.4,198,5,7,304,1674,13,8,yes
986,1.5,1,23,0.8,183,8,3,471,800,16,9,no
1310,1.4,0,33,0.4,105,1,14,806,1016,13,12,yes
560,2,6,57,0.3,81,3,12,80,1327,11,10,yes
1348,1.3,0,43,0.4,116,5,6,204,501,10,3,yes
1567,0.5,3,22,0.5,119,6,6,545,1621,9,1,no
1940,0.9,4,17,0.7,93,5,7,112,858,14,6,no
1979,2.9,0,19,1,176,3,9,1331,1532,8,2,yes
561,2.1,7,2,0.1,193,3,13,1055,1294,10,0,no
1717,1.3,1,62,0.7,130,1,3,609,810,6,4,no
535,1.5,1,48,0.7,113,1,4,290,811,11,10,no
1413,0.5,4,39,0.1,185,5,12,1039,1318,19,16,no
1358,2.5,0,20,0.6,135,7,0,1485,1655,5,1,yes
1519,2.9,2,30,0.7,112,7,8,1122,1702,9,5,yes
1254,1.2,2,50,0.7,108,5,6,462,1013,10,4,no
1591,2.2,3,49,0.4,154,6,7,1384,1883,17,6,no
977,2.8,2,35,0.6,165,2,15,1502,1862,19,3,yes
1640,0.7,10,21,0.8,169,7,14,589,1301,16,3,no
663,0.8,0,25,0.6,183,2,1,82,1605,6,2,yes
1744,1,1,20,0.5,112,8,3,68,718,18,7,no
1624,1.6,8,28,0.4,150,2,10,689,699,16,11,no
1108,1.3,14,2,0.3,169,7,20,208,1742,5,3,no
1188,1.4,0,9,0.6,114,2,0,1339,1558,12,11,yes
817,1.3,0,11,0.5,144,3,11,722,766,11,6,no
863,1.6,5,6,0.7,133,4,13,717,1799,10,2,yes
1397,2.4,5,3,0.2,121,3,15,433,1658,18,15,yes
1108,1,3,49,0.7,140,5,12,1298,1666,12,0,no
1068,2,1,37,0.9,184,7,13,186,1998,5,4,no
1702,2.3,12,52,0.5,145,2,15,1397,1491,16,12,no
808,0.5,0,8,0.1,192,4,1,618,1891,15,9,yes
1156,0.5,6,61,0.1,89,7,9,1214,1262,16,6,yes
1271,0.5,2,54,0.1,159,8,3,613,650,14,11,yes
696,0.5,6,51,0.3,197,3,8,649,907,18,8,yes
1981,1.9,13,45,0.3,175,6,18,193,1234,10,1,no
614,1.7,0,58,0.2,128,7,2,22,519,15,6,yes
1590,0.6,0,7,0.3,122,3,17,1464,1595,12,3,yes
1945,1.6,4,21,0.7,113,3,10,280,895,6,1,no
1135,2.8,9,43,0.4,158,1,11,690,1589,18,13,no
1049,0.6,8,2,0.3,172,6,10,39,1564,10,7,no
1807,2.1,2,49,0.8,125,1,10,337,1384,17,13,yes
984,0.5,13,42,0.8,98,7,17,1036,1611,16,8,no
720,1.4,0,61,0.6,96,7,8,1347,1733,5,3,yes
1536,0.8,12,13,0.3,105,7,20,22,1634,6,0,no
771,0.5,3,25,1,86,4,6,327,922,12,1,no
503,2.5,3,57,0.6,185,6,11,778,1291,11,8,yes
675,2.4,1,42,0.6,187,7,2,482,874,9,5,no
1936,1.9,13,34,0.2,182,7,14,591,1089,6,1,yes
1303,1,0,15,0.1,138,3,10,229,1604,12,4,yes
1004,2.9,0,35,0.2,141,6,9,901,1162,17,8,yes
1972,1.2,0,37,0.7,102,2,1,715,1648,16,0,no
1822,1.2,0,8,0.2,195,6,0,172,910,9,5,no
1159,2.8,5,18,0.5,83,1,7,681,723,8,1,no
1782,2.8,6,58,0.8,157,1,13,867,999,15,0,yes
894,2.1,16,16,0.7,168,8,20,286,1300,5,1,yes
1884,2.1,7,43,0.8,185,1,18,451,819,14,8,yes
1648,0.5,1,17,0.9,142,2,3,1119,1238,6,2,yes
798,2.4,5,4,0.2,96,3,9,526,643,15,7,no
802,2.4,1,45,0.8,157,3,9,1299,1633,8,3,no
1276,2.9,2,53,0.3,130,2,3,217,735,19,10,yes
1331,1.6,0,16,0.5,165,2,7,1109,1226,13,5,yes
1620,2.6,6,5,0.9,186,6,18,434,1339,18,14,no
1996,2.5,5,51,0.4,122,4,9,671,1445,8,7,yes
1092,2.7,8,45,0.8,185,1,10,1404,1424,12,3,yes
1018,0.7,7,63,0.1,155,5,18,856,883,10,3,yes
545,0.5,0,11,0.3,131,3,1,381,1452,15,6,yes
554,1.3,0,12,0.1,105,6,10,85,806,10,7,yes
1264,2.9,2,34,0.2,171,3,3,562,849,7,4,yes
1030,1.6,3,58,0.2,138,6,20,1111,1812,6,2,yes
1432,1.7,6,39,0.3,164,4,18,209,947,14,4,no
558,2.8,1,49,0.8,142,5,4,997,1605,10,5,yes
829,0.5,0,56,0.6,129,7,1,91,1916,12,6,yes
1741,1.8,0,14,0.7,143,8,0,730,1895,11,3,no
1849,2.3,7,15,0.4,144,5,19,606,1123,14,11,yes
733,2.1,5,7,0.2,174,7,10,445,1409,15,8,no
1872,0.9,0,16,0.5,80,2,2,286,1484,15,11,yes
1853,0.5,1,27,0.3,197,6,13,985,1005,10,2,yes
1149,2.2,4,30,0.2,106,6,5,1617,1675,17,14,no
891,0.5,9,25,0.3,196,2,19,375,1724,7,1,yes
1911,2,7,64,0.6,163,8,8,1795,1958,9,8,no
550,0.5,16,23,0.1,145,2,17,486,1930,18,5,no
576,0.8,0,27,0.1,121,2,4,757,1518,18,6,yes
1760,1.9,1,50,0.8,198,1,2,273,1704,10,8,no
969,2.4,0,45,0.3,124,7,0,491,589,18,5,yes
1160,1.1,1,63,0.7,166,3,2,762,859,18,4,yes
827,1.1,2,18,0.9,160,2,16,448,821,14,0,yes
1786,0.5,9,58,0.7,161,7,10,231,1671,9,3,yes
774,0.6,2,8,0.4,136,1,4,1713,1865,7,0,yes
819,2.5,0,11,0.2,83,8,1,438,822,10,5,no
1042,2.2,15,11,0.6,139,5,16,68,1018,18,0,no
1368,3,10,50,0.2,97,7,18,698,829,13,6,yes
1592,2.1,6,50,0.1,181,2,17,510,522,19,8,no
1067,1.8,11,14,0.2,146,1,15,965,1009,5,0,yes
1892,0.7,5,47,0.4,110,4,10,1399,1564,17,14,yes
915,1.1,6,56,0.6,187,8,17,532,1448,19,10,no
774,2.8,7,55,0.9,124,3,18,8,896,8,1,no
1848,1.4,2,42,0.7,179,2,10,154,605,11,9,yes
1501,1.1,12,2,0.2,187,1,15,198,1056,13,12,yes
1614,1.9,8,55,0.3,188,3,17,860,1330,17,13,no
911,2.9,0,46,0.1,181,5,1,461,670,9,5,no
1520,0.5,1,24,0.7,199,5,8,109,1909,13,3,yes
1647,1.4,3,38,0.3,102,6,15,193,1185,16,14,yes
1347,0.9,8,53,0.8,108,6,15,961,1008,15,3,yes
967,1.6,4,25,0.6,92,8,9,243,1642,7,4,yes
1442,2.2,0,56,0.7,145,5,3,1626,1668,11,8,no
1204,2.6,0,10,0.3,199,7,3,480,1482,11,2,no
1320,2.1,0,41,0.6,144,7,2,123,1229,11,1,no
1800,0.7,2,8,0.4,100,7,6,400,823,10,8,yes
1567,2.1,3,22,0.8,153,3,19,190,1326,15,2,no
1439,0.9,12,20,0.8,147,1,17,626,932,19,12,yes
1422,1,15,3,0.1,112,1,17,1,926,19,1,yes
1591,2.2,4,52,1,161,3,16,548,1641,10,9,yes
880,1.7,2,6,0.6,198,4,19,632,660,6,4,no
1929,0.5,0,19,1,163,6,2,349,1051,12,7,no
1642,1.6,0,5,0.4,102,5,2,1686,1889,18,0,yes
1511,2.5,3,21,0.2,114,3,18,1455,1982,10,0,no
1312,1.3,5,10,0.6,163,2,9,95,893,6,2,yes
1852,1.4,4,10,0.7,196,1,18,580,1163,13,1,yes
972,1.3,8,44,0.7,82,7,10,297,589,7,6,no
691,2.7,4,33,0.9,108,4,8,951,962,5,3,yes
807,0.5,9,8,0.3,158,5,20,667,697,17,13,yes
1113,0.6,0,25,0.3,145,1,10,1047,1312,11,2,yes
721,1.3,10,16,0.9,125,1,18,408,1862,10,3,yes
1188,1.5,0,54,0.3,198,6,2,1150,1469,12,7,no
1512,0.5,1,52,0.1,131,1,14,333,952,6,5,yes
805,0.7,0,64,0.1,97,4,14,641,704,11,6,yes
918,0.9,1,8,0.1,123,7,5,653,671,17,4,no
1320,0.5,7,48,0.2,168,5,16,103,1583,8,5,yes
1236,0.9,2,57,0.1,188,1,14,517,809,14,12,yes
1387,0.5,0,61,0.5,98,3,0,785,1151,5,3,no
1883,2.7,6,30,0.5,95,2,10,531,791,16,15,yes
839,2,0,14,0.4,175,7,3,564,1391,15,8,no
1593,1,0,52,0.7,130,8,0,761,1336,15,13,yes
1722,1,7,25,0.8,88,6,19,1179,1638,5,1,yes
1954,0.6,8,7,0.9,126,3,9,673,690,17,12,no
1788,0.5,15,2,0.3,150,6,20,472,1073,12,2,yes
1628,0.5,5,33,0.9,101,6,8,412,643,16,10,no
1965,0.5,6,4,1,84,7,9,977,1660,17,0,yes
833,2.2,4,27,0.9,124,1,6,359,1395,9,5,yes
571,0.6,1,43,0.5,141,3,8,224,783,7,5,no
1808,0.5,1,31,0.5,92,2,16,714,1208,9,1,yes
1860,0.5,2,55,0.7,83,6,3,195,799,15,0,yes
1368,1.6,4,9,0.1,115,7,7,843,1145,13,12,no
1161,1.3,0,21,0.6,126,8,12,308,1169,6,4,yes
1224,1.6,9,33,1,157,1,18,522,563,10,5,no
902,0.6,0,63,0.7,122,5,14,364,1360,18,8,yes
787,0.5,15,11,0.6,93,1,16,806,1423,8,6,yes
854,0.5,2,30,0.5,125,8,5,518,1152,5,2,yes
1184,1.5,1,48,0.6,191,1,6,519,1577,17,7,yes
1973,1.6,5,39,0.8,152,4,6,792,1181,9,0,no
510,1.7,3,35,0.8,120,3,6,382,1228,17,2,yes
966,2,8,34,0.5,118,2,10,214,1523,18,17,yes
1438,1.8,3,16,0.6,169,8,7,859,867,14,11,no
1986,0.5,7,51,0.4,95,3,9,342,774,5,0,no
1907,2,13,55,0.9,105,7,15,713,1513,14,4,yes
1489,2.4,8,32,0.6,200,1,16,172,812,7,6,no
1843,1.8,13,16,0.7,134,6,18,118,580,15,14,no
825,1.5,11,38,0.4,94,3,18,540,783,11,4,no
1286,2.3,10,16,0.1,98,2,18,18,662,10,5,no
840,0.6,0,63,0.8,137,7,19,987,1081,12,8,no
757,2.3,5,58,0.2,163,4,7,535,697,19,12,yes
814,1.1,2,41,0.8,177,2,10,1092,1406,16,6,no
1195,1.1,2,8,0.9,80,6,6,327,1001,14,2,no
767,0.8,7,10,0.5,107,4,12,517,1995,6,0,yes
1068,1.3,6,52,0.1,97,8,7,994,1500,16,1,no
994,2.8,0,56,0.5,173,3,3,491,530,5,2,yes
1550,2.5,6,21,0.8,133,2,11,268,832,16,1,no
1878,0.5,9,29,0.6,85,8,19,210,1026,18,7,no
623,2,2,6,0.1,127,3,4,144,672,17,3,no
1829,0.5,0,15,0.4,160,5,7,729,1267,16,11,yes
525,2.4,11,35,0.8,190,7,20,82,670,16,11,no
1065,0.5,0,14,0.7,89,2,2,188,928,10,1,yes
1425,1.2,9,35,0.7,127,8,14,150,1897,13,2,yes
1296,1.4,3,11,0.2,129,7,4,1222,1382,19,8,yes
642,2.8,3,34,0.8,197,2,15,331,1011,12,5,no
1664,2.9,9,15,0.5,177,7,19,1178,1929,12,7,no
1498,0.7,3,8,0.1,170,7,4,347,1076,7,3,no
981,1.9,0,2,0.1,136,3,7,75,688,19,12,no
1236,2.8,6,32,0.3,143,4,18,492,1403,16,12,yes
1673,2.8,7,9,0.1,187,3,10,65,734,9,1,yes
712,1.6,6,9,0.8,172,2,14,881,1234,13,5,no
569,0.5,10,4,0.8,170,3,19,351,1159,8,7,no
603,0.7,0,64,0.2,156,6,0,1842,1968,10,4,yes
1332,0.8,2,11,0.5,187,2,4,758,1165,5,0,no
1413,0.6,0,13,0.1,128,1,0,1323,1481,5,0,no
1064,2.9,1,34,0.2,184,6,13,1175,1569,16,13,no
1444,0.6,2,48,0.5,82,5,17,1092,1554,17,2,yes
1366,1.7,5,53,0.2,161,5,9,647,1876,17,5,yes
906,2.1,7,18,0.1,136,2,11,1102,1793,13,8,no
1554,2.7,3,47,0.7,185,5,12,319,1367,12,3,no
1187,2.3,0,21,0.2,122,6,6,215,1125,10,3,no
1156,2.7,1,30,0.9,173,3,16,945,1913,16,15,yes
1918,2.8,1,22,0.3,139,1,5,381,1203,9,6,yes
841,0.5,8,39,0.1,199,6,13,546,828,11,5,yes
730,1.3,6,6,0.9,167,7,10,1096,1155,10,1,no
878,1.3,13,31,0.5,153,4,18,575,618,9,7,no
1059,0.5,0,50,0.7,182,8,1,519,1545,5,3,yes
1578,2.9,8,3,0.9,200,1,20,342,670,17,4,no
1829,1.7,0,36,0.8,112,5,1,291,563,11,4,no
1132,1,0,8,0.1,157,1,4,1091,1293,11,2,yes
1652,0.6,4,40,1,198,7,6,352,1084,7,6,no
912,0.5,0,58,0.3,107,5,1,165,1723,17,3,no
1181,2.3,12,61,0.6,116,2,16,385,831,6,0,no
1497,0.7,5,32,0.7,92,3,9,1920,1933,6,1,no
1790,2.3,3,49,0.5,100,3,11,396,1980,6,2,yes
1742,1.6,3,49,0.8,100,1,9,1134,1469,5,4,yes
1549,0.5,4,8,0.4,158,5,7,721,1514,12,7,no
1372,2.7,7,34,0.4,193,4,17,687,937,11,3,no
1112,0.5,0,12,0.9,190,4,6,777,1119,11,0,yes
1005,0.5,0,46,0.4,133,8,17,176,1556,17,0,yes
783,1.7,9,27,0.3,150,6,11,458,1263,15,4,yes
1698,2.5,10,26,0.4,105,2,18,485,1819,5,3,yes
899,2.7,3,53,0.3,192,4,11,641,1638,19,16,yes
1062,1.5,3,45,0.2,151,3,4,798,1435,14,2,no
989,2,4,17,0.2,166,3,19,256,1394,18,7,no
1983,1.2,6,27,0.6,125,1,11,370,1197,12,10,yes
1800,3,5,53,0.3,87,1,12,191,1108,14,10,yes
1254,1.7,0,45,0.4,146,3,3,1571,1956,7,2,yes
868,1.7,0,30,0.8,83,4,0,276,1026,11,7,no
1205,0.5,3,12,0.6,175,4,6,573,614,14,1,yes
1284,2.8,0,10,0.9,155,2,14,160,516,16,2,yes
626,0.7,2,23,0.5,187,2,9,90,1334,7,5,yes
1763,2.9,1,53,0.2,101,4,20,138,806,12,9,yes
694,1.8,15,36,0.4,193,4,20,983,1230,12,8,yes
1265,0.6,4,49,0.5,90,1,5,275,687,16,11,yes
816,0.5,4,14,0.9,198,3,13,149,558,17,10,no
904,1.8,3,35,0.4,168,3,4,42,507,15,12,no
979,0.5,0,5,0.5,164,7,2,793,1670,5,2,no
1531,2,0,60,0.4,162,6,1,625,765,13,11,no
934,2,2,30,0.7,182,8,15,521,1190,10,8,yes
1624,2.6,0,58,1,200,3,11,1530,1744,13,4,yes
874,1.3,5,8,0.5,185,1,20,442,1248,6,4,no
1027,2.2,0,63,0.8,102,5,4,152,714,8,5,yes
1966,0.8,15,48,0.2,144,1,16,1242,1973,6,4,yes
1048,1.5,2,29,1,182,1,4,29,1670,11,10,no
1496,1.9,13,38,0.1,126,4,14,501,506,17,4,yes
959,1.7,15,13,0.4,155,4,16,87,736,10,9,yes
1349,2.2,5,55,0.1,105,7,7,648,1019,15,7,yes
1689,2.4,0,13,0.9,168,2,9,521,674,12,11,yes
1558,2.4,0,27,0.1,146,1,1,120,1409,9,2,yes
582,0.5,3,27,0.2,168,3,10,985,1420,19,2,yes
1485,2.8,3,44,0.1,138,4,14,341,774,14,12,no
1991,1.8,11,9,0.7,94,3,12,751,1377,17,8,no
553,0.5,2,23,0.5,119,3,3,993,1517,7,3,no
1231,0.7,2,7,0.9,113,1,7,43,1663,9,4,no
805,0.8,1,34,0.6,88,6,2,1262,1538,18,11,yes
764,1.2,1,13,1,152,8,2,361,511,18,7,no
894,0.9,5,54,0.2,130,3,15,104,541,11,5,yes
1589,2.6,9,46,0.4,84,3,16,618,940,11,9,no
1456,1.6,9,39,0.1,80,8,10,815,1666,6,3,no
743,0.5,0,33,0.3,95,2,1,1587,1659,19,10,no
1061,2.1,3,52,0.1,109,7,4,138,1330,16,12,no
1428,1.6,0,7,0.1,153,4,2,584,983,12,8,no
674,2.8,0,8,0.2,93,3,0,750,772,18,6,no
832,1.1,0,46,0.3,93,6,0,820,1366,8,0,no
1625,0.5,2,50,0.1,107,8,17,8,1219,16,3,no
907,1.4,3,42,0.2,151,1,16,171,507,11,9,no
1631,0.5,2,13,0.5,166,2,16,960,1735,12,3,no
1584,1.3,6,41,0.6,135,4,15,160,1291,10,5,yes
1382,0.5,7,13,0.3,199,2,18,612,719,16,7,yes
633,1.4,0,46,0.7,102,6,10,709,1915,19,14,no
1444,2.1,9,38,0.4,104,7,16,624,917,14,9,no
852,1.6,6,54,0.4,147,5,7,538,730,13,7,yes
922,0.7,0,47,1,157,8,14,1295,1808,17,4,yes
1745,1.5,4,57,0.1,159,3,16,1164,1908,13,11,yes
862,2.3,9,6,0.1,107,8,14,829,1977,9,4,yes
1754,2.1,1,52,1,101,4,3,199,1452,11,6,yes
1008,2.5,3,36,1,109,1,14,825,1972,6,4,no
1569,0.5,3,33,0.2,147,1,13,519,930,18,1,yes
1596,2.9,7,7,0.7,149,2,9,169,1190,14,12,yes
1807,0.5,2,61,0.1,134,6,6,1734,1968,8,5,no
1660,2.8,4,7,0.8,184,1,6,76,1165,12,0,no
1861,0.9,4,55,0.5,148,7,8,1698,1877,7,5,no
648,1.9,4,8,1,91,5,19,819,1997,8,7,yes
1379,0.5,1,19,0.3,134,8,17,387,671,11,2,yes
1910,1.7,0,34,0.6,115,2,0,985,1284,8,4,yes
1807,2,0,13,0.5,155,8,0,970,974,9,3,yes
1923,0.5,7,46,0.5,191,1,10,767,1759,10,9,yes
1345,3,7,38,0.1,162,3,11,512,1465,9,2,no
904,1.6,5,14,0.2,102,8,9,56,760,7,0,yes
1239,1.2,5,52,0.9,122,2,10,590,661,8,0,yes
1330,0.9,6,52,0.8,84,4,12,462,1304,19,6,no
516,0.7,1,30,0.9,138,1,12,126,698,17,13,no
672,0.5,0,54,0.9,95,4,11,578,1143,17,8,no
892,0.5,0,47,0.4,94,1,18,655,1782,12,3,yes
1778,0.5,0,23,0.5,101,6,11,1028,1445,19,6,no
1130,2.5,4,58,0.1,132,5,14,88,1261,17,1,no
1359,0.6,4,59,0.3,86,2,6,1692,1902,19,3,yes
1866,2.5,3,47,0.8,89,5,9,358,1782,7,4,no
1597,2.3,11,34,0.4,89,1,14,64,1667,16,10,no
1046,2.8,0,58,0.2,100,8,0,259,1040,17,12,yes
1035,0.6,2,44,0.5,99,3,3,236,1960,14,5,no
1175,1.3,2,19,0.3,164,7,9,873,1394,9,4,no
1261,0.5,0,11,0.2,90,4,0,858,1591,14,9,yes
1068,0.7,9,51,0.5,124,4,15,1405,1910,12,8,no
1713,3,5,20,0.9,104,7,17,237,890,11,10,no
1688,2.5,0,21,0.2,170,7,0,650,864,17,14,yes
1413,0.5,4,45,0.4,104,5,6,1949,1994,17,8,yes
559,0.5,10,11,0.4,82,5,14,541,823,10,4,yes
1483,2.6,13,19,0.6,146,7,19,361,1552,9,4,no
860,1.6,13,48,0.5,187,7,18,335,1463,17,2,no
1090,1.3,5,27,0.1,91,4,16,1638,1910,5,1,no
686,0.5,11,3,0.3,91,6,15,1109,1392,7,6,no
818,1.3,14,43,0.9,177,6,15,111,510,12,6,yes
1456,1.6,5,49,0.2,193,3,20,1285,1427,12,11,no
774,0.5,2,10,0.5,188,2,9,1480,1731,8,6,yes
1068,0.5,0,19,0.9,197,8,9,322,875,19,12,no
1373,1.9,1,29,0.9,141,6,12,1220,1348,15,2,yes
1777,3,3,20,0.6,188,6,5,511,616,5,1,yes
594,0.8,2,28,0.1,132,5,3,1011,1263,16,4,yes
1524,2.6,5,57,0.5,124,2,12,629,635,11,4,yes
511,0.6,12,50,0.1,175,3,16,140,622,9,7,no
1402,0.6,3,46,0.3,87,7,12,1081,1767,17,0,yes
965,0.5,15,53,1,131,8,19,297,653,12,6,no
1270,2.3,0,58,0.5,104,5,1,1512,1716,13,4,yes
919,0.5,11,13,0.3,159,1,15,275,570,8,4,no
1963,1,16,34,0.1,157,2,17,1136,1813,18,2,yes
1977,1.3,2,31,0.4,173,8,6,1145,1356,8,2,no
1881,2.2,4,51,0.3,158,5,7,477,1553,12,0,no
683,0.7,5,19,0.9,173,4,17,954,1985,16,3,yes
772,2.6,7,6,0.1,100,2,10,741,1471,13,6,yes
536,1.4,0,53,0.7,135,3,0,547,705,15,10,yes
1694,1.8,0,53,1,186,6,0,1194,1208,7,5,no
1633,1.7,3,33,0.9,111,2,19,146,906,9,0,no
1371,0.5,4,52,0.5,167,4,19,471,663,13,6,no
551,2.8,0,54,0.1,172,7,15,169,1916,6,1,yes
1221,0.5,1,28,0.5,139,1,7,1895,1976,13,11,yes
1000,0.5,12,63,0.7,179,8,18,1537,1761,11,1,yes
1986,2.7,3,64,0.2,162,4,20,236,1520,5,3,yes
1119,0.5,0,23,0.4,164,4,1,821,915,7,4,no
1699,0.5,1,59,0.5,97,4,3,466,1768,17,10,yes
1099,0.5,13,61,0.3,146,3,20,393,1096,17,10,yes
1576,2.6,7,58,0.2,90,3,16,400,631,14,8,yes
950,0.5,9,55,0.1,156,5,10,774,843,14,12,no
1081,2.5,13,49,1,99,3,17,284,519,9,1,yes
606,2.5,1,53,0.2,146,4,2,465,1152,19,12,no
502,1.5,7,37,0.2,199,2,12,705,1810,6,1,no
957,0.7,0,4,0.1,160,2,0,38,1682,12,4,no
1658,1.4,0,38,0.3,159,5,0,51,739,12,11,no
1681,2.5,6,18,0.3,167,1,7,850,1005,5,3,yes
1983,0.5,3,43,1,87,6,10,349,676,9,4,yes
1753,1.2,8,12,0.9,113,7,17,387,1595,17,16,yes
1632,1.4,0,41,0.1,132,4,1,706,1623,5,4,no
1949,1.4,7,57,0.3,145,7,11,951,1178,5,3,no
1696,1.7,1,13,0.9,97,3,2,179,772,5,0,yes
688,2.5,0,57,0.8,131,7,3,426,1964,17,1,no
1104,1.7,1,60,0.4,199,2,13,653,1413,6,0,yes
1122,2.8,0,28,0.6,184,3,4,1578,1963,14,10,no
504,0.5,2,46,0.9,172,5,14,280,1795,13,5,no
1154,0.5,12,14,0.7,156,7,14,251,1801,8,3,yes
1727,2.1,2,63,0.6,85,7,8,1463,1992,19,13,yes
1674,2.8,0,52,0.2,89,3,7,1432,1649,7,0,no
1948,2.8,5,18,0.2,135,2,14,477,571,16,2,no
1218,2.8,3,39,0.8,150,7,14,1122,1746,10,0,no
531,1.1,10,63,0.7,189,7,14,145,1903,17,1,no
1057,2.1,4,5,0.5,154,5,13,416,1055,6,4,no
576,1.2,1,30,0.8,162,8,5,847,893,11,6,yes
1960,2.1,1,7,0.2,165,7,9,868,877,11,9,yes
673,1.7,3,22,0.1,88,1,5,594,1088,7,2,no
718,0.7,0,21,0.8,88,1,7,518,830,17,11,yes
864,1.7,3,35,0.3,103,3,7,663,1805,12,8,yes
547,1.9,1,37,0.4,154,5,4,371,541,17,3,no
623,0.9,1,3,0.1,102,8,7,1749,1781,16,13,yes
1793,0.7,11,27,0.4,154,5,13,586,722,16,3,yes
1720,0.7,0,19,0.1,137,2,3,409,646,13,2,no
812,0.5,1,64,1,106,4,7,35,1309,6,0,no
980,0.5,0,33,0.9,160,6,0,1008,1758,7,5,no
643,1,9,18,0.2,187,8,12,442,1079,7,5,yes
1925,3,0,16,0.8,175,8,11,983,1087,7,3,no
1408,2.5,3,32,0.1,151,4,6,875,982,19,18,no
1522,0.7,4,28,0.2,124,1,5,952,1191,14,5,yes
587,2.5,16,51,0.6,111,1,17,244,1361,10,4,yes
1959,0.5,5,18,0.7,191,6,20,65,1055,7,4,yes
1872,0.5,3,17,0.7,89,6,6,1749,1767,17,3,yes
1043,0.5,7,42,0.1,111,3,8,716,1626,16,9,no
1809,0.5,6,23,0.7,123,6,19,433,1661,12,6,yes
1703,0.5,5,23,0.2,92,6,7,134,521,7,3,no
1095,0.5,4,45,0.5,197,1,5,179,1247,9,1,no
1414,2.6,1,27,0.6,137,4,20,804,1564,5,2,yes
1659,2.5,2,41,0.1,88,7,18,787,1515,12,0,yes
1540,0.7,1,60,0.8,197,7,12,704,822,19,0,yes
1342,1,0,31,0.6,86,7,1,991,1638,15,5,no
1189,2.3,13,8,0.5,198,3,14,379,932,9,6,no
518,2.4,0,62,0.6,128,6,0,489,710,16,12,yes
1449,0.8,3,10,0.2,144,1,12,1518,1883,10,0,yes
516,1.1,0,39,0.4,91,5,7,855,1401,8,0,yes
1569,0.8,8,59,0.9,111,3,16,1261,1383,15,2,yes
1312,0.8,0,24,0.9,156,6,0,115,1791,14,13,no
1893,0.5,1,23,0.1,179,8,3,1203,1432,15,7,no
1076,2.5,3,14,0.2,105,5,4,545,1300,7,5,no
530,2.6,1,40,0.9,118,6,2,818,1090,16,11,no
1044,2.8,7,33,0.6,129,4,13,42,1262,17,16,yes
1330,1.1,11,37,0.7,126,7,20,1103,1637,10,1,no
1836,1.1,0,14,0.7,104,5,1,168,1068,18,6,yes
1741,0.5,1,55,0.1,140,5,3,719,755,13,10,yes
1869,2.6,0,30,0.4,152,1,13,163,874,15,3,no
1331,0.5,8,55,0.9,146,3,15,1162,1531,6,2,yes
1655,0.5,6,4,0.1,105,3,12,626,1348,10,3,no
605,1.5,9,18,0.9,162,2,14,329,656,15,9,no
1245,0.6,2,30,0.7,105,5,3,330,1434,17,8,no
1709,0.8,8,58,0.8,136,2,10,956,1292,18,3,no
846,2.6,0,58,0.1,123,4,15,1140,1983,16,8,no
1403,2.5,3,62,0.9,90,4,13,217,1623,14,13,no
688,1.5,0,2,1,89,3,2,271,869,5,2,yes
775,2.5,1,10,0.1,185,7,14,444,1555,19,3,yes
1154,2,6,35,0.8,159,5,16,1003,1827,16,15,no
1375,0.5,2,35,0.1,194,2,3,227,772,15,13,yes
1827,0.8,4,61,0.9,130,7,9,253,1764,8,3,yes
1697,0.5,0,60,0.1,90,4,0,88,1046,15,1,no
741,1.5,1,14,0.3,178,5,13,334,594,19,11,yes
1672,0.5,13,32,0.7,174,1,20,1281,1896,17,4,no
514,0.7,4,57,0.1,186,3,7,168,1320,6,0,yes
1375,1.3,2,12,0.1,105,1,13,898,1687,17,1,no
989,1.8,4,55,0.7,124,1,12,46,1069,8,5,yes
1510,2.5,11,47,0.7,138,2,13,118,1170,18,6,no
1266,2.6,1,18,0.4,86,7,2,1187,1595,16,8,yes
1396,2.4,0,46,0.1,138,7,1,1191,1347,7,3,yes
808,2.3,3,45,0.8,161,1,9,526,1324,15,6,yes
1542,2.3,1,43,0.8,182,2,11,346,966,14,4,no
745,0.6,5,35,0.8,102,8,10,89,1538,14,1,no
1735,1.9,0,59,0.7,148,6,0,137,846,6,1,no
586,0.5,1,57,0.3,188,2,5,1226,1389,15,4,yes
1341,2.1,0,36,0.4,107,8,1,473,574,18,14,no
781,1.3,1,64,0.2,88,2,7,368,607,17,10,no
501,0.5,14,22,0.5,174,6,20,239,1636,17,3,no
1224,1.8,2,44,0.2,139,2,9,622,709,11,4,yes
1970,1.6,11,58,0.3,80,8,19,654,882,14,12,no
618,2.2,0,63,0.9,138,2,1,853,1781,14,3,no
1537,2.9,11,46,0.8,158,4,17,686,1305,17,14,yes
1018,2.2,8,16,0.6,153,8,10,992,1433,17,12,no
1545,1.3,15,35,0.1,173,5,20,115,1352,14,9,yes
1871,2.1,4,41,0.4,144,8,5,275,1966,15,8,no
1729,2.1,1,12,0.9,186,1,6,461,1178,9,4,yes
680,2.1,9,9,0.1,131,3,11,1428,1500,14,2,no
1106,1.9,4,54,0.7,107,3,9,614,1212,9,3,yes
635,0.6,1,50,0.3,97,5,13,193,989,13,12,no
618,0.6,8,16,0.2,143,1,14,1105,1602,16,15,no
1671,0.5,13,5,0.9,179,8,18,398,1263,16,6,yes
1562,1.2,0,52,0.1,105,7,9,480,728,13,10,yes
1975,1.9,2,31,0.9,151,1,17,775,1607,13,5,yes
831,0.7,2,62,0.7,134,8,9,1482,1490,16,12,yes
1524,1.8,0,10,0.6,174,4,1,154,550,16,5,yes
1528,1.8,3,55,0.8,129,5,6,454,1762,11,9,yes
1447,2.5,2,9,0.2,155,8,16,737,1455,12,11,no
1344,1.5,1,14,0.5,190,1,3,419,556,8,1,no
564,3,1,8,0.7,130,2,3,853,1737,9,2,yes
921,0.6,1,60,0.1,83,2,3,1211,1229,10,0,yes
1413,1.7,2,10,0.2,200,6,6,314,1606,5,4,no
831,2.4,10,55,0.5,86,6,12,172,1239,12,11,no
802,0.5,3,43,0.6,153,5,6,527,734,17,13,no
1923,1.3,3,24,1,86,4,4,874,1264,9,2,no
1193,3,10,56,0.4,196,3,17,674,864,19,11,no
904,1.2,10,31,0.8,112,3,11,657,1014,13,3,no
1285,2.4,1,51,1,140,7,2,475,500,8,0,no
1635,2.6,0,2,0.6,182,4,0,1209,1411,10,1,no
1923,1,5,14,0.9,154,4,6,15,525,13,0,yes
1851,1.9,3,12,0.9,198,6,11,293,1967,7,6,yes
727,1.5,0,32,1,131,7,1,813,1377,19,13,yes
1396,1.5,0,44,0.1,118,6,1,173,1843,7,1,yes
877,1.3,9,46,0.8,135,1,14,457,652,14,12,no
696,2.4,11,35,0.2,103,3,13,533,797,14,11,yes
1009,1,2,2,0.6,102,8,14,912,1043,7,5,no
1526,1.1,2,38,0.3,116,5,6,798,1418,7,1,yes
987,2,1,20,0.8,192,7,3,412,565,11,3,no
1414,2.2,0,49,0.5,101,4,1,130,887,13,0,no
1732,0.8,2,61,0.3,172,5,3,201,656,17,11,yes
1587,0.5,0,50,0.9,148,8,15,299,874,17,4,yes
1097,0.8,10,21,0.1,160,7,15,1277,1352,15,6,yes
504,2.8,0,40,0.5,178,3,0,626,1195,6,0,no
1159,2.7,13,28,0.2,80,8,18,378,751,10,0,yes
1910,1.4,0,29,0.6,146,7,2,333,639,8,7,yes
865,1.2,8,59,0.1,159,3,9,805,1804,16,11,yes
1930,2,11,16,0.8,186,8,12,1901,1920,17,3,yes
860,1.3,8,40,0.7,170,3,13,1573,1581,13,7,yes
1268,2.9,9,42,0.9,182,6,17,360,912,11,5,no
999,1.8,0,27,0.1,167,4,1,20,745,17,10,no
622,0.7,0,9,0.3,127,2,0,98,511,13,1,yes
1250,1.4,8,44,0.2,182,7,20,703,1011,14,1,no
763,0.5,9,51,0.3,104,5,12,273,1278,11,6,yes
1100,1.6,12,15,0.1,112,8,14,919,1344,12,2,yes
815,2,4,51,0.3,85,6,12,982,1291,5,4,yes
618,0.5,2,57,0.2,88,3,7,879,896,18,15,yes
553,2.2,0,18,0.7,136,2,1,1287,1892,12,10,no
673,2.2,2,3,0.4,84,2,9,1109,1247,19,2,yes
563,2,3,47,0.3,115,7,12,211,684,14,4,no
1590,1.5,12,14,0.5,187,4,15,1058,1109,6,5,no
1031,2.1,2,11,0.1,121,2,9,532,1247,11,7,no
909,0.5,9,30,0.4,97,3,10,290,773,12,0,yes
1880,0.5,0,7,0.6,104,4,1,890,1019,9,0,no
1479,1.8,0,24,0.1,146,6,0,327,645,12,10,no
1271,1.5,0,2,0.9,161,1,1,1260,1788,15,13,no
709,1.9,11,13,0.1,81,8,15,570,1422,17,11,yes
1744,2.8,0,62,0.7,158,1,0,621,1558,10,6,no
1314,2.2,0,40,0.8,116,7,1,328,1858,9,8,yes
1136,0.5,0,9,0.9,150,6,2,1307,1767,9,5,yes
1039,2.7,11,56,0.3,125,8,13,497,618,14,8,yes
1300,0.5,5,62,0.1,156,6,7,219,1037,15,3,no
732,2.3,7,39,0.6,188,7,11,1163,1554,19,3,yes
511,0.7,1,52,0.7,180,2,10,24,759,8,3,yes
1092,0.5,10,11,0.5,167,3,14,468,571,14,4,no
921,2.2,12,10,0.1,170,7,18,1272,1469,8,2,no
1030,0.5,4,37,0.7,147,1,8,503,551,8,6,yes
1130,1.8,0,27,0.9,101,1,8,1495,1579,14,5,no
1299,2.8,2,60,0.8,187,8,6,1333,1838,13,1,yes
1009,2.8,7,2,0.6,115,7,15,267,1841,19,8,no
1735,1.8,16,34,0.1,140,2,17,149,876,17,15,yes
1129,2.8,0,49,0.5,185,2,2,1070,1079,8,4,yes
708,1.9,0,26,0.3,116,7,1,206,620,10,6,yes
894,0.7,2,58,0.1,123,2,3,158,747,12,7,no
530,2.4,1,32,0.3,88,6,20,48,1012,17,7,no
1481,2,0,35,0.5,105,3,0,249,522,17,16,yes
1068,2.7,0,45,0.6,194,5,1,935,1499,17,7,yes
1487,0.5,6,57,0.7,84,3,12,140,768,18,4,no
1524,2.5,11,41,1,96,4,20,184,740,7,0,yes
1093,1.9,2,22,0.3,196,8,14,238,807,8,5,yes
1816,1.6,0,50,0.1,186,5,2,800,1089,11,7,yes
627,1.8,2,20,0.8,142,3,8,211,507,17,6,no
989,0.7,13,51,0.4,132,3,15,670,804,10,1,yes
1895,0.5,2,5,0.7,134,1,11,725,1335,15,4,no
805,1.7,0,58,0.9,168,3,10,81,1544,7,6,no
713,1.6,7,2,0.4,181,8,9,1211,1378,10,6,yes
864,2.5,10,24,0.7,148,4,15,1362,1378,13,8,no
1177,0.9,1,11,1,181,4,7,945,1923,8,5,yes
582,0.5,8,32,0.7,107,3,11,1043,1702,6,1,yes
1898,1.8,3,56,0.2,185,7,4,444,739,10,5,yes
1158,0.7,1,29,0.7,123,2,20,311,1796,17,9,yes
1451,0.5,5,57,0.6,181,8,12,812,1456,15,7,yes
1820,1.4,5,51,0.9,163,7,10,202,1884,11,9,no
984,0.5,3,9,0.8,140,3,20,531,707,18,15,no
580,2.1,0,24,0.4,135,4,5,404,898,12,11,yes
1263,2,0,5,0.4,146,6,3,954,1609,9,6,yes
1237,0.5,2,27,0.1,87,8,5,274,603,14,0,yes
514,1.6,7,37,0.1,172,1,9,956,1723,12,8,yes
1515,2.6,0,56,0.9,184,3,1,1438,1593,14,4,no
721,0.5,6,6,0.4,194,4,9,1446,1988,8,4,yes
603,2.5,3,35,0.7,126,3,16,692,1057,13,1,yes
1426,2.5,2,55,0.4,109,1,7,777,1032,5,1,no
1820,1.7,0,64,0.6,161,1,3,1157,1951,10,2,no
1215,1,4,16,0.1,130,4,8,454,1473,7,1,yes
697,2.7,5,20,0.4,173,2,6,478,1477,12,6,yes
717,0.5,4,10,0.6,198,1,5,217,1106,10,7,no
1348,2,5,36,0.3,145,6,6,468,741,19,1,no
1164,2.6,0,61,0.3,88,1,6,1107,1656,11,10,no
578,0.5,9,62,0.3,170,5,13,626,1134,15,12,yes
1971,0.5,0,40,0.3,186,7,19,485,922,8,7,no
1794,0.5,5,55,0.5,86,7,7,43,627,14,7,yes
1558,2.5,2,32,0.1,114,5,3,322,1385,16,5,yes
1597,0.9,4,4,0.5,85,1,19,880,1145,8,3,no
1240,1.6,0,39,0.1,146,2,9,1511,1756,13,1,yes
1994,0.8,2,7,0.6,88,8,4,667,711,11,8,no
1221,2.3,7,35,0.4,152,7,19,765,1899,19,16,yes
989,1.6,11,24,0.6,156,8,17,614,679,16,13,yes
1180,1.2,5,50,1,144,4,20,925,1252,7,3,yes
718,2.8,10,59,0.8,113,6,13,1185,1387,11,9,no
1670,1.6,0,47,0.8,139,8,15,1706,1886,16,0,no
534,2.5,1,21,0.3,164,7,9,347,1477,7,5,no
1566,0.5,0,20,0.5,126,2,0,1603,1930,14,9,yes
1935,0.5,0,29,0.6,124,5,9,806,860,9,2,yes
504,2.8,2,54,0.4,163,2,10,1207,1539,17,11,no
913,1.7,1,41,0.3,103,1,14,431,1144,15,3,no
1317,1.8,2,43,0.5,113,5,3,179,613,16,13,yes
917,0.5,1,31,0.5,88,6,2,423,909,19,2,no
712,2.5,1,49,0.6,99,6,3,1131,1743,5,0,yes
1083,1,6,52,0.9,126,2,20,925,1469,19,18,yes
1039,0.6,5,6,0.1,136,6,8,62,544,15,7,yes
1747,0.5,4,13,0.7,185,6,12,800,873,7,1,no
1449,0.5,0,52,0.6,105,6,0,211,947,5,1,no
1872,0.5,14,49,0.2,139,7,18,81,1389,16,15,no
1796,1.6,5,7,0.1,101,4,6,667,798,9,4,yes
1097,1.4,0,60,0.8,181,1,17,405,519,15,12,no
1562,0.5,1,20,0.8,172,8,10,678,1676,16,11,no
1433,2.3,8,27,0.9,153,7,12,1619,1651,18,16,yes
740,1.8,1,12,0.2,123,1,11,935,1147,7,6,yes
676,2.2,1,39,0.2,84,1,5,864,1011,13,7,no
503,1.8,1,13,0.7,131,1,4,1495,1688,19,6,yes
1020,1.5,13,7,0.7,96,3,18,870,1613,13,9,yes
896,1,3,4,0.3,111,1,4,1379,1469,12,10,yes
1824,0.8,4,19,0.9,143,2,5,1055,1738,14,1,no
1512,0.6,1,54,0.4,134,3,2,220,1838,7,3,yes
1053,2.9,7,42,0.9,126,6,17,419,1261,17,0,yes
1944,1.8,0,31,0.8,87,4,10,1111,1362,7,3,no
1174,0.7,1,25,0.8,91,2,8,1097,1461,19,7,yes
627,1.6,3,12,0.2,131,7,17,447,819,17,1,no
1602,2.7,4,46,0.6,118,1,5,273,1062,16,9,yes
1733,1.5,4,6,0.9,170,1,15,590,997,6,4,yes
586,1.4,10,8,0.5,142,8,14,116,598,9,7,yes
1528,2.4,2,37,0.2,156,8,3,306,564,15,0,no
875,0.7,2,23,0.1,110,7,7,300,1316,14,5,no
1602,0.6,12,58,0.4,170,1,13,1259,1746,17,2,yes
1426,1.6,4,12,0.7,174,5,16,1573,1694,14,9,no
1370,1.4,5,6,0.2,158,6,8,1392,1783,13,10,no
609,0.5,4,10,0.1,81,6,6,113,1524,16,3,yes
840,1.2,5,15,0.3,178,6,8,526,1728,12,2,no
991,2,2,12,0.3,158,5,6,1209,1678,11,9,no
1724,1.8,0,9,0.8,100,2,1,655,828,18,16,no
584,1.8,0,19,0.3,168,3,0,1123,1622,12,8,no
860,1.3,1,49,0.7,141,6,13,692,979,16,14,yes
1541,2.8,10,28,0.2,165,5,15,796,1052,12,1,yes
615,0.5,7,58,0.5,130,5,8,1021,1958,14,5,no
912,2.8,6,46,0.4,84,4,11,995,1310,8,4,yes
1278,1.2,10,60,0.6,172,7,14,1244,1504,11,4,yes
1365,0.6,0,31,0.3,125,4,0,293,970,14,7,yes
1702,1,7,36,0.1,177,5,9,1240,1931,8,6,no
589,0.5,1,59,0.7,146,8,4,759,1858,16,10,yes
1347,1.5,10,56,0.3,95,1,19,398,1528,13,0,yes
1644,2.8,0,44,1,137,8,0,358,791,7,4,no
956,1.9,1,42,0.1,133,7,11,403,1614,10,0,no
1089,1.4,10,2,0.1,153,7,20,211,1409,7,5,no
871,0.6,2,52,0.1,178,3,3,194,1437,14,7,no
664,1.5,5,6,0.9,164,2,19,1076,1472,11,5,no
1874,0.6,1,19,0.8,192,2,9,1238,1418,15,10,no
1928,2.6,5,5,0.8,162,5,16,229,1004,14,12,yes
888,2.6,2,33,0.4,198,2,17,327,1683,12,1,no
1077,1.7,1,58,0.8,86,7,13,135,1892,9,3,no
1023,2.3,5,30,0.2,80,8,7,5,1744,10,0,yes
1426,0.8,2,42,0.6,84,3,10,715,1163,15,9,yes
831,1.7,7,26,0.7,177,5,11,511,621,6,5,yes
1496,1.3,0,6,0.5,85,3,9,549,1383,16,1,yes
1433,2.3,2,5,0.1,129,5,11,420,784,18,15,yes
1095,2.6,0,44,0.7,103,4,5,838,1066,13,11,yes
643,0.7,3,23,0.8,156,1,9,314,1400,13,6,no
1142,1.1,0,6,0.5,198,4,0,739,1766,19,0,no
730,0.5,3,27,0.1,112,5,10,62,846,9,4,no
1901,0.5,5,41,0.6,131,2,17,3,1662,5,1,no
1510,0.6,1,32,0.7,135,3,8,963,1520,8,2,yes
1924,2.6,0,59,0.9,136,6,0,1438,1923,10,9,yes
1825,1.1,13,17,0.1,157,4,18,1621,1773,12,4,yes
1275,0.5,3,5,0.2,152,1,9,19,501,13,4,no
987,2.3,9,17,0.8,124,7,17,887,1274,11,0,no
1538,2.3,6,13,0.2,121,7,7,567,986,18,10,yes
1965,0.5,4,29,0.5,149,5,13,584,676,11,1,yes
808,1.9,7,20,0.8,185,6,14,496,974,13,4,no
712,0.5,6,27,0.5,86,2,11,1245,1309,11,10,yes
1507,0.9,0,42,0.4,123,5,0,682,888,15,3,no
912,0.7,3,47,0.9,182,3,6,724,794,7,2,yes
769,1.2,2,17,0.1,95,8,4,1384,1454,18,2,yes
948,2.3,14,22,0.1,173,5,20,257,1654,11,7,yes
507,1.9,0,39,0.7,142,1,0,17,1084,6,0,no
1384,2.8,15,60,0.1,82,3,18,983,1210,18,12,yes
1766,1.3,1,29,0.5,194,8,20,439,1306,19,2,yes
1407,1.8,5,16,0.2,170,4,6,925,1206,6,0,no
614,2.9,3,24,0.2,94,4,7,409,603,13,12,yes
1972,2.9,9,14,0.4,196,7,18,293,952,8,1,no
1039,0.5,8,47,0.2,130,8,9,384,1878,18,12,no
511,3,5,34,0.9,125,8,13,149,1285,14,7,no
1811,2.5,4,5,0.6,98,4,16,447,568,13,7,yes
1159,1.5,3,36,0.4,104,4,8,717,1206,8,7,no
1848,1.3,7,12,0.1,178,2,19,195,533,9,7,yes
1988,0.5,0,16,0.1,94,8,1,153,696,16,2,no
1469,0.5,3,58,0.5,150,7,8,1699,1850,17,16,no
1423,0.6,12,44,0.8,131,5,13,501,640,10,8,no
1974,0.5,9,10,0.8,145,6,12,530,1496,6,1,no
835,0.8,2,42,0.8,128,5,18,396,1378,15,2,yes
1429,0.6,8,42,0.9,151,5,9,670,1552,6,1,no
947,0.5,1,51,0.1,144,2,15,193,887,17,1,yes
1446,2.8,0,18,0.3,178,8,1,351,1769,8,0,yes
1332,1.3,5,7,0.8,168,7,19,846,855,19,11,no
1498,1.2,0,14,0.1,191,4,1,111,1167,14,12,no
1576,0.9,0,14,0.4,173,2,4,1213,1386,17,2,no
1398,1.6,8,26,0.8,150,1,12,755,1284,14,3,no
1885,2.4,12,14,0.6,92,4,15,1406,1517,9,6,yes
798,0.5,7,2,0.8,148,2,15,497,627,14,9,no
1436,2.5,0,42,0.9,124,8,1,1826,1836,12,5,no
1998,1.2,8,31,0.6,196,8,19,50,1356,17,9,no
1321,1.3,0,63,0.4,109,8,9,817,941,7,6,yes
1021,1.3,7,9,0.7,192,2,12,901,1793,6,1,no
1339,2.3,0,40,0.1,123,2,1,212,1269,6,4,yes
1210,1.6,9,57,0.5,111,4,20,329,1039,16,0,yes
1949,0.5,2,31,0.1,145,5,9,837,1182,7,3,no
882,0.7,9,28,0.2,151,6,16,248,884,19,11,yes
1549,1.5,0,27,0.4,113,5,7,632,1162,10,8,no
1991,2.2,1,42,0.7,82,1,13,366,613,6,5,no
796,0.5,2,12,0.5,114,1,8,174,518,7,3,no
1012,0.5,4,39,0.1,161,4,6,882,1195,8,0,no
1318,1.9,0,11,0.8,188,2,15,688,1591,12,10,no
1708,0.8,8,14,0.9,197,4,16,263,1345,19,16,no
598,0.8,8,62,0.1,117,8,9,118,764,11,2,no
541,2.3,4,51,0.4,200,8,17,1012,1226,11,2,no
818,0.5,2,23,0.2,192,5,17,586,1552,19,12,no
1414,0.5,0,15,0.8,168,2,0,294,1233,18,6,no
601,1.7,3,6,0.8,169,4,11,818,1827,14,8,yes
561,2.8,2,40,0.1,99,7,6,426,865,15,12,yes
1616,2.3,3,52,0.1,100,5,8,151,1133,7,3,no
1263,1.4,1,32,0.4,103,2,2,409,644,18,13,no
1604,1.9,0,63,0.6,93,5,2,641,1156,15,9,no
539,2,1,24,0.5,86,4,2,958,967,7,4,no
1071,2.6,0,49,0.3,199,4,5,1328,1970,6,5,no
826,0.5,0,57,0.5,135,2,0,354,530,17,3,yes
771,2.9,2,62,0.7,106,1,8,1709,1781,9,3,no
1811,2.9,0,33,0.2,132,8,2,1099,1553,8,3,no
1842,2.2,7,56,0.4,179,4,10,783,1227,16,11,yes
1420,2.8,1,50,0.1,100,8,8,194,1393,17,1,yes
1763,0.5,12,10,0.2,184,3,19,238,1893,17,12,yes
1163,1.9,6,2,0.9,133,5,20,919,1076,14,0,no
1805,0.5,0,29,0.2,182,4,2,758,891,19,4,no
610,1.6,9,52,0.4,90,4,19,1039,1273,10,4,yes
1533,1.1,18,17,0.3,160,4,20,1054,1393,8,2,yes
1924,0.5,3,63,0.3,111,2,10,122,686,13,3,no
1801,0.5,6,52,0.9,120,6,10,100,1708,14,8,no
1726,1.9,1,42,0.6,106,5,3,1221,1804,16,7,no
794,2.5,15,14,0.6,197,3,19,312,1376,19,8,yes
1686,0.5,4,28,0.8,182,5,8,599,1073,11,10,no
1444,2.1,0,6,0.9,103,1,1,1274,1340,17,5,no
1004,1.6,0,30,1,160,8,1,62,581,7,4,yes
1242,2.4,8,28,0.2,166,4,9,315,1796,11,10,no
539,1.5,6,26,0.2,137,6,8,1123,1709,18,11,yes
717,1.1,2,14,0.1,99,8,6,1878,1981,16,15,no
1540,0.7,0,29,0.1,157,7,1,318,831,11,8,no
672,0.5,7,35,0.1,99,8,17,574,1267,16,7,no
1325,0.5,0,13,1,133,4,8,1353,1915,19,3,no
950,0.5,6,55,0.1,124,8,7,86,1681,6,5,yes
948,1.5,6,18,0.3,119,4,7,340,1728,17,13,yes
1328,0.5,5,27,0.3,144,3,18,602,1156,7,2,yes
1447,0.5,3,40,0.7,184,2,5,963,1062,8,4,yes
1973,0.5,3,21,0.8,95,8,7,127,507,12,10,yes
1731,2.3,18,60,0.5,171,4,20,142,1039,9,3,no
1617,1.5,1,63,0.7,111,2,10,274,1079,19,10,yes
1791,0.5,1,33,0.5,110,5,4,371,682,17,8,yes
851,2.3,7,54,1,101,2,9,788,1007,12,2,yes
856,1.9,0,14,0.6,115,1,7,395,1027,6,3,yes
714,0.5,1,30,0.3,145,4,2,643,1527,12,10,yes
951,0.5,6,15,0.6,81,2,17,854,935,16,11,no
1303,2.1,6,10,0.4,109,8,15,1335,1873,9,3,yes
1550,2.7,2,32,0.1,126,7,5,1541,1619,12,3,no
1759,1.4,10,15,0.4,101,4,13,382,1163,18,5,no
1448,0.5,18,2,0.2,100,5,19,846,1144,9,4,yes
1987,1.9,0,50,0.7,119,8,18,960,1925,12,4,no
908,2.1,1,44,0.6,95,5,2,154,941,16,12,yes
820,0.5,2,58,0.3,160,4,4,468,694,17,7,yes
904,2.7,4,19,0.6,147,6,7,1094,1496,19,18,no
667,1.3,4,6,0.1,149,6,10,272,870,9,5,yes
1109,2.1,1,34,0.1,173,1,4,165,1103,13,5,yes
1333,1.4,3,59,0.7,183,7,5,394,1301,18,16,no
1352,2.4,5,6,0.9,92,6,9,629,1299,12,1,no
1600,2.5,1,19,0.6,88,6,9,831,1713,10,3,yes
1454,1.4,8,37,0.8,80,8,20,903,910,16,0,no
1489,2.1,0,9,0.4,169,3,1,923,1759,9,3,yes
1823,2.8,11,10,0.6,81,8,19,362,1250,5,0,yes
1581,1,9,41,0.4,172,4,19,693,850,19,9,yes
1672,1.7,1,44,0.5,172,8,4,1250,1435,11,6,yes
1283,0.7,0,27,0.2,80,4,6,1135,1923,17,15,no
630,2,9,14,0.5,180,8,13,66,1448,12,8,no
659,2.2,0,24,0.7,151,8,2,924,1877,8,1,yes
1811,0.5,0,32,1,115,6,0,204,1132,17,11,yes
688,2.5,9,40,0.2,109,5,20,376,1957,12,7,no
514,2.9,5,18,0.7,141,2,8,1083,1492,13,7,yes
1933,2.8,1,16,0.5,154,3,9,229,1473,14,2,no
915,2,8,31,0.3,91,3,20,875,1316,11,6,no
1006,2.2,4,22,0.8,135,4,8,35,991,18,4,yes
1134,0.9,2,13,0.4,92,4,19,18,903,17,8,no
599,2.9,0,64,0.3,186,8,1,103,646,5,3,no
973,0.5,5,53,0.5,196,5,7,105,588,13,10,no
1180,2.5,0,27,0.1,90,6,1,168,540,7,5,yes
1237,2.5,7,13,0.8,98,4,12,18,1004,11,8,no
659,0.5,7,5,0.3,169,8,10,659,730,16,10,no
1142,1.4,6,6,0.7,190,8,8,534,855,12,4,yes
1002,2.7,16,11,0.4,185,6,18,285,512,10,7,yes
1392,2.5,0,44,0.7,113,4,2,482,1098,8,1,yes
602,0.9,9,50,0.9,141,8,18,1571,1717,7,5,no
1249,0.5,3,55,0.8,140,3,8,605,1193,18,10,yes
531,0.5,0,12,0.5,121,4,3,158,1657,18,12,yes
1450,2.1,1,31,0.6,114,5,4,1573,1639,11,5,yes
1342,2.8,1,50,0.1,173,1,8,127,620,7,2,yes
832,0.5,5,22,0.6,198,1,8,343,1431,15,4,yes
867,1.5,0,57,0.1,159,4,0,289,724,8,6,no
1404,2.1,16,44,0.9,151,1,20,1703,1880,10,6,yes
840,0.9,6,33,0.7,150,6,7,1482,1591,10,8,no
1368,0.5,10,42,0.2,91,1,20,907,925,12,0,no
1927,0.9,3,11,0.4,190,8,12,491,1506,16,11,yes
1714,0.5,7,31,0.4,120,2,10,287,627,5,1,yes
1201,0.5,1,10,0.4,198,6,5,1151,1723,11,4,no
1796,2.3,4,44,0.9,184,2,11,1024,1363,17,7,no
1147,0.8,11,28,0.7,158,6,13,1085,1134,18,3,yes
776,1.7,0,20,1,146,4,9,991,1803,15,11,yes
510,2.6,0,33,0.1,110,6,10,1052,1897,6,2,no
1045,1.2,3,40,0.1,175,6,7,1078,1564,11,8,yes
1497,0.9,4,10,0.1,153,8,20,98,977,9,0,yes
1425,0.6,0,33,0.5,89,3,2,396,1648,10,3,yes
726,2.2,0,40,0.8,94,4,20,323,978,16,11,yes
1576,2,0,20,0.6,148,3,0,410,1551,17,1,yes
714,2.1,5,11,0.1,197,3,6,1750,1857,15,12,no
1595,1.9,1,63,0.9,88,1,20,1475,1988,18,13,yes
541,1,0,10,0.4,127,4,0,1836,1873,19,9,no
1617,2.6,14,29,0.9,113,6,20,283,676,13,1,no
1154,1.1,2,5,0.2,98,1,13,539,1240,12,0,no
1638,1,6,2,0.2,189,1,11,440,563,19,9,yes
1150,2.7,0,39,0.4,151,8,1,397,800,6,2,no
1254,2.3,0,44,0.2,149,1,10,204,1021,7,4,no
1806,2,2,54,0.1,117,1,11,347,727,13,0,yes
603,1.5,8,12,0.7,114,6,20,1003,1284,7,5,no
1834,2.1,7,40,0.1,99,4,11,0,1987,13,0,no
520,2.3,0,31,0.8,145,6,14,264,519,13,7,yes
565,0.6,1,50,0.1,158,2,8,543,703,13,6,yes
1689,0.5,11,9,0.5,150,5,15,467,675,8,4,no
742,2.3,0,21,0.7,104,8,1,875,925,11,8,no
1143,1.2,1,22,1,125,3,6,1116,1724,12,5,no
761,0.5,9,3,0.8,196,7,15,1325,1945,19,3,yes
959,1.3,0,36,0.4,196,5,14,1313,1331,19,1,yes
772,1.2,7,8,0.6,134,7,8,552,1802,7,6,no
1015,0.8,5,12,0.5,102,3,14,335,679,5,1,no
1824,1.9,9,2,0.7,103,1,14,50,1105,12,2,no
1130,0.5,1,29,0.7,130,1,14,593,1327,6,1,yes
1183,0.5,3,48,0.1,120,8,12,268,1010,8,3,no
574,2,0,26,0.5,118,6,2,382,1364,8,4,yes
1472,3,4,20,0.3,169,2,6,443,892,6,1,no
1868,0.5,2,40,0.9,179,8,17,576,884,8,2,no
1375,2.9,2,20,0.4,147,6,7,596,679,8,0,yes
881,1,1,64,0.5,160,3,6,115,636,18,9,yes
1742,0.5,5,43,0.9,176,3,7,356,1407,9,2,no
1225,0.7,6,60,0.1,107,2,15,10,1567,17,11,no
1970,0.5,0,15,1,132,2,0,1399,1684,15,9,yes
1186,0.5,2,21,0.4,160,8,4,68,584,17,8,no
1762,0.7,7,60,0.1,157,4,10,643,790,14,5,no
1731,1.4,4,4,0.5,163,6,18,809,1988,5,1,yes
852,1.8,5,8,0.8,160,5,9,683,1349,7,6,no
848,1.5,4,36,0.3,151,4,16,56,527,10,2,yes
1575,2.5,0,11,0.2,185,7,20,492,818,7,3,no
1554,2.8,7,23,0.1,105,6,18,699,1492,13,9,yes
1972,1.6,0,48,0.5,92,8,2,290,804,7,2,yes
827,0.6,9,35,0.2,87,6,17,23,826,5,3,yes
1063,1.5,7,3,0.9,155,4,10,394,849,12,10,no
1695,2.3,1,34,0.4,84,5,10,713,1742,17,6,no
1343,2.4,5,14,0.9,81,8,10,1063,1205,18,7,yes
834,0.5,2,27,0.2,123,1,16,1421,1463,11,9,no
595,2.6,0,20,0.4,122,2,18,623,816,19,11,yes
1081,1.9,13,42,0.1,101,7,17,83,816,7,4,no
911,1.4,3,14,0.7,199,4,4,1563,1692,16,3,no
844,2.2,1,22,0.9,197,7,2,777,1995,14,11,no
1335,3,3,60,0.8,180,2,4,83,559,5,2,no
1883,1.6,9,24,0.1,87,1,16,203,915,17,10,no
1128,0.5,6,33,0.6,147,8,7,938,1226,17,15,no
826,2.4,14,57,0.6,117,2,17,1077,1183,15,14,no
1650,2.3,0,38,0.7,89,1,1,773,881,14,10,yes
1162,1,0,50,0.5,104,4,10,332,866,10,3,yes
1517,2.5,2,8,0.8,169,4,18,570,1645,18,16,no
963,0.5,1,60,0.8,156,3,3,742,821,12,6,no
1837,1,5,12,0.9,103,8,6,1420,1539,8,7,yes
1028,2.8,1,30,0.1,193,1,10,1801,1923,18,4,yes
1831,2.2,4,55,1,189,8,9,1693,1790,14,3,no
571,2,5,58,0.6,101,6,11,31,1536,19,10,yes
1770,2.3,0,9,0.6,183,6,5,1098,1373,13,10,yes
970,1.3,5,59,0.2,84,7,19,1765,1786,12,0,no
642,0.5,0,38,0.8,86,5,10,887,1775,9,2,no
622,1.9,12,11,0.8,193,8,14,760,1964,5,0,yes
600,1.8,9,6,0.8,199,2,15,486,1032,17,4,no
1412,0.6,9,57,0.2,86,3,10,2,660,15,10,yes
733,0.8,7,16,0.4,138,4,12,202,1787,12,0,no
1070,3,9,19,0.8,160,7,16,90,1614,14,13,no
875,0.7,1,30,0.7,146,8,8,469,853,19,15,yes
1994,0.7,5,5,0.4,189,2,7,86,1546,12,11,no
823,1,9,18,0.2,182,5,16,1180,1350,13,10,no
1908,0.5,9,30,1,111,2,19,140,1046,19,17,yes
790,0.5,7,44,0.1,89,8,8,1100,1437,13,11,no
1330,1.8,1,40,0.5,177,1,5,194,892,9,4,yes
1660,0.5,2,15,0.7,100,8,8,440,569,12,5,no
1776,2.2,2,20,0.9,82,6,16,1563,1803,15,10,yes
1611,0.5,4,27,0.9,199,1,10,163,1011,15,2,yes
1410,0.5,0,15,0.3,92,3,1,192,1311,18,4,no
1772,1.6,17,45,0.5,159,2,18,837,1405,6,1,no
1280,1.3,0,39,1,108,7,1,356,588,6,4,yes
1712,0.9,2,23,1,155,7,19,155,663,5,0,no
1562,0.7,0,55,0.1,140,8,1,1032,1776,15,3,no
891,1.9,1,18,0.1,153,6,3,40,1435,17,16,yes
1957,1.2,18,36,0.8,151,2,19,1194,1727,16,2,yes
1110,0.6,1,42,0.9,192,5,2,1179,1262,12,8,no
875,1.4,1,43,0.6,104,8,3,902,969,14,2,no
1211,1.2,0,28,0.3,130,2,3,58,963,6,1,no
769,0.5,12,54,0.2,112,4,19,1385,1780,15,8,yes
671,2.9,7,2,0.1,95,6,19,614,1617,13,4,no
1872,0.5,5,26,0.5,172,4,10,672,1088,8,4,yes
1076,2.3,0,14,0.7,191,5,0,1088,1718,17,16,yes
1325,1.9,2,50,0.1,146,1,10,499,695,17,10,no
911,2.2,1,28,0.5,182,2,2,157,763,8,4,yes
1273,0.7,1,23,0.6,178,6,14,485,1399,8,5,no
1062,0.5,3,39,0.9,124,4,4,571,817,16,0,yes
1317,1.5,6,12,0.1,154,2,9,431,542,7,0,yes
940,2.9,0,16,0.7,115,4,1,499,1090,15,13,yes
729,2,0,14,0.6,135,6,2,563,1055,19,15,yes
1494,2.4,6,3,0.9,93,7,17,944,1003,14,13,no
1546,1.6,2,27,0.7,124,2,6,1138,1491,12,10,no
1253,0.7,0,34,0.9,113,4,10,161,647,7,3,yes
895,0.5,6,16,0.3,164,8,14,126,1575,7,0,yes
793,1.9,0,43,0.3,124,8,2,15,1196,11,9,yes
1628,1.8,11,56,0.1,136,2,13,500,1713,17,11,yes
625,2.7,2,42,0.8,138,8,3,203,1771,10,4,no
1110,1.5,2,12,0.3,153,8,5,961,1950,9,7,no
999,1.7,6,49,0.6,132,1,17,608,1970,7,0,no
1856,0.5,0,24,0.1,155,5,1,277,1155,17,6,no
1715,2.6,9,15,0.6,120,6,20,114,1849,16,2,no
1897,1.9,2,54,0.3,154,2,7,630,738,17,11,no
1202,2.4,0,19,0.1,122,2,1,404,1742,19,0,no
1171,1.7,2,19,0.3,167,7,19,248,755,6,5,no
964,2,0,22,0.7,86,8,0,225,1234,17,16,no
1973,2.4,6,46,0.1,193,4,10,699,851,6,0,yes
1992,0.6,11,2,0.1,141,1,14,649,895,10,9,no
546,2.6,5,26,1,159,5,15,416,1658,7,2,no
1093,0.5,1,31,0.6,171,2,12,1310,1420,12,0,no
1880,2,11,35,0.1,200,4,14,930,1983,17,7,no
1765,1.1,3,11,0.7,87,2,7,835,1175,6,5,no
1640,0.5,1,36,0.9,87,8,11,664,1806,6,1,yes
1830,0.5,0,7,0.9,191,6,12,460,1583,8,7,no
826,0.6,3,62,0.7,187,4,19,778,1615,17,4,no
1864,2.2,0,7,0.1,142,1,2,225,1545,10,1,no
586,0.6,16,42,0.3,121,7,17,785,1118,12,2,yes
1206,3,10,30,0.6,127,3,13,1581,1713,7,1,yes
832,0.5,1,5,0.1,165,5,2,9,1944,12,5,yes
848,2.8,1,8,0.1,103,7,3,7,1294,10,6,yes
1851,2.9,0,53,0.7,112,6,2,174,1175,6,0,no
1166,0.5,7,59,0.5,80,1,11,437,638,8,6,yes
1776,2.1,10,35,0.1,172,4,16,278,623,16,13,yes
1254,1.2,2,27,0.2,134,2,10,1288,1372,14,1,yes
1494,1.6,4,24,0.2,101,1,17,979,1190,15,12,no
984,2.2,0,39,0.5,119,8,18,56,1931,11,7,no
1179,0.8,1,5,0.9,154,5,17,913,1429,8,7,yes
513,1.9,8,27,0.4,174,8,13,282,710,16,6,yes
557,0.5,3,17,0.2,89,6,4,322,710,17,16,no
744,1.7,0,33,0.5,105,4,2,1252,1963,9,3,no
1129,0.8,9,21,0.6,116,2,10,1128,1702,11,0,no
1148,2.3,0,58,0.3,170,5,20,606,688,10,7,no
1793,2.7,12,44,0.7,175,5,17,655,1459,19,9,yes
1310,2.3,3,15,0.2,150,5,11,954,970,18,17,yes
1604,1.2,1,6,0.5,191,6,15,68,1042,7,2,no
1676,1.6,2,37,0.2,145,1,3,134,1197,14,8,yes
1001,2.8,1,40,0.2,117,3,7,922,1836,13,9,yes
1086,2.7,0,24,0.1,135,8,19,1874,1976,17,1,yes
1986,0.5,7,39,0.1,89,7,19,251,599,11,8,no
634,0.8,5,41,0.2,192,1,12,1362,1853,18,11,yes
502,0.8,7,52,1,82,6,8,281,1159,5,4,no
1641,1.1,6,48,0.7,97,8,7,224,1994,13,6,yes
623,1.4,0,15,0.2,189,3,1,778,844,14,4,yes
962,1.1,3,17,0.1,161,8,20,546,1424,14,3,no
1057,2.7,3,41,0.1,97,4,10,397,891,16,9,no
1862,1.5,1,62,1,182,1,2,386,1046,11,3,no
555,3,5,38,0.8,193,2,10,214,1970,8,1,yes
1000,2.7,1,58,1,135,5,12,461,833,7,0,no
841,0.5,6,11,0.3,81,5,14,125,675,6,5,no
865,2.9,5,16,0.1,89,4,12,335,1009,13,3,yes
999,2.6,11,56,1,165,4,13,342,1641,8,4,yes
1232,1.2,12,30,0.9,131,6,14,625,761,8,4,yes
1194,2.3,6,34,0.2,165,2,12,494,509,15,1,no
612,0.5,1,20,0.8,179,8,6,1145,1487,16,2,yes
1362,2.9,0,47,0.5,186,6,4,600,1042,19,17,yes
1469,1.7,11,44,0.5,169,2,14,484,711,15,5,yes
986,0.8,13,28,0.8,182,4,20,199,679,8,7,no
1843,2.8,1,62,0.8,104,3,7,21,832,5,4,yes
1561,0.5,10,4,0.5,134,2,13,885,1811,13,12,no
1695,0.5,2,47,0.5,189,5,13,308,1208,8,6,no
667,2.6,3,8,0.8,185,1,7,1015,1947,11,8,no
1768,2,0,2,0.8,88,7,2,1303,1814,9,6,no
1269,2.8,16,41,1,180,8,17,406,1036,10,9,yes
1109,2.8,6,57,0.9,151,1,12,124,833,15,10,no
936,0.5,14,14,0.1,164,3,17,150,1677,13,1,no
1713,2,9,5,0.7,199,6,16,108,1963,15,6,yes
1175,1.7,1,45,0.6,167,2,7,90,557,10,6,no
1940,1,0,5,0.2,194,4,1,588,1809,19,18,yes
855,0.5,2,59,0.5,159,2,3,1028,1196,16,8,yes
771,0.5,0,33,0.1,157,3,17,776,1247,16,2,yes
645,2.5,10,63,1,174,4,14,278,584,18,8,yes
1307,1.8,2,7,0.6,88,7,3,897,1103,16,9,yes
1948,2.9,4,5,0.2,136,1,13,651,700,6,1,no
1509,0.6,5,50,0.3,81,4,8,1010,1684,12,8,no
626,2.8,3,11,0.8,109,2,9,737,1759,6,1,yes
1190,2,0,40,0.2,93,5,1,1399,1646,13,7,yes
1727,2.1,10,57,0.3,158,6,18,376,1288,5,2,no
1670,3,14,62,0.5,114,8,20,1117,1330,6,0,yes
1150,0.5,4,27,1,134,1,17,234,1947,11,0,no
1208,2.9,5,16,1,175,1,19,691,1028,17,16,no
1812,1.3,4,42,1,162,7,15,380,1550,18,13,yes
770,1.5,6,61,0.2,196,4,9,603,1483,7,3,yes
1559,1.3,10,10,0.3,114,8,17,117,681,7,5,yes
1902,0.5,10,13,0.2,155,4,11,766,877,14,10,no
1751,2.5,1,4,0.6,146,8,9,1499,1952,19,14,yes
1416,1.8,0,20,0.1,93,4,0,1175,1578,10,2,yes
1288,0.5,3,61,0.2,115,6,6,988,1503,16,6,yes
1003,2.9,16,16,0.6,119,8,19,190,1905,16,7,no
1715,0.5,1,18,0.1,96,6,3,674,1375,17,2,no
1967,0.5,0,46,0.6,199,1,7,518,1374,15,2,no
962,1,14,2,0.9,125,1,20,1618,1916,16,2,no
1487,1.5,5,42,0.8,120,2,7,857,989,12,4,no
1569,1.6,4,54,0.9,190,4,6,371,665,6,2,no
1146,3,5,57,0.4,111,5,10,73,583,19,9,yes
1379,1.5,6,9,0.8,118,8,13,98,755,11,4,yes
1504,1.9,7,25,0.3,152,4,9,395,1853,13,11,yes
1945,1.2,3,26,0.7,112,6,5,1064,1540,18,7,yes
1630,2.8,0,32,0.9,80,6,1,712,1726,12,10,yes
1125,2.7,10,23,0.4,117,1,14,774,939,14,8,no
614,0.7,4,51,0.1,178,7,7,1012,1040,10,7,yes
854,1,5,17,0.9,101,4,9,730,1148,7,0,no
1470,1.7,6,45,0.1,121,1,9,777,1090,10,1,yes
1826,0.5,5,49,0.6,172,8,6,973,1633,17,9,no
807,0.5,0,37,0.2,127,4,0,245,829,5,4,no
1996,2.8,0,7,0.1,138,5,4,937,1083,17,14,no
1083,2,3,41,0.7,158,5,5,937,1164,18,3,yes
1035,0.5,14,49,0.3,178,2,15,574,1171,12,4,no
1521,1.6,5,62,0.3,143,1,9,678,1630,5,2,no
1314,2.8,13,5,1,87,4,18,82,512,17,16,no
535,1.9,5,24,0.2,190,8,19,398,1775,9,3,no
673,1.9,13,35,0.4,142,6,14,1096,1570,18,17,yes
1219,1.6,5,4,0.3,169,6,7,1419,1698,9,2,no
1606,0.5,0,33,0.9,200,5,0,157,770,11,1,no
1603,0.5,1,17,0.5,114,2,8,430,1207,17,3,yes
1958,0.5,6,52,0.4,153,1,14,1524,1848,7,6,no
695,0.5,18,12,0.6,196,2,19,1649,1829,16,13,yes
1441,0.6,0,53,0.5,106,1,12,254,954,9,4,yes
1470,2.2,4,33,0.4,138,7,10,1790,1988,18,4,no
1890,1.1,4,48,0.5,127,4,5,1438,1832,10,4,yes
1152,2.1,0,26,0.3,82,2,0,1304,1673,15,2,yes
1619,0.9,3,20,0.9,117,6,9,813,1180,7,5,yes
1002,1.8,1,45,0.7,180,7,7,948,1007,19,13,no
742,0.5,0,36,0.7,139,3,1,1161,1288,8,0,yes
1306,2.1,2,33,0.4,174,3,9,867,1258,6,5,no
1424,2.9,0,20,0.6,180,5,0,181,1199,15,0,no
942,1.4,8,27,0.5,91,4,9,754,1532,6,3,yes
1934,2.7,8,2,0.1,118,4,16,242,1127,18,1,yes
1290,1.4,19,35,0.3,110,4,20,405,742,16,2,no
930,2.1,0,54,0.9,80,1,13,1569,1763,7,1,no
1699,0.5,16,21,0.1,156,4,20,105,1099,16,0,no
1849,0.5,1,29,0.5,181,7,12,978,1986,14,4,yes
1922,0.5,15,42,0.6,153,8,16,725,1882,12,1,no
548,1,0,56,0.4,146,4,14,657,1657,17,14,yes
916,0.5,0,47,0.2,82,4,1,1147,1393,11,10,no
1783,0.5,8,14,0.6,183,8,11,910,1566,12,7,yes
1083,1.4,2,49,0.8,156,5,9,295,503,16,8,yes
1698,2.8,10,7,0.8,131,8,12,26,508,15,3,no
1969,0.8,5,7,0.2,85,8,20,332,764,16,7,no
869,1.9,0,2,0.6,197,7,3,519,533,19,0,yes
1337,2.7,0,5,0.7,200,4,1,161,1029,10,1,no
637,0.8,2,28,0.6,194,4,6,1080,1289,15,10,no
833,0.6,0,27,0.3,145,4,2,649,1290,19,8,yes
1248,2.4,6,9,0.4,89,3,8,71,1686,9,8,no
1174,0.9,7,30,1,147,4,20,744,1244,17,14,yes
1831,2.3,3,44,0.2,148,7,14,437,1113,10,5,no
1002,2.6,7,27,0.1,146,1,10,115,1111,18,15,yes
1010,2,2,8,0.9,139,5,3,547,957,15,11,no
1117,0.5,2,21,0.1,177,2,19,495,1035,15,9,yes
990,2.7,3,15,0.9,153,2,7,1466,1717,11,8,no
1564,1.4,5,26,0.1,129,6,16,117,1115,13,3,no
1065,2.8,0,21,0.1,158,5,3,760,1722,16,13,yes
1982,1.1,12,24,0.1,129,7,16,764,1873,16,14,yes
1607,1.1,6,20,1,192,2,8,776,1005,11,1,no
1066,3,6,5,0.5,167,5,7,53,1504,8,7,no
681,0.5,12,17,0.9,194,5,19,371,1702,6,1,yes
1163,2.1,0,19,0.9,132,2,1,728,818,13,0,yes
1285,0.8,4,11,0.8,199,5,7,1791,1896,17,15,yes
753,0.5,11,48,0.1,121,8,20,606,1316,11,10,no
1779,2.6,2,5,0.8,90,1,3,1225,1717,12,2,no
987,1.9,4,52,0.5,83,3,8,419,736,17,12,no
511,0.9,15,24,0.6,136,3,18,367,1264,18,3,no
1044,1.8,4,12,0.7,104,6,5,1230,1263,18,7,yes
1855,0.5,5,32,0.6,187,8,18,267,1161,7,0,yes
946,1.4,9,26,0.1,186,6,10,273,891,7,3,yes
657,1.9,2,21,0.1,110,8,8,705,1905,6,1,no
1673,1.6,2,42,0.5,182,5,6,214,679,12,4,no
731,0.5,0,28,0.5,130,8,0,424,1032,12,8,no
926,0.8,6,59,0.8,161,7,14,84,793,18,7,yes
1261,0.5,3,52,0.3,86,2,9,605,1429,9,3,yes
618,1.1,11,45,0.2,188,3,20,1175,1586,19,2,no
936,2.3,5,57,0.2,129,2,6,657,938,12,8,no
1485,0.9,0,28,0.8,158,5,1,371,1023,14,11,no
1339,0.5,10,21,0.5,80,4,11,833,1441,8,3,no
508,1.3,1,50,0.7,82,5,9,102,1195,14,4,yes
1938,0.5,5,44,0.5,121,2,9,1299,1935,18,10,no
995,1.3,1,10,0.1,104,4,3,258,1889,11,3,yes
1086,1.7,0,43,0.2,111,6,1,56,1150,11,5,no
1322,2.3,1,35,0.1,157,1,3,443,708,15,8,no
1864,1.9,2,57,0.1,181,6,6,1279,1793,19,9,yes
1944,0.5,1,26,0.5,92,4,9,313,712,19,8,yes
581,0.6,5,56,0.2,180,2,10,523,565,10,4,yes
1020,0.7,3,27,0.7,128,4,4,919,1482,18,1,yes
1936,1.3,2,44,0.1,139,3,3,570,1021,17,7,yes
1329,1.7,5,23,0.6,198,8,6,380,682,11,10,no
808,0.5,3,46,0.5,105,8,15,119,529,15,5,yes
994,1.2,4,40,0.9,164,2,17,296,839,17,7,no
1811,2,3,22,0.2,82,2,8,358,614,9,2,yes
765,2.5,3,44,0.3,88,8,11,1364,1851,6,1,yes
993,2.3,0,16,0.4,106,7,13,424,1639,14,1,yes
1136,1.6,15,32,0.5,150,6,19,961,1030,10,3,yes
719,0.5,0,23,0.4,113,6,9,431,1727,14,9,yes
733,0.6,0,63,0.3,105,7,10,950,1739,17,4,yes
1946,2.7,8,8,0.3,123,8,19,647,1849,6,0,no
1230,1.6,0,48,0.7,111,7,2,1960,1963,18,17,yes
1577,1,0,64,0.1,105,3,7,116,1432,7,3,yes
1514,1.4,3,12,0.6,138,3,4,306,538,15,3,yes
579,2.5,3,7,1,89,8,10,808,1517,12,4,yes
574,3,1,30,0.9,126,2,3,94,1334,5,3,no
1072,2.2,6,19,0.4,114,8,16,380,877,15,9,no
843,1.3,1,16,0.9,119,7,4,593,732,17,8,yes
1492,1.5,5,11,0.9,85,3,7,1684,1746,14,12,yes
1807,2.9,0,16,0.2,125,3,0,1221,1415,8,5,no
909,0.7,7,47,0.1,146,3,9,410,1643,14,10,no
1876,1.3,9,64,1,98,3,19,600,1211,17,0,yes
1436,2.4,3,23,0.3,106,5,4,189,1411,8,4,no
1251,0.5,10,29,0.7,133,6,16,308,591,11,9,no
636,0.5,8,28,0.9,152,2,15,148,742,15,6,no
1354,0.7,3,26,0.5,136,4,6,297,918,5,1,no
930,0.5,3,34,0.5,190,4,16,1050,1726,7,2,yes
1830,1,7,47,0.3,117,1,11,1191,1882,13,10,no
1424,0.5,16,23,0.6,80,4,18,1399,1663,14,11,yes
583,0.9,1,51,0.9,88,8,2,1658,1794,16,9,no
648,0.5,9,54,0.4,109,5,20,1153,1817,5,0,no
1203,0.5,0,11,0.9,109,2,12,35,510,17,13,no
1777,2.2,0,15,0.2,100,4,7,553,874,10,8,no
1299,2.8,0,64,0.5,83,6,6,46,908,19,8,yes
1494,1.9,2,47,0.4,129,2,9,207,1177,13,1,no
527,0.7,4,53,0.9,128,1,11,67,1924,13,7,no
793,2.8,1,64,0.4,179,4,2,818,1006,12,0,no
873,0.5,6,8,0.6,152,7,9,1257,1411,15,8,yes
722,1.1,12,12,1,93,6,20,138,1371,13,6,no
1250,1.5,14,20,0.4,167,5,18,11,1020,6,5,yes
1358,1.7,0,60,0.6,147,3,1,889,1635,14,10,no
1035,1.9,8,11,1,173,6,10,831,1709,17,8,no
1289,0.8,3,16,0.9,161,6,17,713,1854,14,8,no
1445,2.2,2,37,0.4,82,2,6,527,1393,17,16,yes
1702,2.3,12,47,0.6,107,2,19,1284,1643,10,0,yes
534,0.5,4,2,0.2,85,5,16,911,1220,5,3,yes
628,1.8,5,60,0.2,87,6,6,1047,1534,12,7,no
713,1.4,4,53,0.8,98,1,17,123,1477,19,18,yes
1207,0.5,0,58,0.3,112,8,0,406,681,7,3,no
683,2.1,7,30,0.1,197,7,8,927,1135,9,0,no
594,2.6,1,27,0.1,196,5,2,407,528,17,5,yes
537,2,1,55,0.3,103,7,2,1041,1430,10,5,yes
1565,0.5,0,38,0.1,121,5,1,781,1364,19,17,yes
1052,0.9,1,6,0.8,195,4,16,1191,1839,6,1,yes
713,1.6,4,63,0.7,89,2,8,103,1760,15,10,no
1766,0.5,1,16,0.6,141,5,7,125,1227,9,7,yes
584,1.7,1,19,0.4,199,4,4,919,1343,12,9,yes
1541,1.5,6,5,0.5,109,4,10,536,1656,7,3,yes
837,2.4,1,51,0.2,104,5,15,638,1831,16,6,yes
935,0.5,3,58,0.1,155,5,12,639,1087,10,4,yes
665,0.7,0,31,0.1,185,5,2,496,1804,5,2,no
680,2.4,13,34,0.4,157,2,17,686,1418,15,1,yes
877,1.5,0,17,0.1,195,7,0,1064,1985,11,8,yes
1493,1.5,13,53,0.5,102,5,16,240,1414,19,15,yes
1762,0.6,3,26,0.1,83,6,14,525,704,9,7,no
842,1.8,4,57,1,124,3,10,348,730,8,4,no
925,2.1,9,56,0.2,196,1,14,1262,1520,8,0,no
1692,2.1,4,2,0.9,106,1,17,1899,1904,9,3,yes
1576,2.2,8,5,0.7,139,3,17,258,789,5,1,yes
1065,1.7,4,48,0.3,162,6,8,1188,1948,8,0,no
958,1.6,9,60,0.4,200,1,12,730,751,10,4,yes
623,0.8,6,26,0.3,197,7,12,484,1238,10,1,no
897,1.4,1,17,0.4,171,1,2,547,1852,12,3,yes
1110,1.5,4,41,0.1,152,3,16,800,1455,16,5,yes
616,2.2,3,21,0.8,150,7,4,347,513,17,9,no
1680,1.2,6,37,0.7,168,4,7,679,1231,15,3,no
1715,1.3,0,12,0.3,94,8,6,1224,1676,15,10,yes
983,0.6,0,45,0.1,130,4,11,948,1205,5,3,yes
720,0.9,12,14,0.8,165,4,14,366,1234,14,7,no
1660,0.6,2,24,0.8,169,2,3,223,1777,12,10,yes
1564,1.5,1,42,0.7,108,2,2,1619,1962,7,0,no
592,0.8,1,52,0.9,103,7,10,332,970,5,0,yes
969,1.8,2,44,0.6,158,3,7,167,909,9,1,yes
1356,0.5,0,35,0.8,131,1,19,782,951,5,2,yes
504,1,8,14,0.5,189,7,9,881,1129,15,0,yes
1546,0.5,3,6,0.2,101,1,4,91,1317,15,11,no
689,2.9,3,7,0.8,147,2,6,487,722,9,0,no
1685,0.6,14,16,0.6,137,7,15,120,1429,6,3,yes
1792,1,3,62,0.3,170,7,8,1626,1913,18,14,yes
1786,1.2,11,61,0.1,123,3,14,74,865,14,11,no
1944,0.6,9,59,0.2,132,7,10,634,1079,19,13,yes
1077,2.5,13,49,0.6,131,4,14,334,1079,17,11,yes
648,1.8,1,60,0.1,195,4,4,931,1811,10,3,no
1702,0.5,8,2,0.6,185,6,19,921,1351,12,9,yes
1571,2.9,1,30,0.9,150,7,3,805,956,10,9,yes
856,1.1,14,19,0.7,125,6,19,1057,1931,17,0,yes
1786,2.6,6,14,1,115,4,15,616,912,18,0,no
914,0.7,1,60,0.9,198,5,4,740,840,14,8,no
1615,2.8,3,9,0.9,117,1,13,542,678,8,3,no
649,1.4,4,19,0.8,190,7,12,344,1551,18,1,no
1646,2.5,3,25,0.6,200,2,5,211,1608,8,6,no
1189,1.9,5,7,0.5,164,2,20,79,615,13,10,no
1043,2.7,3,29,0.2,83,8,17,887,893,5,3,no
1920,0.6,3,19,0.5,131,3,8,670,1152,13,0,no
1220,2.8,1,54,0.7,109,7,20,383,1249,6,4,no
1748,0.5,11,53,0.5,114,4,20,718,1109,16,0,no
907,2.6,7,44,0.2,160,3,12,144,896,13,6,no
1193,2.3,7,20,1,158,7,13,1442,1904,7,5,no
1766,0.5,1,22,0.8,122,8,4,291,1318,7,5,no
1278,1,7,24,0.8,170,3,16,1352,1775,6,2,yes
1234,1.7,8,17,0.9,174,6,15,209,725,12,9,yes
1961,1.5,10,55,0.5,100,7,20,861,1888,14,7,yes
1745,2.9,0,3,0.9,105,3,0,426,1629,5,0,no
1442,0.6,1,27,0.4,127,5,8,266,642,14,8,no
1083,2.9,1,39,1,173,8,2,523,542,8,6,yes
868,0.9,5,5,0.4,137,4,7,40,1311,13,0,yes
864,1.6,0,53,0.3,88,6,1,262,1436,18,9,no
1142,1.2,0,2,0.6,114,6,0,623,769,7,0,no
608,0.5,0,64,0.9,94,4,0,4,1351,16,8,yes
983,1.8,0,53,0.9,187,1,4,1001,1176,17,8,yes
1720,1.6,18,2,0.8,188,5,20,334,896,10,5,yes
1802,1.2,8,27,0.5,116,5,16,453,963,10,9,no
591,2.1,18,16,0.5,196,7,20,952,1726,14,5,yes
1205,2.7,5,10,0.1,163,6,10,321,1870,18,11,yes
1369,1.7,3,28,0.6,108,1,18,1451,1469,16,15,no
713,0.9,0,42,0.1,94,1,14,1048,1123,12,10,yes
1082,2.3,11,2,1,101,4,20,398,724,12,2,no
1719,2.1,0,52,0.1,187,3,1,417,520,10,1,yes
1544,2.4,18,12,0.1,186,7,20,470,844,9,4,yes
1090,2.3,1,8,0.6,128,8,8,1217,1670,17,3,yes
1991,2.8,3,15,0.1,181,1,13,298,1037,8,5,yes
1367,2.9,4,56,0.8,176,2,6,36,642,6,2,no
1179,0.5,7,32,0.3,182,2,12,85,1451,16,5,no
721,2.7,1,15,0.2,102,5,18,655,1255,10,0,yes
1549,1.8,0,62,0.7,91,4,4,167,990,7,3,yes
1349,2.1,3,46,0.9,134,6,12,212,623,11,7,yes
1799,1,1,30,0.6,123,3,9,617,1386,10,8,no
1075,0.5,2,11,0.2,122,1,16,271,1769,8,3,no
684,0.9,3,63,1,157,5,9,159,1738,17,5,yes
1837,0.5,9,36,0.9,162,4,20,786,872,14,1,yes
1619,1.9,2,21,0.4,138,1,9,46,562,7,2,no
965,1.4,1,13,0.9,197,8,2,645,1275,17,12,no
730,1.5,9,9,0.7,122,4,15,1371,1677,10,8,yes
1361,1.4,1,47,1,169,5,2,881,1382,8,7,yes
1494,1.6,3,45,0.8,158,5,4,449,790,11,9,no
1027,0.8,7,18,1,146,7,11,338,534,7,4,yes
1807,0.8,0,38,0.2,97,8,0,1332,1814,7,6,no
709,2.4,1,11,0.1,130,5,11,119,1531,16,14,yes
689,1.4,2,45,0.5,103,5,11,256,823,10,1,no
955,0.5,2,2,0.6,155,4,10,428,1254,14,1,no
1872,1.9,5,35,0.6,111,3,14,1546,1879,15,5,no
1259,1.2,0,13,0.5,97,2,0,1210,1989,17,13,yes
695,1.2,1,41,0.4,169,8,8,789,1211,5,2,no
1969,1.2,9,63,0.2,132,4,11,390,756,10,1,no
759,2.5,3,39,0.3,162,2,8,110,1317,6,2,no
936,1,1,18,0.2,153,3,18,1330,1686,12,6,yes
1176,2.1,2,62,0.5,168,2,10,674,1455,6,2,no
1802,2.7,0,10,0.6,101,7,9,253,590,14,7,no
772,1,0,23,0.6,97,7,11,317,1805,7,0,no
1318,2.4,1,45,0.1,136,2,7,183,661,18,3,yes
591,0.5,1,16,0.9,90,6,17,892,1603,5,0,no
569,2.5,0,41,0.3,124,1,1,388,605,17,7,no
764,1,9,45,0.5,124,8,11,52,539,19,1,no
1056,2.1,8,37,0.7,101,3,11,914,979,15,5,yes
1982,1.6,2,12,0.2,80,5,20,287,593,13,3,yes
1830,0.5,5,14,0.8,160,6,6,773,1353,16,3,yes
1122,0.5,0,40,0.3,156,7,14,675,1163,9,3,no
1023,0.7,2,63,0.7,153,7,8,367,1985,11,10,yes
1283,2.4,8,33,1,93,3,15,510,980,17,7,no
1602,1.6,0,35,0.1,99,7,7,1325,1800,18,17,no
732,1.3,5,32,0.4,163,8,7,1661,1836,12,2,yes
1854,0.9,0,33,0.4,195,1,0,665,718,14,12,yes
718,1.6,1,30,0.4,93,3,12,662,997,10,9,yes
897,2,3,2,0.6,154,8,10,0,994,7,5,no
1405,1.7,0,8,0.3,107,4,7,284,1036,19,6,no
798,0.6,6,21,0.5,110,2,12,661,1951,12,2,no
1035,2.7,1,40,0.2,157,5,15,757,1912,14,4,yes
1396,0.6,0,37,0.7,134,4,15,560,1177,18,3,yes
1749,0.5,7,49,0.8,178,1,8,470,775,5,4,yes
1588,2.5,12,4,0.3,148,5,20,146,822,5,3,no
1600,0.5,1,16,0.3,94,4,16,1315,1710,9,5,no
1522,2.2,4,21,0.7,162,6,11,533,1696,15,9,yes
1279,2.5,5,7,0.5,105,6,6,560,1633,7,2,no
719,2.9,7,6,0.7,102,6,8,405,1141,9,1,no
544,0.5,2,7,0.2,129,5,15,227,610,13,4,no
1007,2.9,5,21,0.8,185,8,12,479,831,8,6,no
590,1.2,0,32,0.4,141,6,1,227,509,10,0,no
1788,0.5,0,6,0.2,141,6,16,149,1022,7,5,no
748,1.4,0,25,1,110,7,14,88,709,17,5,yes
757,0.9,4,64,0.5,157,7,5,114,819,6,5,no
1561,1.6,1,27,0.8,174,3,10,662,874,12,7,no
1327,2.8,10,23,0.5,89,7,16,441,1721,7,5,yes
797,1.5,4,18,0.6,81,8,20,888,1466,9,3,yes
727,2.5,0,64,0.2,193,1,9,664,711,9,1,no
686,2.7,0,36,0.1,194,4,1,64,745,10,0,no
1515,2.1,4,24,0.9,176,5,6,747,1247,6,5,no
555,0.5,2,17,0.2,163,5,12,956,1010,19,14,yes
1589,0.6,0,5,0.8,112,5,2,776,1397,7,5,yes
1976,2.6,6,45,1,136,4,19,652,1933,11,1,no
1884,1,3,24,0.5,149,6,4,1168,1179,15,8,yes
1063,2,0,27,0.2,86,6,7,201,582,12,5,no
672,0.6,13,61,0.1,194,5,20,724,1127,14,10,yes
635,0.5,9,16,1,110,7,17,599,1299,19,17,no
1906,1.9,3,55,0.2,113,3,4,3,629,13,5,yes
1753,0.7,4,40,0.6,191,4,11,1652,1983,8,2,yes
659,1.4,2,3,0.1,85,8,6,190,657,10,1,yes
1583,1.2,0,14,0.2,148,2,4,1171,1673,13,6,yes
1783,2.9,2,42,0.7,104,6,8,1081,1979,14,5,no
1667,1,0,21,0.9,138,2,0,1211,1396,17,7,no
640,1.3,5,6,0.6,143,8,20,976,1353,15,7,no
1913,1.8,0,29,0.6,111,5,4,675,742,17,13,no
538,1.1,0,25,0.3,163,7,7,455,537,9,3,yes
1191,0.8,6,46,0.8,89,6,9,42,807,19,18,no
816,3,2,9,0.1,117,1,3,1196,1651,10,3,yes
915,0.5,9,33,0.3,199,2,16,503,986,7,3,no
1157,0.8,7,27,0.1,88,8,8,1694,1798,8,4,yes
1201,0.5,2,10,1,99,7,7,306,558,15,6,yes
1379,1.1,1,18,0.2,129,2,16,838,885,10,5,no
1483,2.2,3,53,0.7,169,5,11,291,651,6,3,no
1614,1.2,1,9,0.1,161,3,2,173,1219,15,8,no
930,1,4,4,0.9,144,8,10,1017,1289,13,10,yes
1454,2.6,8,6,0.4,199,3,20,698,1018,10,0,yes
1784,1.6,4,41,0.4,164,6,20,610,1437,14,1,no
1262,1.8,12,34,0.1,149,5,16,223,737,13,3,yes
797,2.2,0,37,0.9,144,7,2,206,1167,9,5,no
1829,2.1,8,59,0.1,91,5,15,1457,1919,16,6,yes
1139,0.9,6,58,0.5,161,2,11,742,999,9,4,no
618,1,9,13,0.1,80,4,15,591,724,15,12,no
1547,2.9,2,57,0.4,114,1,3,347,957,9,2,yes
586,2.8,2,15,0.2,83,3,11,241,854,12,8,no
1617,2.4,8,36,0.8,85,1,9,743,1426,5,3,no
1882,2,11,44,0.8,113,8,19,4,743,19,8,no
674,2.9,1,21,0.2,198,3,4,576,1809,6,3,yes
1467,0.5,0,18,0.6,122,5,0,888,1099,15,11,yes
858,2.2,1,50,0.1,84,1,2,528,1416,17,16,no
794,0.5,0,2,0.8,106,6,14,1222,1890,13,4,no
1965,2.6,0,39,0.2,187,4,3,915,1965,11,10,yes
1911,0.9,1,36,0.7,108,8,3,868,1632,9,1,no
1512,0.9,4,46,0.1,145,5,5,336,670,18,10,yes
510,2,5,45,0.9,168,6,16,483,754,19,4,yes
