Vmag,Plx,e_Plx,B-V,Amag
6.86,1.79,0.81,0.047,13.124266
7.91,2.65,1.01,1.23,15.02623
5.23,9.49,0.82,1.396,15.116331
5.92,22.33,0.95,0.407,17.664444
5.66,4.29,0.7,-0.113,13.822287
9.3,4.36,1.46,0.972,17.497433
8.33,4.24,0.85,1.141,16.46683
8.03,2.51,1.17,1.077,15.028368
8.25,10.52,0.72,0.589,18.360079
9.23,1.69,2.05,0.489,15.369432
7.42,1.6,0.79,1.524,13.4406
8.39,15.15,1.24,0.816,19.292065
7.93,5.91,0.94,0.237,16.787937
9.66,14.15,1.66,0.684,20.413782
7.71,2.77,0.76,-0.041,14.9223995
5.94,10.57,0.72,0.975,16.060375
7.26,5.48,0.82,1.061,15.953903
8.98,3.54,1.3,0.569,16.725016
4.74,10.49,0.77,0.032,14.843876
7.91,3.03,0.95,0.983,15.317213
10.21,-1.3,1.21,0.138,15.7797165
8.75,0.29,1.14,1.771,11.06199
8.93,0.81,0.91,1.573,13.472425
8.71,1.19,0.8,0.864,14.087735
9.7,2.1,1.55,0.418,16.311096
,269.05,7.57,1.85,29.249165
,9.29,1.09,,18.570078
5.55,8.75,0.8,0.901,15.26004
9.08,5.23,1.28,0.482,17.672508
7.11,0.41,0.83,0.738,10.17392
6.95,0.57,0.73,0.414,10.729374
8.7,1.3,0.77,1.33,14.269716
6.14,6.65,0.66,0.998,15.254108
6.89,11.66,1.54,0.362,17.223492
10.58,0.91,1.71,-0.057,15.375207
5.97,3.86,0.98,1.584,13.902937
6.58,5.18,0.71,1.189,15.1516485
9.13,12.93,1.4,0.652,19.687992
8.6,0.75,0.93,1.5,12.9753065
7.58,3.43,0.86,1,15.25647
8.98,4.94,1.1,0.94,17.448635
9.01,4.43,1.33,1.015,17.24202
12.31,18.8,4.99,1.336,23.68079
6.24,9.58,0.95,0.98,16.146828
7.29,5.38,0.95,1.064,15.943912
9.48,1.93,1.16,1.087,15.907785
9.82,4.88,1.51,1.18,18.262098
6.08,11.94,0.74,0.133,16.465023
4.72,16.89,0.56,1.047,15.858149
8.41,13.02,1.01,0.53,18.983055
7.61,5.55,0.92,0.254,16.331465
8.64,5.82,0.78,0.348,17.464615
9.07,9.23,1.05,0.503,18.896008
9.27,5.02,0.82,0.508,17.77352
7.96,7.76,0.84,0.181,17.40931
7.59,5.36,0.88,1.005,16.235825
6.37,9.42,0.79,1.006,16.240253
8.05,5.94,1.03,0.895,16.918932
8.07,0.49,0.9,0.535,11.52098
10.59,-4.78,4.18,0.962,18.98714
9.17,16.94,0.99,0.78,20.314568
8.08,5.31,0.94,0.43,16.705473
9.51,1.93,1.03,1.062,15.937786
7.46,24.42,0.68,0.537,19.398727
4.49,27.91,0.56,0.164,16.7188
9.84,1.04,3.63,0.398,14.925167
9.48,5.3,1.35,0.6,18.10138
9.83,2.3,10.4,0.587,16.63864
9.01,1.44,0.98,1.122,14.801813
6.39,3.48,0.76,-0.103,14.097897
8.76,23.8,1.21,0.746,20.642885
9.13,1.38,0.79,0.239,14.829395
9.31,9.35,1.26,0.539,19.164059
9.65,5.77,1.62,0.52,18.45588
9.09,1.78,1.09,1.223,15.3421
8.05,8.64,0.75,1.072,17.732569
8.72,9.95,4.09,0.428,18.709114
9.39,6.77,1.23,0.9,18.542944
8.59,14.36,2.44,0.616,19.375772
9.17,6.55,1.23,1.015,18.251205
8.36,1.08,1.05,1.41,13.527119
7.84,1.71,0.96,1.274,14.00498
7.72,8.2,1.03,0.416,17.289068
8.73,0.47,1.29,1.326,12.090488
5.12,10.55,0.69,-0.06,15.236262
9.71,-0.04,1.5,0.442,7.7202997
8.66,4.6,1.09,0.16,16.97379
6.18,7.77,0.72,0.315,15.632105
9.45,2.07,1.37,1.115,16.029852
8.28,2.29,1.08,0.984,15.079178
9.21,0.53,1.02,0.142,12.831379
7.64,4.43,0.73,-0.048,15.872019
7.86,3.85,0.96,1.153,15.787304
8.04,4.6,1.05,1.039,16.35379
8.85,4.41,0.77,0.585,17.072193
9.13,3.68,1.25,1.066,16.95924
9.32,3.94,1.17,0.319,17.297482
8.55,4.39,1.09,1.205,16.762321
5.7,13.25,0.71,1.005,16.311077
8.61,6.53,1.1,0.52,17.684566
9.08,3.67,1.33,1.094,16.90333
9.05,0.28,1.09,1.561,11.2857895
6.97,3.08,0.71,1.52,14.412753
8.82,15.28,1.18,0.602,19.740618
7.45,2.99,1.06,1.535,14.828356
8.51,11.77,1.2,0.613,18.863882
5.76,122.75,1.41,0.88,21.205109
10.12,4.68,1.27,0.459,18.47123
10.14,2.5,1.63,0.516,17.1297
7.73,1.64,0.85,1.409,13.804219
5.43,4.88,0.8,1.64,13.872099
7.79,5.54,0.82,0.334,16.50755
7.28,12,2.24,0.192,17.675907
6.91,12.89,0.62,0.314,17.461264
10.19,3.9,1.68,0.37,18.145323
9.15,8.21,2.41,0.424,18.721714
8.65,7.24,1.88,0.476,17.948692
8.86,14.08,1.18,0.552,19.603012
6.28,8.4,0.71,0.897,15.901396
8.62,2.87,1.11,0.196,15.9094095
4.25,48.94,0.53,0.48,17.698318
9.07,8.41,1.26,0.502,18.69398
7.15,53.09,1.02,0.769,20.775064
8.99,12.99,0.94,0.585,19.558044
5.3,9.47,0.81,0.891,15.18175
7.59,12.66,0.93,0.481,18.102169
9.05,10.89,1.1,0.641,19.235138
7.84,14.21,1.19,0.654,18.60297
7.33,5.78,0.89,1.033,16.139639
8.49,13.16,1.04,0.575,19.08628
3.86,23.93,1.22,0.13,15.754713
6.25,5.34,0.77,1.368,14.887706
9.48,0.22,1.75,1.061,11.192113
7.52,3.38,0.75,1.212,15.164583
7.01,7.7,0.81,1.078,16.442453
9.6,-0.71,1.41,1.205,13.856293
8.17,4.33,0.8,1.127,16.35244
7.06,3.01,0.8,1.314,14.452833
8.98,2.35,0.86,1.018,15.835339
7.72,7.38,0.77,0.542,17.060282
7.95,6.12,0.97,1.067,16.883757
9.6,1.52,1.75,0.496,15.509218
7.43,8.34,1.04,0.325,17.03583
8.79,-0.24,1.29,1.504,10.691056
8.76,3.22,0.83,0.95,16.29928
7.7,9.52,1.07,0.559,17.593185
4.39,10.15,0.6,1.597,14.422329
8.18,2.38,1.02,1.508,15.062885
9.94,5.79,1.76,0.626,18.753391
7.86,1.57,0.95,1.419,13.8394985
8.54,1.63,1.09,0.97,14.600939
10.14,3.22,2.78,0.42,17.67928
7.79,0.82,0.94,0.883,12.359069
7.46,4.15,0.66,1.072,15.5502405
9.1,7.1,1.19,0.918,18.356293
8.04,2.27,1.03,1.046,14.820129
8.45,2.74,1.11,1.093,15.638753
5.9,17.7,0.99,0.944,17.139868
7.69,5.21,0.98,0.354,16.274189
9.85,1.1,1.55,0.74,15.056964
8.84,3.09,1.2,1.106,16.289793
9.16,0.5,0.97,1.074,12.65485
8.7,2.05,1.29,1.091,15.258769
8.71,-2.76,1.15,0.336,15.914546
7.69,2.97,1.11,1.45,15.0537815
9,1.88,0.82,1.393,15.37079
8.69,7.03,0.77,0.969,17.924776
7.64,2.48,0.94,1.454,14.612258
9.09,5.75,1.22,0.379,17.88834
9.27,0.25,1.21,1.146,11.259701
8.49,4.61,1.26,0.34,16.808504
8.9,8.46,1.38,0.57,18.53685
8.61,1.24,1.12,0.978,14.077108
8.85,2.01,1.43,1.14,15.36598
7.21,7.94,0.88,1.246,16.709103
6.24,7.78,0.81,0.976,15.694898
7.51,5.66,0.82,1.112,16.274082
8.2,8.59,0.86,0.837,17.869965
10.9,0.82,1.83,0.469,15.469069
9.14,2.85,1.4,1.041,16.414225
10.11,7.4,1.65,0.566,19.456158
7.21,14.49,0.94,0.406,18.015343
7.36,12.53,0.72,0.36,17.849754
8.76,-0.13,1.41,1.551,9.329717
7.88,5.78,1.04,0.383,16.68964
7.85,4.42,1.13,0.168,16.07711
4.77,15.54,0.82,0.998,15.727255
8.66,4.01,1.06,0.391,16.675722
5.88,6.54,1,1.52,14.957889
8.58,3.38,1.29,1.535,16.224583
8.73,15.32,1.34,0.707,19.656294
6.2,17.86,0.88,0.459,17.459408
6.04,7.07,1,1.081,15.287097
9.17,4.17,1.23,1.016,17.27068
7.95,11.36,1.08,0.818,18.22689
6.35,2.24,0.74,-0.027,13.10124
10.95,1.57,3.06,0.37,16.929499
6.18,5.79,0.76,1.544,14.993393
9.29,7.89,1.37,0.657,18.775385
8.48,9.21,0.68,0.511,18.301298
6.2,7.77,0.82,1.237,15.652105
9.34,8.03,1.45,0.546,18.863579
7.89,62.41,1.6,1.251,21.86627
8.53,0.3,0.86,1.315,10.9156065
8.59,3.66,2.35,-0.001,16.407406
7.13,3.16,0.96,1.64,14.628435
8.64,0.65,1.16,0.95,12.704567
10.17,2.69,1.46,0.472,17.318762
7.09,2.16,0.77,0.137,13.762269
8.65,1.64,1.02,1.221,14.724218
8.67,7.85,1.17,0.513,18.144348
7.76,5.33,0.71,1.095,16.393637
9.67,2.16,1.14,1.244,16.34227
6.11,1.75,0.83,1.674,12.325191
6.88,22.39,0.87,0.448,18.63027
7.86,1.99,0.77,1.671,14.354265
7.01,6.83,0.98,0.967,16.182104
5.86,11.37,0.76,-0.039,16.138802
7.36,7.25,0.62,0.006,16.66169
9.75,2.96,1.56,0.735,17.106459
7.61,2.86,0.83,1.285,14.89183
6.33,8.26,0.63,0.947,15.9149
8.97,2.26,1.12,1.294,15.740542
8.74,1.92,0.83,1.227,15.156506
2.24,14.27,0.57,1.17,13.012119
10.24,3.82,3.43,0.402,18.150318
6.68,20.41,0.58,0.987,18.229216
8.07,5.78,0.7,0.328,16.879639
4.89,52.94,0.77,0.487,18.508919
9.12,3.79,0.94,0.58,17.013195
7.34,4.39,1,1.131,15.552322
8.9,2.74,1.19,1.064,16.088753
7.15,23.3,0.86,0.712,18.986778
8.96,1.78,2.76,0.188,15.2121
9,2.24,1.16,0.003,15.75124
8.45,4.11,1.1,0.415,16.519209
7.71,5.02,0.87,1.038,16.21352
8.66,3.71,1.14,0.264,16.50687
8.88,1.24,1.13,0.428,14.347109
8.12,5.83,1.07,1.117,16.948343
5.29,36.46,1.01,0.395,18.099083
6.17,10.21,0.7,0.066,16.215128
9.6,25.59,1.39,0.958,21.640352
8.4,2.9,0.72,-0.057,15.71199
9.59,8.53,1.43,0.515,19.244745
8.78,2.69,0.87,1.288,15.9287615
9.04,8.25,1.29,0.49,18.622269
7.15,7.65,0.85,0.222,16.568308
9.1,1.88,1.29,1.236,15.47079
10.1,8.64,2.25,0.67,19.78257
9.84,5.59,1.26,0.723,18.57706
7.71,7.73,1.13,0.5,17.150898
7.53,4.28,0.87,1.129,15.68722
8.77,8.55,1.12,0.38,18.42983
8.35,6.55,1.18,0.478,17.431206
6.49,4.63,0.54,0.983,14.817904
9.31,1.66,1.41,1.285,15.410541
9.17,5.45,1.34,0.558,17.851982
5.63,100.24,0.68,0.804,20.635204
5.57,3.32,0.54,-0.023,13.175691
5.55,14.67,1.72,-0.048,16.382149
8.9,12.93,1.21,0.671,19.457993
9.99,3.69,1.45,0.532,17.82513
8.61,5.44,0.77,0.468,17.287994
9.14,1.88,1.28,1.245,15.51079
9.06,6.43,1.25,0.404,18.101055
7.86,3.45,1.08,1.255,15.549095
7.64,11.63,1.11,0.479,17.967897
8.61,2.9,1.1,1.337,15.921989
8.1,1.5,1.08,1.227,13.980456
8.57,2.61,1.09,0.934,15.653202
9.58,4.92,1.34,0.593,18.039825
9.28,0.97,0.98,1.181,14.213859
6.69,7.47,0.81,0.999,16.056602
8.51,-0.48,1.67,0.219,11.916206
7.45,4.36,0.79,0.045,15.647432
8.78,4.9,1.73,0.474,17.23098
8.01,1.4,0.93,1.551,13.740641
8.4,15.59,1.43,0.566,19.364231
8.39,6.48,1.24,0.458,17.447876
8.47,9.52,1,0.433,18.363186
5.45,3.19,0.77,0.886,12.968954
9.28,8.41,1.26,0.651,18.90398
5.76,6.25,0.83,1.185,14.739401
8.96,5.89,1.34,0.503,17.810577
7.73,13.47,0.89,0.401,18.376839
7.52,5.62,0.64,0.842,16.268682
7.98,3.87,0.95,1.13,15.918554
7.24,9.61,1.04,0.286,17.153618
9.49,4.92,3.74,1.232,17.949825
2.01,49.48,0.99,1.151,15.482148
8.75,4.47,1.83,0.505,17.001537
9.6,9.55,1.55,0.712,19.500017
8.16,11.86,1.23,0.495,18.530424
9.78,7.87,1.54,0.771,19.259872
6.98,4.97,0.6,1.378,15.461781
6.93,0.65,0.66,0.24,10.994566
7.85,6.06,0.7,1.186,16.762363
9.37,2.82,2.33,0.5,16.621246
7.66,1.53,0.99,1.405,13.583457
9.46,4.77,1.47,0.944,17.852592
6.56,6.05,0.87,1.074,15.468777
6.68,5.13,0.79,0.986,15.230587
8.03,16.81,1.01,0.725,19.157839
8.84,4.37,1.17,1.042,17.042408
8.71,1.3,1.25,0.977,14.2797165
9.45,4.27,1.35,0.381,17.602139
10.21,7.12,1.93,0.483,19.4724
8.17,15.34,1.1,0.636,19.099127
6.09,27.18,4.3,0.632,18.261248
7.17,1.16,0.82,1.537,12.4922905
9.27,11.26,1.24,0.652,19.527693
5.52,57.63,0.64,0.551,19.323244
5.66,7.64,0.83,1.35,15.075466
6.87,3.59,0.83,1.638,14.645473
9.33,1.86,1.32,0.488,15.677565
7.33,2.47,0.77,1.64,14.293485
7.71,5.1,1.09,1.368,16.247852
9.69,9.67,1.46,0.703,19.61713
7.93,14.15,1.45,0.775,18.683783
8.38,3.53,1.3,0.781,16.118874
9.12,8.1,1.18,0.666,18.662426
9.27,11.94,1.24,0.576,19.655022
8.93,4.76,1.15,0.31,17.318035
6.69,4.96,0.83,-0.006,15.167408
6.8,1.44,0.6,1.63,12.591812
8.67,12.22,1.1,0.7,19.105356
9.22,3.83,1.45,0.864,17.135994
9.2,0.5,1.13,0.931,12.694849
8.56,10.65,1.11,0.532,18.696747
9.45,0.63,1.15,1.415,13.446703
7.71,4.23,0.88,0.121,15.841702
8.96,4.39,1.29,0.306,17.172321
8.77,1.77,1.26,1.108,15.009867
8.4,5.3,1.16,1.094,17.021378
8.05,7.6,1.01,0.364,17.454067
7.15,4.54,0.82,1.388,15.43528
9.46,7.63,1.34,0.582,18.872623
8.86,2.14,1.3,1.07,15.512069
4.99,2.03,0.93,1.619,11.52748
8.88,4.86,1.29,0.996,17.31318
5.67,18.98,0.71,0.603,17.061481
8.92,1.59,0.84,1.106,14.926986
9.34,8.16,1.21,0.543,18.89845
9.62,5.84,0.98,0.481,18.452065
9.86,25.75,1.11,1.119,21.913885
9.68,9.53,1.39,0.502,19.575464
9.07,17.5,1.23,0.734,20.28519
8.53,2.53,1,1.274,15.545603
9.12,5.66,1.08,0.427,17.884083
9.71,19.82,2.27,1.036,21.195518
8.72,19.26,1.23,0.73,20.143282
9.06,6.15,1.21,0.438,18.004375
8.55,2.87,1.11,0.902,15.83941
6.03,4.52,0.87,1.525,14.305693
9.36,8.2,1.48,0.724,18.92907
8.93,0.58,1.29,0.82,12.74714
6.03,24.72,0.54,0.382,17.995241
9.83,5.65,1.26,0.528,18.590242
8.68,7.95,1.08,0.588,18.181835
6.17,12.17,0.75,0.959,16.596453
8.06,37.33,0.97,0.758,20.92029
8.61,1.09,1.14,0.891,13.7971325
9.16,9.14,1.53,0.922,18.964731
8.37,3.14,1.14,1.109,15.854649
6.75,6.97,0.88,1.015,15.966164
8.99,0.46,1.08,1.082,12.303789
8.21,1.94,0.7,1.491,14.649009
8.93,16.39,1.48,0.677,20.002895
8.81,14.84,0.83,0.708,19.667171
9.15,2.18,0.9,1.034,15.842282
9.6,5.72,1.68,0.425,18.38698
8.67,2.65,0.94,1.015,15.78623
7.04,5.61,0.72,1.122,15.784814
8.37,11.18,1.08,0.428,18.61221
8.86,3.89,1.83,1.035,16.809748
5.8,66.92,0.73,0.635,19.92778
11.04,1.69,1.89,-0.015,17.179434
8.66,3.7,1.41,1.052,16.501009
8.69,1.49,1.25,1.147,14.555931
4.99,4.41,0.62,-0.071,13.212193
7.85,1.52,0.75,1.33,13.759218
8.26,0.67,1.07,1.588,12.390374
6.99,4.33,0.78,1.428,15.17244
9.59,10.29,1.4,0.685,19.652077
8.33,4.23,1.32,1.259,16.461702
8.7,0.7,1.18,1.009,12.925489
8.04,5.89,0.73,0.206,16.890575
7.73,19.78,0.87,0.537,19.211132
7.98,4.41,0.82,0.97,16.202192
6.59,8.71,0.86,1.102,16.29009
5.49,9.78,0.71,0.978,15.441694
7.98,2.94,1.1,1.212,15.321737
8.93,2.91,1.03,1.156,16.249466
6.95,8.7,0.85,0.561,16.647594
8.83,7.85,1.2,0.555,18.304348
8.27,1.48,1.15,1.388,14.121309
8.54,3.34,1.2,0.97,16.158733
9.03,3.53,4.6,0.664,16.768873
9.16,-1.67,1.78,1.045,15.273582
5.55,6.56,0.71,1.262,14.63452
9.26,5.07,1.06,1.174,17.78504
6.43,4.47,0.81,1.482,14.681538
9.82,3.7,1.38,0.692,17.661009
8.9,10.19,1.29,0.675,18.94087
5.51,12.45,0.81,0.987,15.9858465
8.01,1.03,1.19,1.073,13.074186
6.05,7.55,1.22,-0.024,15.439735
9.23,8.23,0.88,0.633,18.807
9.57,10.45,1.14,0.822,19.66558
9.13,24.3,2.1,0.874,21.058033
8.38,6.5,0.81,0.43,17.444569
8.07,3.74,0.66,1.236,15.934359
7.22,49.18,0.78,0.775,20.678944
7.77,5.68,0.83,1.051,16.541742
9.22,2.87,1.09,0.993,16.50941
11.68,17.23,5.79,1.467,22.861427
9.75,4.53,1.55,0.354,18.03049
7.03,16.53,0.82,0.415,18.121365
8.29,2.83,1.09,1.183,15.548932
9.1,6.19,3.26,0.484,18.058453
8.27,7.77,2.24,0.517,17.722107
8.84,8.49,0.96,0.759,18.484539
7.63,10.47,0.85,0.843,17.729733
8.4,2.9,1.08,1.264,15.71199
7.73,4.76,0.86,1.138,16.118034
9.55,4.78,1.13,0.473,17.94714
8.81,4.94,1.14,0.157,17.278637
8.7,4.58,0.88,0.954,17.004328
8.95,7.26,0.95,0.513,18.254684
8.37,3.25,1.5,0.952,15.929417
7.61,1.33,0.98,1.514,13.229259
6.5,11.47,0.67,0.205,16.797817
9.51,13.04,2.32,0.677,20.08639
9.31,6.51,1.2,0.226,18.377907
9.32,7.11,1.37,0.929,18.579348
8.65,4.33,1.16,0.061,16.83244
8.88,13.81,1.21,0.568,19.580969
6.86,4.29,0.85,1.475,15.022287
9.31,2.98,1.37,1.045,16.681082
8.85,4.21,1.4,1.01,16.97141
7.61,3.08,0.92,0.975,15.052753
8.94,5.97,1.42,0.409,17.81987
8.94,4.7,1.22,1.151,17.30049
8.66,2.38,0.88,0.79,15.542885
9.01,2.93,1.29,0.101,16.344337
7.78,8.38,0.73,1.085,17.396221
7.08,6.22,0.88,1.186,16.048952
7.32,13.81,1.01,0.391,18.02097
8.89,9.62,1.12,0.734,18.805876
8.62,5.81,1.9,1.007,17.44088
7.15,5,0.9,1.2,15.64485
9.42,4.76,2.01,1.565,17.808035
8.11,17.29,1.09,0.635,19.298973
9.65,2.52,1.55,0.465,16.657001
8.26,4.52,1.14,0.912,16.535692
7.15,14.1,0.9,0.964,17.896095
9.44,4.91,1.3,0.587,17.895409
7.95,3.52,0.93,1.415,15.682713
4.83,8.02,0.65,1.216,14.350872
6.87,-1.15,0.64,0.494,12.173489
9.26,16.85,1.07,0.831,20.393
7.62,4.76,0.94,1.148,16.008034
7.63,3.56,0.93,1.463,15.38725
9.69,2.05,1.68,1.393,16.248768
8.08,4.57,0.82,1.068,16.379581
8.47,4.12,1.02,0.503,16.544487
7.9,5.91,0.89,0.469,16.757938
6.46,6.78,0.88,1.176,15.616149
8.51,10.6,1.04,0.623,18.636528
7.39,2.05,0.68,-0.013,13.948769
9.62,26.64,1.4,1.128,21.747671
5.55,2.86,0.7,1.388,12.831831
9.43,16.47,2.47,0.668,20.51347
8.31,0.82,0.84,1.532,12.879069
9.44,1.74,1.35,1.007,15.642746
8.26,3.73,1.23,1.1,16.118546
8.47,2.61,1.04,1.364,15.553203
7.07,19.28,0.79,0.644,18.495535
9.31,13.63,1.25,0.733,19.98248
9.01,1.43,0.91,1.06,14.78668
8.03,4.52,0.7,0.947,16.30569
9.21,6.04,1.17,0.795,18.115185
8.44,3,1.02,0.068,15.825605
7.2,3.12,0.91,1.673,14.670773
6.7,1.66,0.61,-0.017,12.80054
9.33,3.34,1.16,1.068,16.948732
9.38,2.68,1.17,0.068,16.520674
9.41,4.25,1.36,1.31,17.551945
11.21,20.26,2.65,1.47,22.743198
9.33,4.57,1.29,0.51,17.629581
7.33,0.67,0.7,1.036,11.460374
8.92,13.53,1.28,0.578,19.576488
6.62,7.33,0.82,0.9,15.945519
6.22,8.89,0.84,1.114,15.964508
6.43,3.23,0.86,1.595,13.976012
8.71,0.97,1.17,1.367,13.643859
5.87,9.91,0.88,0.966,15.8503685
9.33,2.59,1.08,1.068,16.3965
8.15,0.47,1.09,1.376,11.5104885
7.98,5.36,1.03,0.9,16.625824
8.88,4.78,1.23,1.14,17.27714
8.24,3.36,0.87,1.289,15.871696
6.97,5.66,0.78,1.163,15.734081
8.15,1.83,0.97,1.075,14.4622555
9.46,9.37,1.23,0.698,19.318699
9.02,-1.13,1.13,0.084,14.285393
6.97,2.33,0.54,1.628,13.80678
8.71,3.1,1.06,0.922,16.16681
6.58,6.88,0.76,0.99,15.767942
4.34,23.73,0.68,0.17,16.216488
9.65,4.53,1.4,0.67,17.93049
9.18,1.13,1.17,1.13,14.445393
9.21,7.08,3.04,0.927,18.460167
7.33,25.39,0.62,0.629,19.353313
8.73,3.4,0.93,1.036,16.387394
9.1,3.19,0.96,1.113,16.618954
6.89,5.9,0.84,1.03,15.744261
8.68,2.26,1.35,1.238,15.450542
8.04,10.74,1.07,0.53,18.195023
8.5,6.38,1.14,0.541,17.524105
7.84,10.36,1.6,0.485,17.9168
8.8,3.14,0.98,0.882,16.284649
8.33,5.61,1.4,1.092,17.074814
8.56,4.15,0.88,0.095,16.650242
10.06,3.8,1.02,0.716,17.95892
6.55,4.11,0.89,1.389,14.619209
8.94,14.46,1.25,0.816,19.74084
6.57,5.22,1.22,0.056,15.158352
5.59,10.02,0.86,1.325,15.594339
9.05,4.62,1.19,0.354,17.37321
8.89,90.17,1.37,1.424,23.66531
8.09,1.53,0.71,1.083,14.013457
7.47,1.65,1.01,1.415,13.55742
9.48,5.55,1.16,0.668,18.201466
7.56,6.04,0.64,1.105,16.465185
7.35,2.58,0.97,1.616,14.408098
9.13,6.73,1.26,0.526,18.270077
8.82,1.43,1.26,1.311,14.59668
9.02,4.84,0.92,0.488,17.444227
8.8,2.32,0.88,1.147,15.6274395
7.96,2.95,0.82,0.973,15.309111
9.2,11.52,1.55,0.665,19.507263
8.6,15.08,1.1,0.7,19.492008
7.95,9.93,1.95,0.654,17.934746
9.15,5.83,2.33,0.504,17.978344
7.13,2.46,0.81,1.26,14.084676
5.78,3.57,0.71,-0.01,13.543341
8.78,6.82,1.19,0.56,17.948921
9.34,3.04,1.45,0.856,16.754368
7.34,6.83,0.94,0.975,16.512104
6.89,3.34,0.57,1.36,14.508732
10.19,5.52,1.33,0.528,18.899696
9.27,5.43,1.38,0.529,17.944
9.6,3.57,1.38,0.552,17.363342
8.19,17.92,1.02,0.57,19.456688
8.34,7.29,1.17,1.008,17.653637
6.4,8.94,0.83,1.029,16.156689
6.9,14.91,0.9,0.534,17.767387
5.74,134.04,0.86,0.89,21.376171
10.3,0.63,1.67,0.254,14.296703
9.46,8.92,1.33,0.585,19.211824
8.41,5.88,0.88,0.341,17.256886
5.09,15.94,0.48,1.345,16.102442
8.74,2.83,1.14,1.18,15.998932
8.82,5.29,1.26,1.219,17.437279
7.56,5.48,1.03,1.14,16.253902
8.51,6.98,3.27,0.391,17.729277
8.36,10.72,0.83,0.453,18.510975
8.55,1.38,1.06,1.212,14.249395
7.29,3.26,0.95,1.786,14.856089
9.84,5.98,3.04,0.538,18.723507
7.28,1.92,0.69,1.56,13.6965065
7.02,4.6,0.57,1.032,15.33379
3.56,11.26,0.73,1.214,13.817692
9.55,10.79,1.44,0.622,19.715107
6.43,5.05,0.58,1.26,14.946457
9.54,5.68,1.34,0.495,18.31174
9.26,2.79,1.1,1.07,16.488022
9.06,0.28,0.76,1.433,11.29579
8.12,2.45,0.93,1.205,15.06583
7.34,21.79,0.88,0.633,19.031286
7.81,4.61,0.9,0.933,16.128504
8.11,3.63,0.96,1.109,15.9095335
8.14,2.73,0.9,0.933,15.320814
8.8,19.11,1.13,0.71,20.206303
7.61,4.53,0.86,0.968,15.8904915
7.86,3.51,0.98,0.059,15.586536
9.67,2.83,1.45,0.397,16.928932
9.43,1.52,1.51,0.47,15.339218
8.7,10.52,0.76,0.427,18.810078
7.83,2.86,0.91,1.199,15.11183
7.11,5.1,0.96,0.993,15.647852
6.3,3.4,0.83,1.34,13.957395
6.4,7.22,0.75,0.135,15.692686
9.72,4.92,2.96,0.914,18.179825
8.41,18.88,1.15,0.701,19.790009
6.01,8.61,0.74,0.162,15.685016
7.94,3.1,0.85,0.051,15.396809
8.93,1.08,1.26,1.179,14.097119
8.16,1.93,0.74,1.459,14.587786
8.53,4.07,0.84,0.898,16.577972
7.88,14.56,1.06,0.447,18.695807
9.77,26.54,1.51,1.069,21.889505
8.48,-0.68,1.16,0.651,12.642544
9.06,4.72,1.07,0.43,17.42971
8.2,4.1,0.77,0.214,16.26392
7.06,5.77,0.86,1.52,15.865879
7.97,10.51,1.04,0.376,18.078012
8.72,2.21,0.81,0.965,15.441961
6.84,7.32,0.91,0.921,16.162556
4.59,13.19,0.67,0.953,15.191224
8.2,2.54,1.04,1.15,15.224169
7.27,3.56,0.84,1.435,15.02725
5.86,3.42,0.65,-0.079,13.53013
9.03,1.59,1.54,1.751,15.036985
8.6,2.45,1.22,0.741,15.545831
8.17,4.72,1.16,0.995,16.539711
5.51,27.55,0.74,0.321,17.71061
7.6,3.27,1.05,1.14,15.172739
7.92,55.53,1.08,0.94,21.64264
9.19,3.89,1.24,0.453,17.139748
8.43,4.06,1.16,1.484,16.47263
9.74,3.87,1.41,0.441,17.678555
7.71,14.85,0.8,0.446,18.568632
8.63,0.52,1.04,1.219,12.210016
7.88,8.55,1.56,0.615,17.53983
8.28,11.59,0.92,0.476,18.600418
9.22,0.17,1,1.088,10.372245
8.01,7.14,1.01,0.988,17.278492
7.09,7.03,0.89,0.999,16.324776
8.76,4.07,1.22,1.077,16.807972
7.34,1.69,0.93,1.201,13.479433
5.63,12.61,0.68,-0.059,16.133575
8.74,4.71,1.25,0.4,17.105104
8.83,5.72,2.06,0.6,17.61698
9.41,2.46,1.07,0.967,16.364676
6.07,8.72,0.84,1.139,15.772583
8.11,1.27,1.16,1.067,13.629019
7.47,1.69,0.61,1.375,13.609433
8.74,3.29,1.14,0.892,16.32598
7.86,10.41,0.91,0.651,17.947254
8.15,5.98,1.03,1.03,17.033504
8.3,4.52,1.17,1.381,16.575691
9.08,2.61,1.53,1.296,16.163202
6.81,12.5,0.66,0.471,17.29455
7.85,4.16,0.77,1.029,15.945467
9.09,2.47,1.13,0.995,16.053486
3.69,57.19,0.62,0.844,17.4766
8.44,3.43,1.18,1.217,16.11647
9.23,3.03,0.97,1.132,16.637213
8.96,2.44,0.87,1.025,15.89695
7.36,2.14,0.87,1.534,14.01207
9.08,8.85,1.12,0.526,18.814716
9.24,9.02,1.07,0.529,19.016033
8.95,3.96,1.35,0.443,16.938477
7.93,3.32,0.7,1.608,15.53569
8.65,-0.53,1.21,1.349,12.2713785
9.1,4.65,1.28,1.241,17.437265
8.93,3.49,1.21,0.377,16.644127
6.76,2.39,0.84,0.433,13.65199
9.32,6.62,1.43,0.379,18.42429
8.47,3.52,0.79,0.888,16.202713
8.08,1.63,0.9,1.438,14.140938
8.29,9.15,0.76,0.538,18.097105
7.53,4.24,0.87,0.98,15.66683
9.09,2.91,0.94,0.9,16.409466
5.96,22.42,0.67,0.419,17.713177
8.91,7.44,1.23,1.006,18.267864
9.15,6.8,1.92,0.987,18.312544
5.77,9.4,0.78,-0.084,15.635639
7.18,1.72,0.81,1.303,13.357642
11.25,-1.98,2.61,0.218,17.733326
9.26,4.59,1.29,0.3,17.569065
6.97,3.21,0.6,1.377,14.502525
9.36,2.79,1.4,0.586,16.58802
6.41,7.9,0.59,0.888,15.898135
6.42,4.7,0.87,1.241,14.78049
5.69,10.18,0.78,1.06,15.728739
7.01,14.04,1.14,0.625,17.746836
4.53,18.95,4.35,0.147,15.918047
8.73,0.85,1.02,1.321,13.377094
8.57,13.92,1.11,0.644,19.288195
8.71,19.4,1.25,0.657,20.14901
9.81,1.15,1.52,0.18,15.113489
7.72,7.74,0.91,0.701,17.163704
8.53,7.21,1.14,0.909,17.819675
9.21,4.86,1.38,0.784,17.64318
9.04,1.77,1.11,0.95,15.279866
5.29,13.45,0.5,1.049,15.933611
5.78,11.29,0.92,1.084,16.04347
8.01,6.81,2.18,0.445,17.175735
8.64,-0.2,1.34,1.219,10.14515
8.62,4.21,0.83,1.248,16.74141
6.59,56.76,0.53,0.749,20.360212
6.62,4.63,2.36,0.478,14.947905
8.56,2.42,0.88,1.347,15.479077
9.48,0.22,1.42,1.141,11.192113
7.43,2.55,0.63,1.26,14.4627
9.27,5.77,1.1,0.503,18.07588
6.82,3.9,0.79,1.425,14.775324
7.18,8.95,0.6,0.156,16.939116
9.53,0.18,1.79,0.691,10.806362
8.66,2.02,1.08,1.476,15.186756
8.4,10.48,1.17,0.627,18.501806
7.58,4.42,0.79,0.972,15.807111
8.42,0.56,1.04,1.048,12.16094
9.39,7.04,1.42,0.552,18.627865
8.12,12.57,1.08,0.607,18.616676
6.6,4.92,0.6,1.085,15.059826
6.83,7.84,0.65,1.158,16.30158
8.27,1.87,0.77,1.608,14.629209
7.57,8.3,0.86,0.173,17.16539
7.89,9.01,0.94,1.027,17.663624
8.27,1.62,0.92,0.146,14.317575
7.37,5.11,0.84,0.167,15.912105
5.92,2.16,0.87,0.512,12.592269
7.48,2.2,0.85,1.64,14.192114
9.7,2.87,1.32,0.482,16.98941
8.96,2.42,1.13,1.445,15.879077
6.97,2.4,0.59,1.341,13.871056
7,9.36,0.88,0.534,16.856379
9.47,8.41,1.17,0.563,19.093979
8.72,0.8,1.58,0.39,13.235451
8.84,2.79,1.5,0.4,16.068022
8.32,2.76,1.27,1.154,15.524546
8.65,5.23,1.17,1.099,17.242508
9.68,8.45,1.91,0.585,19.314285
9.81,1.44,1,0.422,15.601812
8.6,5.09,1.37,0.448,17.133589
9.03,1.65,1.2,0.972,15.11742
8.46,22.07,2.88,0.679,20.179012
8.29,6.31,1.69,0.4,17.290146
7.8,4.02,0.82,0.363,15.821131
6.97,5.26,0.89,1.05,15.574928
6.12,9.31,0.9,1.076,15.964748
8.69,22.16,0.98,0.722,20.417847
8.67,2.97,0.94,1.158,16.033783
9.73,7.98,1.22,1.056,19.240013
8.43,4.55,0.9,1.016,16.720058
4.68,15.96,0.68,0.991,15.695166
8.45,4.8,0.91,1.035,16.856205
8.13,3.87,0.74,1.527,16.068554
8.19,10.14,0.81,0.48,18.220188
7.07,6.01,0.82,1.166,15.964373
9.51,14.64,1.1,0.74,20.337706
7.31,1.86,0.87,1.164,13.657564
9.07,1.32,1.32,0.97,14.67287
8.69,8.41,1.32,0.575,18.31398
5.24,45.85,0.66,0.459,18.546696
8.09,3.38,1.13,1.125,15.734584
8.27,8.82,1.08,0.641,17.997343
9.79,10.73,1.65,0.545,19.942997
8.32,9.71,0.85,0.591,18.256096
9.48,6.33,1.54,0.395,18.487019
8.4,3.24,0.74,1.04,15.952724
7.16,2.87,0.77,1.546,14.4494095
8.36,2.16,1.05,0.939,15.032269
9.55,4.85,1.39,0.533,17.978708
9.74,5.61,1.61,0.737,18.484814
6.28,6.59,0.71,0.05,15.374428
9.58,17.12,1.53,0.821,20.747519
6.6,19.99,0.79,0.526,18.104063
7.93,0.34,0.74,1.57,10.587395
8.42,7.13,1.06,0.425,17.685448
6.26,8.58,0.67,1.09,15.927437
10.98,12.88,2.37,1.013,21.52958
9.57,4.63,1.31,0.38,17.897903
4.78,14.77,0.47,1.254,15.626904
9.49,1.08,1.52,0.209,14.657119
8.41,1.88,0.96,1.486,14.780789
9.79,-0.45,1.61,0.471,13.056063
9.11,2.47,1.4,1.338,16.073484
7.83,2.91,0.97,1.256,15.149465
9.06,0.27,1.29,1.073,11.21682
9.22,5.18,1.48,0.537,17.791649
8.61,3.09,0.96,1.039,16.059792
6.28,7.03,0.86,0.916,15.514776
9.29,3.41,0.91,1.096,16.953772
8.55,2.18,1.38,1.179,15.242283
9.46,4.02,1.28,1.237,17.48113
6.44,6.3,2.07,1.071,15.436703
9.21,3.97,1.4,0.533,17.203953
8.15,4.44,0.94,1.045,16.386913
10.49,32.06,2.18,1.226,23.019817
8.38,3.31,1.1,1.137,15.979139
8.08,13.44,0.89,0.461,18.721996
9.63,4.46,1.42,0.489,17.876675
9.53,7.31,1.24,0.54,18.849586
7.64,1.46,0.97,1.533,13.461764
7.9,5.26,1.15,0.744,16.504929
8.68,3.48,1.17,1.011,16.387897
7.37,21.91,0.82,0.539,19.073212
9.41,5.85,1.39,0.75,18.245779
9.7,10.31,2.72,0.716,19.766293
6.91,16.79,0.57,0.378,18.035254
8.78,2.22,0.84,1.198,15.511765
8.97,0.77,1.06,1.241,13.402454
9.3,0.82,1.08,1.107,13.869069
6.67,11.91,0.66,0.33,17.049559
7.59,25.15,0.97,0.626,19.59269
9.8,5.68,1.44,0.406,18.571743
9.25,2.63,2.01,0.224,16.34978
8.74,3.43,0.8,0.104,16.41647
7.88,21.66,1.22,0.579,19.558292
8.38,4.33,1.15,-0.06,16.562439
7.58,0.57,0.91,1.644,11.359374
7.03,2.97,0.86,1.557,14.393782
6.2,10.01,0.54,1.114,16.20217
8.95,14.58,0.91,0.529,19.768787
6.1,7.42,0.79,1.028,15.452019
8.49,9.73,1.5,0.614,18.430565
7.58,1.46,0.64,1.692,13.401764
8.94,16.98,1.09,0.711,20.089687
7.01,6.62,0.55,0.293,16.11429
8.09,1.91,1.16,1.304,14.495167
9.15,5.75,1.4,0.537,17.94834
8.91,3.21,1.35,0.37,16.442524
8.97,5.62,1.28,0.508,17.718681
5.59,5.7,0.53,-0.1,14.369374
8,36.16,1,0.78,20.791142
7.17,3.81,0.97,0.823,15.074625
8.66,2.27,0.97,0.957,15.440128
9.71,5.63,0.96,0.595,18.462543
8.67,6.87,1.05,0.362,17.854784
8.3,0.1,0.89,-0.111,8.3
9.13,-1.41,1.19,0.887,14.876096
9.41,3.88,1.6,0.437,17.354158
5.59,8.29,0.68,1.163,15.182773
9.63,12.73,1.69,0.827,20.15414
6.98,6.72,1.37,1.046,16.116846
6.83,4.74,0.76,1.429,15.208892
8.69,1.91,1.17,0.256,15.095167
9.64,3.1,1.4,0.2,17.09681
8.47,2.28,1,1.537,15.259674
7.81,7.56,0.99,0.449,17.202608
9.27,2.77,1.26,1.007,16.482399
9.43,0.91,1.3,0.94,14.225207
8.51,7.73,1.21,0.559,17.950897
8.82,0.21,0.93,1.183,10.431096
8.77,8.12,1.13,0.551,18.31778
9.03,4.74,0.88,1.096,17.408892
9.71,0.87,1.53,0.915,14.407597
8.12,4.45,0.85,0.436,16.361801
9.03,3.72,1.28,1.609,16.882713
7.12,2.03,0.81,1.722,13.65748
8.68,3.85,1.49,0.3,16.607304
8.42,4.14,1.05,1.005,16.505001
6.99,1.98,0.75,1.59,13.473326
9.95,1.95,3.5,0.428,16.400173
8.6,1.11,1.31,1.412,13.826615
9.86,5.72,1.59,0.601,18.64698
7.68,4.07,0.88,1.154,15.727972
9.15,27.05,1.23,0.887,21.310837
8.87,5.03,1.18,0.523,17.37784
8.61,3.02,0.79,1.024,16.010035
7.8,0.91,0.91,0.635,12.595207
9.45,0.17,1.18,1.361,10.602244
8.75,2.49,0.83,1.252,15.730997
6.11,1.94,1.12,0.159,12.549009
8.97,2.99,1.04,1.136,16.348356
7.57,20.45,1.08,0.616,19.123466
7.46,4.73,0.67,0.16,15.834306
6.51,4.65,0.75,-0.07,14.847265
7.03,5.43,1.12,0.147,15.704
9.97,4.77,2.37,1.7,18.36259
5.29,5.33,0.87,1.478,13.923636
9.38,11.99,1.12,0.578,19.774097
8.38,3.59,1.21,0.891,16.155472
6.99,23.8,0.86,0.9,18.872885
9.12,1.35,0.87,1.077,14.771669
9.92,2.35,2.69,0.513,16.77534
8.67,3.45,1.27,1.037,16.359097
5.55,9.4,0.88,0.398,15.415639
8.66,4.4,1.01,0.348,16.877262
9.12,9.92,1.33,0.74,19.102558
9.37,8.54,1.23,0.496,19.02729
8.87,4.22,1.12,0.09,16.996563
8.79,5.53,1.12,0.333,17.503626
9.83,3.59,1.46,0.519,17.605473
8.91,-0.24,1.17,1.269,10.811056
7.6,5.91,1.04,1.064,16.457937
8.32,3.76,1.26,0.1,16.195938
8.08,3.45,0.94,1.156,15.769095
9.04,6.97,1.22,0.989,18.256165
7.8,2.69,0.95,1.205,14.948762
8.56,1.37,1,1.972,14.243603
8.24,2.93,1.02,1.044,15.574338
9.78,9.26,1.19,0.617,19.613056
6.8,5.39,0.84,1.524,15.457944
8.81,5.71,1.17,0.512,17.593182
6.91,22.23,0.64,0.65,18.644697
8.7,6.14,1.05,0.362,17.640842
9.93,3.5,0.98,0.522,17.650341
8.72,1.42,1.32,1.183,14.4814415
6.44,31.01,0.87,0.594,18.897509
5.99,9.79,0.92,1.034,15.943913
7.23,2.76,0.9,1.593,14.4345455
8.8,3.49,1.48,1.128,16.514128
9.33,-0.37,1.5,0.432,12.171009
7.89,3.59,1.03,1.306,15.665472
9.25,9.57,1.38,0.465,19.15456
8.29,6.38,1,0.408,17.314104
7.97,4.3,0.7,0.986,16.137342
9.65,0.29,1.5,1.72,11.961989
8.08,4.46,1.12,0.989,16.326675
10.23,3.89,1.76,0.642,18.179749
7.8,2.95,0.75,1.099,15.149111
8.57,3.13,1.25,1.56,16.047722
8.38,0.75,1.06,1.48,12.755306
7.3,3.27,1.06,1.078,14.87274
7.71,5.05,0.64,1.093,16.226456
8.92,-1.6,1.44,1.491,14.9406
8.33,2.76,0.84,0.39,15.534546
7.91,0.86,0.65,1.131,12.582492
9.45,4.4,1.05,0.434,17.667263
4.48,3.6,0.82,-0.069,12.261513
8.13,4.62,1,0.999,16.453209
6.57,6.59,0.77,1.075,15.664427
12.38,16.71,5.59,1.339,23.494883
9.7,-1.61,1.76,0.348,15.734129
6.85,1.79,0.81,1.6,13.114265
8.06,3.51,1.17,0.911,15.786536
7.63,1.71,1.02,1.131,13.794981
8.69,-0.43,1.1,1.401,11.857342
8.86,10.31,1.31,0.575,18.926292
9.12,2.4,1.13,0.687,16.021057
8.62,1.44,1.17,0.943,14.411812
8.81,9.74,1.26,0.46,18.752796
4.4,13.44,0.75,0.94,15.041996
9.22,6.94,0.89,0.55,18.426798
9.65,-0.15,1.72,1.09,10.530457
8.91,-0.39,0.92,1.576,11.865322
7.65,5.29,0.8,1.122,16.267279
8.68,9.94,1.28,0.528,18.666931
5.63,12.15,0.87,0.214,16.05288
6.71,6.94,0.71,1.109,15.916798
8.49,1.97,1.24,1.63,14.962331
8.38,1.29,0.94,1.316,13.932949
10.66,2.03,2.7,0.98,17.19748
9.68,3.53,1.42,0.326,17.418875
9.72,6.07,0.94,0.57,18.635944
8.33,3.61,0.92,0.1,16.117537
7.36,1.87,0.76,1.47,13.719208
8.32,0.25,1.19,1.385,10.3097
6.82,2.82,0.74,1.273,14.071245
9.04,6.58,2.55,0.36,18.13113
9.45,9.38,1.24,0.566,19.311012
9.78,5.84,1.37,0.657,18.612064
9.1,2.37,0.87,1.419,15.973742
7.74,6.34,0.8,0.26,16.750446
3.74,12.59,0.85,1.136,14.240128
7.25,1.4,0.96,1.645,12.98064
9.15,2.75,1.14,0.363,16.346664
8.02,14.08,0.93,0.556,18.763014
8.64,1.8,0.96,1.288,14.916363
9.1,0.92,1.07,1.137,13.91894
6.33,7.55,0.82,0.182,15.719735
4.86,5.95,0.72,1.634,13.732584
9.03,4.83,1.29,0.824,17.449734
8.2,2.54,0.77,1.17,15.224169
9.27,7.87,1.31,0.673,18.749874
9.99,-0.41,1.55,1.044,13.053919
8.4,1.68,1.18,1.166,14.5265465
5.58,0.86,0.56,0.407,10.252492
9.17,1.66,1.25,0.911,15.27054
9.9,48.17,1.73,1.318,23.313883
9.32,1.27,0.9,-0.154,14.839018
9.27,8.65,1.23,0.465,18.95508
5.8,3.56,0.73,-0.095,13.55725
8.91,3.93,1.13,0.356,16.881962
9.23,4.79,1.45,0.377,17.631678
8.57,3.22,0.96,1.314,16.10928
9.5,5.41,2.4,0.646,18.165985
10.01,17.3,1.52,1.075,21.200232
7.88,2.94,0.85,1.287,15.221737
10.44,1.29,1.77,0.34,15.992949
7.61,3.86,0.82,1.001,15.542936
5.84,15.35,0.74,1,16.770542
10.74,28.69,3.28,1.101,23.028652
8.9,8.08,1.14,0.424,18.437057
10.23,10.07,1.85,0.786,20.245146
8.83,2.37,1.62,1.083,15.703741
8.99,0.7,1,1.363,13.21549
8.94,6.56,1.21,1.016,18.024519
7.18,2.3,0.78,0.031,13.988639
7.42,4.37,0.69,1.395,15.622408
7.53,23.9,0.85,0.577,19.42199
7.5,2.5,0.69,1.703,14.4897
5.28,7.3,0.7,0.972,14.596615
6.46,9.68,1.01,0.248,16.389378
6.7,7.28,0.87,0.872,16.010656
7.94,4.7,1.01,0.997,16.30049
8.89,3.19,1.35,1.142,16.408955
9.04,2.72,1.17,0.915,16.212845
6.23,9.69,0.59,0.052,16.16162
6.43,5.76,0.67,0.838,15.232113
8.17,1.34,1.1,1.14,13.805524
8.78,11.36,5.31,0.529,19.056892
6.01,8.56,1.17,0.203,15.672369
6.43,26.54,0.68,0.415,18.549505
5.68,10.3,0.58,1.051,15.744186
8.35,1.68,0.84,1.29,14.476547
7.43,4.86,0.85,1.271,15.86318
8.84,8.87,1.28,0.517,18.579618
9.22,8.43,1.11,0.514,18.849136
9.55,0.39,1.45,0.868,12.505323
8,1.53,1.54,0.953,13.923457
9.27,-0.29,1.18,1.423,11.58199
7.55,5.32,0.92,1.052,16.179558
9.28,1.4,1.24,0.16,15.01064
7.86,10.58,1.04,0.759,17.982428
8.13,12.31,0.72,0.414,18.581291
9.17,5.21,1.27,0.458,17.754189
6.26,5.32,0.74,1.122,14.889559
8.85,2.06,0.78,-0.126,15.419336
7.83,4.32,0.9,0.104,16.00742
8.85,3.42,0.86,1.071,16.52013
6.28,4.06,0.74,1.681,14.32263
7.03,2.26,0.77,1.588,13.800543
7.04,5.52,0.75,1.017,15.749696
9.41,4.88,1.29,0.947,17.852098
9.75,7.24,1.16,0.612,19.048693
8.02,17.12,1,0.667,19.18752
9.32,4.82,1.18,0.511,17.735235
3.32,16.46,22.22,0.885,14.402148
5.13,14.83,0.86,0.071,15.985705
7.54,-0.2,0.84,1.476,9.04515
8.24,3.5,0.76,1.062,15.9603405
8.65,7.85,1.11,0.502,18.124348
6.12,8.86,0.55,0.935,15.857168
9.27,16.21,1.36,0.804,20.318916
9.36,5.32,1.09,0.662,17.98956
9.46,2.1,1.54,0.58,16.071096
7.32,23.18,0.92,0.622,19.145567
6.41,2.17,0.63,0.998,13.0922985
4.34,19.34,0.76,0.871,15.772284
7.39,3.24,1.03,-0.165,14.942724
8.87,8.34,4.64,0.43,18.47583
5.77,5.5,1.03,0.855,14.471813
8.89,8.17,1.2,0.647,18.45111
6.26,6.17,0.84,1.013,15.211426
8.17,-0.86,1.15,0.899,12.842492
8.36,5.61,1.87,0.441,17.104813
6,11.49,0.64,0.029,16.3016
9.78,7.92,1.66,0.515,19.273624
10.82,4.31,1.84,0.222,18.992386
6.88,14.68,1,0.312,17.71363
6.69,5.64,0.84,-0.078,15.446396
7.81,4.32,1.96,1.082,15.987419
6.61,5.97,0.62,1.093,15.489872
8.19,11.8,0.93,0.515,18.54941
8.06,3.8,1.2,1.126,15.958919
8.68,7.89,2.34,0.529,18.165386
8.33,4.26,1.01,1.399,16.477047
7.68,1.99,1.05,1.491,14.174265
8.47,7.03,1.06,0.402,17.704777
9.04,8.98,0.93,0.546,18.806381
8.79,5.13,1.14,0.325,17.340588
6.41,3.29,0.85,1.306,13.995979
8.01,16.99,0.99,0.656,19.160967
8.63,9.66,1.22,0.663,18.554886
8.47,23.55,1.01,0.446,20.329956
7.37,5.24,0.74,1.077,15.966657
7.04,3.66,0.89,1.447,14.857406
8.34,4.31,1.11,0.409,16.512386
7.39,3.7,0.93,1.417,15.231009
8.64,8.57,1.23,0.476,18.304905
7.9,4.39,0.96,-0.03,16.112322
8.69,4.11,1.04,1.212,16.759209
9.21,3.24,1.22,0.373,16.762726
7.07,9.28,1.02,0.483,16.90774
9.84,5.02,1.48,0.434,18.34352
6.52,6.46,0.86,0.987,15.571163
8.21,7.61,0.71,0.329,17.616924
8.67,5.3,1.3,0.428,17.291378
7.66,20.44,0.96,0.741,19.212406
9.17,5.19,1.51,0.546,17.745836
8.2,2.49,1.07,0.88,15.180996
8.9,4.7,1.3,0.576,17.26049
8.62,4.44,1.16,1.039,16.856915
8.82,0.36,1.03,0.538,11.601513
7.94,13.78,1.06,0.824,18.636248
8.62,1.54,1.01,0.94,14.557604
9.15,11.82,1.5,0.565,19.513088
7.39,13.03,0.69,0.397,17.964722
9.33,2.8,1.22,0.15,16.56579
8.16,7.28,0.99,0.488,17.470657
7.69,4.71,0.72,0.991,16.055105
4.26,12.63,0.86,0.942,14.767016
7.83,6.34,1.89,1.074,16.840446
8.92,19.12,1.25,0.76,20.32744
9.94,5.79,1.56,0.642,18.753391
7.86,3.81,0.92,0.941,15.764626
10.34,0.55,1.58,0.53,14.041814
8.98,0.78,1.4,1.6,13.440473
9.74,19.99,1.06,0.905,21.244064
9.83,5.35,1.54,0.465,18.471767
9.64,-2.13,3.75,1.5,16.281898
9.09,2.76,1.43,1.478,16.294546
8.84,8.04,1.01,0.412,18.36628
8.43,3.84,1.35,1.086,16.351658
7.85,19.99,0.94,0.539,19.354063
6.32,7.08,0.8,0.879,15.570166
8.04,4.46,0.92,0.951,16.286674
4.44,6.62,0.82,1.64,13.544291
8.46,7.55,1.08,0.438,17.849735
6.98,12.21,0.64,0.309,17.413578
8.53,6.13,0.69,0.848,17.467302
9.37,25.82,1.56,0.794,21.429783
10.27,3.21,1.75,0.238,17.802525
9.43,10.6,0.93,0.588,19.55653
9.79,3.91,2.45,0.711,17.750885
9.15,0.14,1.1,1.157,9.88064
7.56,3.39,0.81,1.169,15.210999
8.79,3.07,0.83,1.087,16.225693
6.58,3.84,0.75,0.021,14.501657
8.06,2.79,0.95,1.03,15.288021
6.53,7.97,0.79,1.041,16.037292
6.18,9.75,0.84,1.17,16.125023
9.54,7.24,1.35,0.36,18.838692
9.2,5.37,1.37,1.517,17.849873
7.78,0.8,0.87,1.71,12.29545
8.49,5.67,0.78,0.426,17.257915
9.1,5.76,1.26,0.682,17.902113
7.89,0.97,0.93,0.457,12.823858
7.61,2.84,0.73,1.626,14.876593
8.88,1.02,1.19,1.169,13.923
7.2,2.75,0.81,1.081,14.396664
6.66,21.62,0.68,0.462,18.334278
10.36,52.71,5.18,1.34,23.969465
9.07,0.67,1.14,1.163,13.200374
9.06,4.63,1.4,0.513,17.387905
8.5,7.25,1.01,0.593,17.80169
4.26,4.43,0.8,0.012,12.49202
7.39,1.3,0.84,1.579,12.959717
9.39,13.01,1.37,0.605,19.961388
9.59,4.49,1.04,0.57,17.85123
7.69,6.32,0.83,1.047,16.693586
9.82,0.95,1.59,1.477,14.708618
9.35,13.79,1.38,0.655,20.047821
7.94,6.52,0.6,0.397,17.011238
8.94,1.56,1,1.419,14.9056225
6.71,4.45,0.91,0.879,14.9518
8.56,0.77,1.23,1.365,12.992455
8.14,8.12,0.82,0.433,17.68778
8.42,5.62,1.23,0.74,17.168682
7.35,7.19,0.78,0.501,16.633644
5.54,10.04,0.86,-0.064,15.548669
8.69,10.38,1.08,0.537,18.770985
8.65,4.93,0.98,0.37,17.114235
8.37,7.77,1.89,0.636,17.822105
9.51,1.2,1.35,1.2,14.905907
8.55,7.02,0.73,0.347,17.781685
7.19,3.15,0.69,1.558,14.681553
9.09,16.75,1.37,0.763,20.210073
6.55,4.61,0.87,0.256,14.868505
9.35,3.89,1.43,0.972,17.299747
9.4,9.99,1.31,0.598,19.397827
9.8,5.93,1.51,0.586,18.665274
7.03,12.7,0.8,0.34,17.549019
5.79,10.74,0.76,1.073,15.945022
7.83,4.04,0.71,0.173,15.861907
7.62,13.2,0.93,0.465,18.22287
8.77,1.39,1.44,1.534,14.485075
9.12,11.7,3.14,0.676,19.46093
9.05,9.73,1.21,0.528,18.990564
10.66,16.33,2.02,1.379,21.72493
7.19,4.44,0.79,0.974,15.426914
7.05,3.15,0.72,-0.122,14.5415535
7.74,43.16,0.93,0.966,20.915405
7.39,0.79,0.73,1.564,11.878136
9.58,12.24,1.44,0.7,20.018908
9.58,1.79,1.35,0.204,15.844265
5.79,5.05,0.87,1.595,14.306457
5.42,13.22,0.64,1.03,16.026157
6.43,8.43,1.03,1.122,16.059137
7.81,6.35,0.98,0.446,16.823868
8.98,8.11,1.3,0.48,18.525105
8.56,-2.25,1.22,1.477,15.320913
5.18,10.5,0.87,1.006,15.285946
7.82,1.41,0.83,0.337,13.566095
6.89,10.86,0.86,0.456,17.069149
7.53,4.86,0.88,0.143,15.963181
8.8,6.35,1.36,0.725,17.81387
7.22,14.95,0.68,0.71,18.093204
9.05,14.5,0.86,0.589,19.856838
9.04,4.73,0.94,0.47,17.414307
9.12,3.36,1.28,1.404,16.751698
4.37,7.86,0.94,1.631,13.847113
8.02,1.24,1.03,1.521,13.487109
6.54,0.02,0.8,2.215,3.0451496
9.07,5.96,1.45,0.916,17.946232
7.78,4.53,1.05,1.302,16.060492
8.11,2.3,1.19,0.89,14.918638
10.08,4.62,1.68,0.407,18.40321
8.26,1.69,1.27,1.052,14.399433
8.74,6.25,1.07,0.556,17.7194
7.97,3.15,1.07,1.086,15.461553
7.46,4.25,0.91,1.685,15.601945
7.94,4.68,0.69,1.028,16.29123
8.44,1.51,0.79,1.3,14.334885
9.68,5.36,1.19,0.513,18.325825
8.62,8.15,1.18,0.365,18.175789
9.56,13.56,1.04,0.665,20.221298
9.16,9.89,1.18,0.782,19.135983
9.04,9.78,1.2,0.52,18.991695
8.4,2.19,0.77,1.014,15.102221
5.51,27.84,0.88,0.334,17.733347
9.25,-1.21,1.4,1.397,14.663927
9.91,4.45,1.34,0.355,18.1518
6.02,12.47,1.28,0.312,16.499332
8.13,3.23,1.26,1.001,15.676012
9.72,1.62,1.45,0.458,15.767575
7.59,7.6,0.89,0.508,16.994068
9.03,3.63,1.27,1.349,16.829533
6.91,3.11,0.74,1.12,14.373802
9.25,-1.02,1.25,1.021,14.293001
7.65,1.16,0.67,1.503,12.97229
8.3,11.28,0.79,0.524,18.561546
8.62,8.05,0.8,0.749,18.14898
8.76,4.21,1.14,1.012,16.88141
9.25,15.85,1.35,0.864,20.250147
6.99,1.18,0.89,0.412,12.34941
9.21,3.51,0.97,1.328,16.936535
10.84,-1.34,1.51,1.1,16.475525
8.13,3.3,1.13,1.381,15.722569
9.48,4.5,1.58,0.529,17.746063
5.93,12.45,0.74,0.141,16.405846
9.27,3.45,0.98,1.065,16.959095
7.23,5.5,0.99,1.092,15.931812
8.53,2.19,0.98,1.011,15.23222
10.38,6.07,1.75,0.3,19.295944
8.35,0.65,1.02,0.515,12.414567
9.21,1.13,0.94,1.074,14.475392
8.91,-0.02,1.11,0.996,5.4151497
8.85,2.38,1.16,1.255,15.732885
7.69,7.93,0.69,0.453,17.186365
6.19,9.89,0.98,0.937,16.165981
8.66,1.39,1.1,1.507,14.375074
6.6,46.73,0.8,0.69,19.947979
8.56,8.48,1.17,0.444,18.20198
9.51,3.01,1.32,1.075,16.902832
7.1,6.27,0.87,1.128,16.086338
8.37,3.17,1.14,1.326,15.875297
9.27,5.5,1.45,0.528,17.971813
8.12,5.69,0.94,0.353,16.895561
8.11,1.98,1.07,0.168,14.593326
4.78,6.28,0.85,1.55,13.769798
9.82,9.24,1.54,0.687,19.64836
8.48,0.38,1.24,1.54,11.378918
8.13,3.01,0.96,0.971,15.522833
8.4,22.59,0.82,0.714,20.16958
5.98,49.3,1.05,0.687,19.444233
6.54,7.14,0.82,0.97,15.808492
7.61,4.51,0.95,1.132,15.880882
6.44,21.53,0.83,0.847,18.10522
9.87,4.92,1.42,0.418,18.329826
8.22,16.29,1.62,0.83,19.279606
8.79,4.21,1.16,1.127,16.911411
9.36,8.38,2.39,0.547,18.97622
8.82,6.44,1.24,0.374,17.86443
9.14,1.66,1.38,1.356,15.2405405
8.06,27.87,0.69,0.849,20.285686
7.74,5.56,0.73,1.167,16.465374
5.95,16.75,0.82,0.259,17.070072
6.34,6.34,0.62,-0.011,15.350447
7.17,5.08,0.79,1.352,15.699319
6.78,1.78,0.81,1.491,13.032101
7.82,6.29,0.87,1.102,16.813253
7.72,24.8,0.89,0.613,19.692257
8.76,9.45,1.08,0.546,18.63716
8.71,5.42,0.85,0.452,17.379997
8.52,2.2,1.24,1.084,15.232114
7.43,0.99,2.18,0.09,12.408176
8.3,0.33,1.19,1.08,10.8925705
7.04,2.9,0.84,1.428,14.35199
9.97,5.66,1.49,0.577,18.734081
9.54,7.37,1.24,0.52,18.877338
7.26,12.38,1.08,0.424,17.723602
5.84,3.67,0.71,1.612,13.66333
11.54,21.7,3.39,1.34,23.222298
6.61,4.96,0.57,1.079,15.087408
8.73,0.5,1.26,1.341,12.22485
8.12,3.13,0.99,1.176,15.597722
7.28,10.73,0.99,0.493,17.432999
7.88,5.3,0.81,0.72,16.501379
8.19,3.64,1.03,0.97,15.995506
9.58,6.86,0.87,0.587,18.76162
8.86,2,0.84,1.07,15.36515
8.43,1.87,1.16,0.952,14.789208
6.39,12.01,0.84,1.143,16.787716
8.97,1.69,1.44,1.349,15.109434
9.08,4.98,1.63,0.835,17.566147
8.85,7.48,1.22,0.264,18.21951
7.68,2.54,2.07,1.024,14.704168
6.25,5.98,0.95,1.225,15.133506
4.96,4.79,0.74,-0.068,13.361678
9.1,8.02,1.74,0.651,18.620872
9.8,3.68,1.46,0.455,17.62924
7.66,7.77,0.61,0.486,17.112106
7.88,5.03,0.85,0.473,16.38784
9.32,4.32,1.37,0.549,17.497417
9.32,7.38,1.42,0.529,18.660282
9.21,6.6,1.1,0.38,18.30772
11.44,1.56,3.02,1.2,17.405622
8.04,4.51,1.2,1.44,16.310883
7.81,15.02,0.83,0.607,18.69335
9.98,4.43,1.14,0.546,18.212019
6.75,4.35,0.77,1.14,14.942446
7.77,2.75,1.07,1.391,14.966663
9.09,7.24,1.33,0.722,18.388693
6.31,8.6,0.56,0.912,15.982492
8.36,2.62,1.06,0.836,15.451507
8.86,9.06,1.17,0.395,18.645641
6.06,17.66,0.72,0.271,17.294952
7.85,7.57,1.06,0.561,17.24548
6.67,5.96,0.76,1.349,15.546231
6.78,5.96,0.92,1.348,15.656231
8.25,3.27,0.82,1.059,15.822739
10.42,1.86,2.08,0.509,16.767565
8.27,12.5,1,0.577,18.75455
9.97,8.3,1.74,0.671,19.565392
5.57,8.99,0.6,-0.072,15.3387985
8.3,1.75,1.01,1.171,14.51519
5.83,6.48,0.58,1.042,14.887875
7.62,0.83,0.85,0.333,12.21539
6.38,7.58,0.79,0.965,15.778346
8.78,1.29,1.02,1.156,14.332949
8.79,1.16,1.17,1.234,14.112289
9.01,0.47,1.24,1.084,12.370489
8.36,2.27,1.02,1.457,15.140129
8.19,3.68,0.88,1.138,16.01924
10.34,3.05,3.42,0.335,17.7615
8.27,0.86,1.19,1.094,12.9424925
8.38,3.25,0.85,0.915,15.939417
8.55,8.32,1.18,0.645,18.150616
7.6,3.08,1,0.976,15.042753
8.13,2.08,0.7,1.238,14.720316
5.78,0.97,0.59,0.294,10.71386
7.64,3.42,0.87,1.473,15.310131
6.14,8.91,0.75,0.962,15.889389
8.01,10.62,1.46,0.406,18.140623
6.18,4.05,0.57,1.607,14.217276
9.56,4.72,1.06,0.422,17.92971
8.55,0.36,0.87,1.093,11.331512
9.01,2.11,1.04,0.956,15.6314125
8.39,3.68,0.99,1.367,16.21924
7.83,6.1,0.99,1.024,16.756649
9.38,7.63,1.46,0.643,18.792622
10.16,4.45,1.71,0.53,18.4018
9.16,0.98,1.17,1.187,14.116131
7.28,0.44,0.75,0.637,10.497263
8.25,4.25,1.14,0.38,16.391945
9.06,1.6,1.32,1.074,15.080601
8.69,11.97,1.25,0.544,19.080471
6.93,13.66,0.55,0.38,17.607254
6.25,16.16,0.96,0.526,17.292206
9.65,3.58,0.93,0.466,17.419415
7.34,3.15,0.65,1.496,14.8315525
8.25,9.81,1.21,0.448,18.208345
8.57,12.92,1.23,0.589,19.126312
8.51,4.18,0.96,0.873,16.615881
6.78,15.91,0.98,0.348,17.788351
8.87,3.03,1.56,1.19,16.277214
6.63,2.53,0.62,1.697,13.645603
8.72,7.62,1.26,0.797,18.129776
8.02,2.81,0.78,1.223,15.263533
6.74,7.67,0.87,0.993,16.163977
5.13,5.21,0.79,1.601,13.714189
9.09,0.09,1.29,1.451,8.861213
7.93,1.96,0.81,0.95,14.391281
7.25,10.89,1.03,1.019,17.435139
5.57,11.17,0.72,1.043,15.8102665
8.92,6.21,1.18,0.843,17.885458
7.55,37.71,1.14,0.753,20.432281
9.4,3.53,2.57,0.53,17.138874
9.11,4.47,1.17,1.314,17.361538
8.55,34.04,0.86,0.854,21.20995
8.1,3.13,1.06,1.107,15.577723
7.53,11.79,0.68,0.455,17.88757
8.26,0.97,1.15,1.113,13.193859
8.83,21.22,1.32,0.761,20.463728
8.72,1.33,0.8,1.309,14.339258
8.22,11.98,1.7,0.614,18.612286
6.92,3.62,0.98,1.289,14.713543
7.57,5.14,0.76,0.312,16.124815
6.55,6.86,0.71,1.152,15.731621
7.66,9.2,0.84,0.308,17.47894
9.23,1.06,1.29,0.91,14.356529
6.91,3.69,0.8,1.123,14.7451315
8.16,0.04,1.29,1.57,6.1702995
8.36,2.42,0.93,1.113,15.279077
8.76,2.05,1.27,1.743,15.318769
9.18,13.85,1.37,0.657,19.887249
6.18,5.93,0.7,1.467,15.045273
9.9,4.83,1.87,0.506,18.319735
8.62,2.53,1.08,0.877,15.635603
8.35,14.33,0.98,0.55,19.131231
6.47,8.65,0.94,0.242,16.155079
8.81,5.16,0.77,0.411,17.37325
7.94,13.98,0.87,0.407,18.667538
8.42,4.44,0.95,0.472,16.656914
7.72,2.41,1.05,1.487,14.630085
9.19,-0.78,1.14,0.704,13.650473
6.43,5.65,0.85,1.339,15.190243
7.85,2.34,0.94,1.61,14.696079
7.91,4.08,0.79,1.045,15.963301
9.59,8.27,1.43,0.562,19.177528
7.99,4.18,0.89,1.286,16.09588
6.53,3.69,0.73,0.051,14.365131
9.04,1.4,1.32,0.692,14.77064
8.87,3.57,1.25,0.155,16.63334
7.96,2.01,1.08,1.562,14.475981
8.51,14.57,5.84,0.64,19.327297
5.32,10.26,0.57,-0.014,15.375738
11.52,9.78,3.14,1.38,21.471695
5.9,8.76,0.72,1.144,15.61252
8.88,11.6,0.96,0.543,19.20229
9.81,3.85,1.39,0.437,17.737305
9.37,-0.9,0.91,1.308,14.141212
8.32,7.95,1.05,0.501,17.821835
9.02,3.93,1.23,1.003,16.991962
7.01,29.65,0.71,0.567,19.370125
6.96,4.3,0.96,1.394,15.127342
8.9,2.69,0.84,1.15,16.048761
7.57,18.03,1.04,0.468,18.84998
10.35,-0.37,7.28,0.546,13.1910095
8.69,5.45,1.26,0.549,17.371983
9.92,29.15,1.54,1.071,22.243193
7.95,4.08,0.96,0.979,16.0033
8.63,9.73,1.07,0.463,18.570564
8.77,3.36,1.19,1.393,16.401697
9.99,3.91,1.48,0.515,17.950884
9.11,11.89,1.31,0.83,19.485909
8.81,8.31,0.78,0.67,18.408005
7.45,34.3,0.89,0.726,20.126469
5.92,23.46,1.02,0.302,17.77164
7.81,4.32,0.95,1.137,15.987419
9.43,14.69,3.6,0.896,20.26511
5.56,7.96,0.6,-0.052,15.064566
7.17,6.78,0.94,0.345,16.326149
8.77,6.29,1.56,0.539,17.763252
9.66,3.53,1.48,0.47,17.398874
8.95,3.97,1.05,1.052,16.943953
9.08,6.86,1.15,0.398,18.26162
5.86,14.65,1.35,1.01,16.68919
7.53,5.49,0.96,1.166,16.227861
8.81,2.72,1.33,1.473,15.982845
9.85,4.99,2.26,0.52,18.340504
9.23,2.6,1.32,0.32,16.304867
6.96,2.84,0.78,1.485,14.226592
6.9,2.96,0.99,1.426,14.256458
8.86,9.46,1.18,0.66,18.739456
6.5,5.99,0.86,1.079,15.387135
8.59,2.3,1.25,0.391,15.39864
9.13,7.48,1.08,0.577,18.499508
9.95,0.6,1.66,0.251,13.840756
9.95,6.12,1.62,0.476,18.883757
12.04,27.77,3.55,1.453,24.25788
10.1,4.33,1.54,0.46,18.28244
9.21,12.92,1.39,0.662,19.766312
8.51,22.51,1.49,0.73,20.271877
8.37,7.86,1.09,0.485,17.847113
5.43,5.5,0.98,1.391,14.131813
5.99,4.86,0.97,1.022,14.423181
9.72,3.88,4.35,0.724,17.66416
8,2.84,1.19,1.034,15.266592
9.24,-1.2,1.28,0.506,14.635906
8.24,12.91,1.06,0.491,18.79463
9.9,-1.16,2.37,0.33,15.22229
7.86,7.55,0.97,0.363,17.249735
6.99,1.37,0.82,1.625,12.673603
7.7,3.29,0.98,1.467,15.285979
9.42,32.77,1.71,1.163,21.997383
6.82,6.73,0.7,1.238,15.960075
9.79,8.38,1.45,0.555,19.40622
7.8,0.15,0.9,1.634,8.680457
6.74,9.62,0.76,0.191,16.655876
8.89,1.51,1.04,1.001,14.784885
9,5.99,1.35,0.526,17.887135
8.98,3.5,1.31,0.98,16.70034
8.56,3.36,1.08,0.1,16.191696
8.15,16.84,1.03,0.543,19.281712
7.47,14.53,1.21,0.55,18.281328
6.67,4.58,0.95,1.304,14.974328
6.88,0.22,0.99,1.631,8.5921135
6.4,6.85,0.66,0.995,15.578453
8.8,8.76,1.04,0.502,18.51252
9.35,3.91,1.56,0.41,17.310884
9.45,2.5,1.54,1.049,16.439701
7.11,3.7,0.93,1.26,14.95101
7.89,1.59,1.03,1.375,13.896986
8.23,2.72,1.01,1.294,15.402843
5.84,18.18,0.92,0.973,17.13797
8.77,28.63,1.12,0.78,21.054108
8.12,2.93,0.92,0.947,15.454338
8.91,4.04,0.99,1.047,16.941906
8.3,5.79,1.84,0.905,17.113392
7.72,1.53,0.85,0.056,13.643457
7.04,7.5,0.84,1.06,16.415306
7.36,4.25,0.72,0.993,15.5019455
5.92,3.23,0.55,1.561,13.466013
8.7,4.19,1.23,0.171,16.81107
8.34,5.97,1,0.973,17.219872
7.85,20.82,0.79,0.556,19.442404
8.49,5.7,0.88,0.279,17.269375
8.42,74.45,1.11,1.202,22.779324
8.35,3.77,0.86,1.004,16.231709
9.7,8.82,1.54,0.624,19.427341
7.28,6.82,0.99,1.168,16.448921
6.28,13.74,0.98,0.763,16.969934
8.53,4.31,1.2,1.379,16.702385
8.64,1.44,1.37,1.397,14.431812
9.42,11.31,1.87,0.843,19.687313
9.74,30.78,1.6,1.144,22.181343
8.71,1.14,0.85,1.04,13.994524
9.08,2.43,0.86,1.391,16.008032
6.05,27.51,0.86,0.447,18.247452
7.36,2.3,0.82,1.444,14.168639
8.6,3.09,0.84,0.1,16.049793
8.94,6.02,1.21,0.756,17.837982
8.1,7.67,1.1,0.944,17.523977
8.59,2.45,1.19,1.033,15.5358305
9.53,2.96,1.38,1.07,16.88646
8.07,0.64,1.12,1.322,12.100899
7.74,4.91,0.95,1.172,16.195408
6.85,6.42,0.69,0.937,15.887674
7.05,6.57,0.86,1.05,16.137829
7.48,6.68,1.41,0.949,16.603882
8.88,6.88,1.18,0.455,18.067944
7.88,0.42,0.79,1.416,10.996246
6.72,5.26,0.74,-0.015,15.324928
9.35,26.92,1.21,0.951,21.500376
8.48,4.19,1.95,1.2,16.59107
7.17,27.36,0.93,0.593,19.355581
4.9,8.37,0.76,-0.091,14.513628
8.98,0.66,1.35,1.311,13.077719
4.79,24.49,0.78,0.29,16.734943
7.94,9.03,1.29,0.392,17.71844
8.1,13.04,1.11,0.595,18.67639
6.88,27.04,0.86,0.624,19.040035
9.66,9.49,1.99,0.52,19.54633
8.18,9.48,1.05,0.487,18.064041
7.87,15.71,1.87,0.492,18.85088
8.79,0.04,1.18,0.979,6.8002996
8.99,4.25,1.45,1.134,17.131945
8.09,16.1,0.96,0.645,19.124128
7.64,9.35,0.92,0.5,17.494059
9.03,0.23,0.99,1.288,10.838639
5.69,7.76,1.11,-0.01,15.139309
8.27,13.78,1.06,0.58,18.966248
6.47,7.63,0.76,0.946,15.882622
8.69,0.81,0.87,0.12,13.232425
9.72,-1.95,3.24,0.456,16.170174
8.46,3.31,1.14,0.98,16.05914
11.94,10.46,3.97,1.37,22.037659
6.54,14.04,0.81,0.468,17.276836
8.41,2.53,1.15,1.342,15.425602
7.07,6.46,0.9,1.013,16.121162
7.55,4.16,0.93,1.015,15.645467
6.91,3.56,0.78,1.249,14.66725
7.38,2.56,0.74,1.604,14.4212
7.34,4,0.84,1.13,15.350301
7.55,2.03,0.66,1.227,14.087481
9.06,1.66,1.3,1.035,15.160541
8.93,5.63,1.22,0.376,17.682543
6.75,4.87,0.84,0.996,15.187645
6.09,10.58,0.72,1.012,16.21243
5.7,10.71,0.71,-0.01,15.848947
7.98,2.88,0.86,1.068,15.276962
6.58,3.41,0.56,0.008,14.2437725
9.36,2.07,1.2,0.502,15.939852
8.81,-0.12,1.1,1.216,9.205907
8.47,5.7,1.22,1.176,17.249374
8.87,0.58,1.07,0.889,12.6871395
8.52,16.26,0.98,0.687,19.575603
8.36,16.71,0.99,0.591,19.474882
7.11,8.54,0.77,0.997,16.76729
9.03,3.85,1.46,1.263,16.957304
7.97,0.09,0.96,2.21,7.741212
8.36,3.98,1.22,0.879,16.359415
7.78,4.14,0.89,1.047,15.865002
6.38,23.16,0.81,0.366,18.203693
8.05,5.53,0.7,0.352,16.763626
8.09,6.63,1.13,0.749,17.197567
8.17,3.12,1.01,1.048,15.640773
9.19,6.09,1.22,0.636,18.113087
7.67,3.37,1.15,1.686,15.308149
8.34,8.29,1.25,0.71,17.932774
9.12,2.46,0.84,1.682,16.074677
6.67,16.33,1.59,0.518,17.734932
7.57,9.38,0.56,0.507,17.431013
9.81,0.93,1.43,0.277,14.652415
5.16,20.42,0.73,0.442,16.710278
5.66,8.94,0.5,0.939,15.416688
8.16,7.89,1.06,0.424,17.645386
6.78,9.06,0.56,0.451,16.565641
9.23,0.65,1.34,0.988,13.294566
9.6,7.75,1.28,0.446,19.046509
7.41,-0.08,0.94,1.52,6.92545
9.65,3.05,1.65,1.2,17.071499
7.58,5.31,0.82,1.037,16.205473
11.14,1.86,2.09,0.041,17.487564
8.19,1.79,0.99,1.08,14.454265
7.49,0.81,0.79,1.38,12.032425
9.01,10.94,1.24,0.56,19.205086
8.14,14.25,0.83,0.593,18.909073
8.63,4.42,1.32,1.194,16.857111
11.18,3.24,2.04,0.117,18.732725
9.28,3.33,0.93,0.563,16.892221
5.57,8.09,0.66,0.697,15.109743
7.43,16.35,0.66,0.482,18.49759
9.02,21.72,1.37,0.745,20.7043
5.61,4.21,0.84,1.58,13.731411
6.35,7.35,0.74,1.222,15.681437
5.13,7.98,0.71,-0.128,14.640015
10.11,-0.07,1.52,0.32,9.335489
5.88,6,0.77,-0.014,14.770757
8.6,8.29,0.97,0.435,18.192772
5.58,14.21,0.77,0.346,16.34297
8.85,3.21,1.21,1.039,16.382526
6.37,5.54,0.74,1.141,15.087548
8.66,2.34,1.18,1.05,15.506079
7.6,11.98,1.23,0.418,17.992285
7.82,2,0.87,1.376,14.3251505
7.2,4.69,0.91,0.986,15.555864
8.97,5.34,1.97,1.3,17.607706
8.65,4,0.79,1.136,16.660301
8.59,22.53,0.91,0.769,20.353806
7.66,2.43,1.07,1.437,14.588032
9.39,7.99,1.25,0.605,18.902733
6.19,5.64,0.75,1.546,14.946396
8.08,-1.59,1.15,1.127,14.086986
8.24,2.17,1.08,1.038,14.922298
6.98,3.12,0.91,1.306,14.450773
7.22,12.95,1.28,0.334,17.78135
7.81,3.17,0.8,1.642,15.315296
7.68,3.48,1.04,1.028,15.387896
6.78,8.63,0.84,0.261,16.460054
8.24,3.28,0.95,1.383,15.819369
9.23,12.36,1.33,0.737,19.690092
7.91,2.52,0.74,1,14.917003
7.97,1.07,1.04,1.431,13.116919
9.12,5.1,0.9,0.463,17.657852
8.49,6.86,1.19,0.38,17.67162
9.8,4.4,1.59,0.669,18.017263
8.45,2.38,1.07,1.053,15.332885
8.56,4.7,0.79,0.241,16.92049
5.07,41.8,0.75,0.502,18.17588
8.27,3.84,1.11,1.087,16.191658
8.92,12.57,1.05,0.609,19.416676
6.77,23.97,0.97,0.468,18.66834
7.74,1.5,0.88,1.406,13.620456
9.26,11.01,0.95,0.675,19.468937
9.25,1.2,1.34,0.891,14.645906
9.38,6.04,1.21,0.338,18.285185
9.09,-0.66,0.93,1.453,13.187719
9.35,-0.6,1.67,1.458,13.240757
7.75,4.71,0.89,1.152,16.115105
8.95,4.78,1.15,0.392,17.34714
8.43,1.93,1.16,0.94,14.857786
9.69,1.81,1.24,0.894,15.978392
7.14,10.5,0.84,0.312,17.245945
6,10.75,0.71,1.142,16.157042
8.51,2.15,0.85,1.005,15.172193
8.11,0.22,1.07,1.5,9.822113
7.21,21.66,0.87,0.477,18.888294
7.53,2.45,0.87,1.419,14.47583
9,66.46,1.27,1.289,23.1128
7.44,6.1,0.67,0.443,16.36665
3.41,13.94,0.64,1.542,14.131313
9.8,5.9,1.35,0.536,18.65426
5.24,13.06,0.59,0.356,15.8197155
4.61,25.38,1.05,1.029,16.632458
9.6,4.23,1.34,1.075,17.731703
9.07,5.36,1.15,0.488,17.715824
8.38,2.3,1.11,1.298,15.188639
8.23,2.83,0.93,1.032,15.488932
6.81,6.18,0.52,1.26,15.764942
9.23,6.04,0.96,0.508,18.135185
8.68,2,1.01,0.078,15.18515
8.03,3.71,1.13,1.077,15.876869
8.03,9.53,1.19,0.515,17.925465
10.14,5.62,1.38,0.585,18.888683
7.07,1.87,0.85,1.605,13.429209
6.94,0.22,0.78,0.059,8.652113
8.84,1.79,0.84,1.496,15.104265
7.34,2.38,0.93,1.483,14.222885
2.66,32.81,0.62,0.16,15.240031
8.52,7.67,2.14,0.257,17.943977
3.59,18.76,0.74,1.275,14.956165
8.88,7.01,1.03,0.569,18.10859
7.98,1.28,0.94,0.067,13.51605
9.91,2.79,2.37,0.446,17.138021
7.25,9.84,0.87,0.84,17.214975
9.26,8.64,1.41,0.788,18.94257
7.76,0.8,0.9,1.472,12.27545
8.88,1.79,1.24,1.047,15.144265
7.57,10.89,0.82,0.43,17.755138
9.63,7.15,1.06,0.594,18.901531
8.15,6.15,1,0.425,17.094376
9.33,6.77,1.38,0.48,18.482944
10.05,10.47,1.42,0.563,20.149734
8.34,4.54,1.23,1.085,16.625278
8.97,7.11,0.88,0.491,18.229347
8.73,1.42,1.2,1.124,14.491442
9.18,0.46,1.24,1.168,12.49379
7.7,3.84,0.92,1.066,15.621656
9.52,9.2,1.21,0.444,19.33894
6.12,7.38,0.92,0.919,15.460281
8.65,15.8,1.16,0.637,19.643284
8.25,6.94,1.03,0.927,17.456799
9.66,0.69,1.45,0.899,13.854245
5.91,9.95,0.89,0.97,15.899115
6.18,3.21,0.66,-0.004,13.712524
8.88,2.79,0.81,1.143,16.10802
9.31,12.96,0.88,0.603,19.873026
8.76,-0.82,0.91,1.483,13.329069
10.48,6.16,3.88,0.506,19.427902
9.42,4.32,1.12,0.623,17.59742
7.91,5.53,0.62,0.314,16.623627
6.17,4.41,0.87,1.344,14.392193
6.3,6.24,0.82,0.895,15.275924
7.92,27,1.05,0.656,20.07682
9.56,14.86,1.38,0.66,20.420094
8.23,4.41,1.1,0.986,16.452192
9.19,13.96,1.38,0.666,19.914429
9.96,-0.79,1.91,0.388,14.448135
9.11,6.69,0.9,0.753,18.23713
8.93,2.39,1.34,0.956,15.82199
9.2,3.16,1.23,1.23,16.698435
8.54,1.94,0.91,1.618,14.979009
9.45,-1.03,1.35,0.995,14.514186
7.56,13.5,4.6,0.676,18.21167
7.63,13.46,1.61,0.491,18.275227
7.22,1.47,0.63,1.651,13.056587
4.67,8.64,0.81,1.047,14.352569
9.83,14.46,1.29,0.837,20.63084
7.97,16.31,0.82,0.552,19.032269
5.89,3.81,0.71,-0.146,13.794624
7.93,11.18,0.94,0.495,18.172209
8.66,4.66,1.03,0.965,17.00193
8.96,3.62,1.78,1.022,16.753544
7.9,4.02,0.96,1.198,15.921131
6.2,23.87,0.65,0.404,18.089262
6.11,6.65,0.52,0.265,15.224108
8.74,3.71,1.71,0.473,16.58687
9.41,28.66,1.41,0.863,21.69638
6.99,2.88,0.88,1.382,14.2869625
6.01,2.81,0.83,-0.03,13.253532
9.07,2.45,1.49,0.891,16.015831
9.52,1.28,1.33,1.5,15.05605
8.49,2.12,1.14,0.385,15.121679
8.94,3.53,1.23,1.254,16.678873
8.61,2.97,1.63,1.064,15.973782
7.31,6.73,0.9,0.402,16.450075
7.21,7.86,1.07,1.087,16.687113
10.2,-0.01,1.63,0.461,5.2
9.98,0.82,1.84,0.439,14.549068
8.41,2.74,0.73,1.191,15.598753
9.2,4.06,1.12,0.228,17.24263
8.83,5.47,1.32,0.25,17.519936
6.44,13.43,1.02,0.439,17.080381
6.33,5.85,0.72,1.016,15.165779
9.15,5.29,1.23,0.402,17.767277
7.51,3.33,0.99,1.308,15.122221
7.22,1.73,0.6,0.054,13.410231
7.2,14.41,0.91,0.47,17.99332
6.35,5.29,0.78,1.608,14.967278
8.67,2.84,0.83,0.294,15.936592
9.08,2.81,1.3,1.032,16.323532
9.47,2.76,1.56,0.442,16.674545
8.12,3.11,1.01,1.103,15.583802
9.32,7.66,1.38,0.546,18.741142
5.64,18.9,0.71,0.537,17.022308
9.39,5.2,4.03,0.459,17.970016
9.31,6.21,3.21,0.655,18.27546
9.5,20.01,1.32,0.907,21.006235
9.08,2.01,0.92,1.16,15.59598
7.17,22.34,0.65,0.808,18.915417
7.48,1.23,0.94,1.614,12.929525
9.27,7.71,4.08,0.645,18.705273
9.73,10.37,2.67,0.773,19.808893
8.82,13.43,1.16,0.537,19.46038
10.07,-1.88,1.52,0.24,16.440788
8.45,3.06,1.07,0.924,15.878607
8.98,25.79,1.28,0.795,21.037256
7.96,18.93,1.7,0.672,19.345753
7.83,6.13,0.98,0.918,16.767303
8.07,11.54,0.67,0.365,18.38103
6.84,2.47,0.73,1.596,13.803485
8.14,6.54,1.22,0.388,17.217888
8.02,6.29,0.91,0.269,17.013252
9.29,5.16,1.35,0.4,17.853249
6.46,10.15,0.49,0.107,16.492329
9.24,2.9,1.24,1.26,16.55199
8.9,3.73,1.22,1.15,16.758545
9.11,-0.74,1.29,0.473,13.456158
7.53,2.76,0.86,1.468,14.734547
9.32,7.11,1.38,0.41,18.579348
9,5.7,1.45,0.5,17.779373
5.97,8.67,0.6,-0.008,15.660095
6.22,4.5,0.73,0.97,14.486063
8.19,1.78,0.77,1.332,14.4421
9.39,4.39,1.51,0.448,17.602322
8.45,3.45,0.92,0.964,16.139095
8.26,-0.19,1.51,0.306,9.653769
5.93,7.4,0.82,1.403,15.276159
9.58,12.22,1.01,0.625,20.015356
8.91,1.77,1.49,1.592,15.149866
5.37,6.4,0.78,1.517,14.4009
7.41,2.13,0.73,1.348,14.051898
7.46,5.31,0.88,0.729,16.085472
9.95,4.01,1.62,0.5,17.965721
6.6,8.06,0.74,-0.04,16.131676
9.17,5.44,1.15,0.452,17.847996
7.6,2.87,0.88,1.62,14.88941
9.5,6.19,1.32,0.54,18.458454
9.47,10.53,1.41,0.727,19.582142
6.18,3.25,0.96,1.366,13.739416
9.32,3.89,1.25,0.625,17.269749
8.1,11.96,0.72,0.501,18.488655
6.33,18.04,0.79,1.02,17.611183
7.95,0.87,1.06,1.068,12.647596
8.11,5.17,1.74,1.031,16.677452
8.77,3.59,0.96,1.157,16.545473
9.43,7.79,1.32,0.293,18.887688
8.95,3.11,1.15,0.989,16.413803
8.66,37.6,2.02,1.197,21.535938
8.87,-0.11,1.38,2.024,9.076963
7.28,11.96,0.84,0.446,17.668655
5.92,4.93,0.82,1.104,14.384234
7.94,2.79,0.95,-0.023,15.168021
3.99,10.84,0.79,1.554,14.165147
5.97,3.63,0.84,1.491,13.769533
6.88,1.57,0.84,0.83,12.859499
9.64,1.23,1.24,0.57,15.089526
6.23,1.42,0.84,-0.036,11.991442
7.8,3.77,1,0.559,15.681707
9.44,1.76,1.05,0.225,15.667563
9.23,13.42,1.36,0.557,19.868763
5.49,12.29,0.89,1.021,15.937759
7.37,1.66,1,1.612,13.47054
9.07,1.11,1.2,1.14,14.296615
8.22,4.65,0.98,1.016,16.557266
8.35,8.11,0.91,0.624,17.895105
6.75,7.5,0.92,1.127,16.125305
7.39,5.17,0.92,1.077,15.957453
8.52,3.87,0.91,0.354,16.458555
8.62,3.35,1.19,0.124,16.245224
9.77,6.67,1.5,0.306,18.890629
7.43,1.05,0.9,0.279,12.535946
7.24,4.98,1.04,1.059,15.726147
9.85,4.39,1.85,0.652,18.062323
9.6,6.46,2.41,0.5,18.651163
8.4,23.21,1.15,0.78,20.228374
10.26,-1.75,2.55,0.101,16.475191
9.23,5.62,1.23,0.995,17.978682
6.9,8.73,0.76,0.508,16.605072
9.26,6.75,1.19,0.671,18.406519
9.2,2.02,0.96,0.161,15.726757
9.19,4.22,1.07,0.485,17.316563
6.64,3.39,0.78,1.548,14.290998
9.28,9.19,0.78,0.513,19.096577
9.76,19.25,1.67,0.74,21.182154
9.4,6.3,1.42,0.51,18.396702
6.96,2.73,0.81,0.788,14.140814
8.91,1.87,1.22,1.074,15.269208
6.34,26.14,0.79,0.5,18.426527
9.19,8.06,1.33,0.626,18.721676
8.49,0.97,1.12,1.427,13.423859
8.18,16.72,1.1,0.53,19.29618
9.21,2.17,1.79,0.85,15.892299
6.92,1.47,0.61,1.571,12.756587
8.99,6.99,1.24,0.549,18.212385
7.18,4.53,0.98,0.894,15.460491
6.11,9.35,0.85,0.27,15.964058
7.23,5.47,0.85,1.096,15.919937
7.66,1.49,0.72,1.598,13.525931
7.39,4.61,0.63,1.107,15.708504
9.78,1.11,2.81,0.598,15.006615
8.8,6.35,1.05,0.325,17.81387
9.67,2.45,1.51,1.249,16.61583
6.45,7.03,0.85,1.063,15.684776
8.45,5.13,1.99,0.976,17.000587
5.36,11.68,0.5,0.884,15.697214
8.72,0.76,1.03,0.909,13.124068
7.58,13.76,1.03,0.516,18.273092
9.34,6.37,2.22,0.771,18.360697
7.07,5.15,0.82,0.99,15.629036
7.78,15.26,1.03,0.563,18.697773
8.98,3.36,1.48,0.966,16.611696
8.75,14.9,1.07,0.576,19.615932
10.45,14.6,1.81,1.072,21.271763
7.67,6.81,1,0.958,16.835735
7.36,22.16,0.93,0.555,19.087849
8.12,18.95,0.99,0.661,19.508045
8.92,11.51,1.3,0.495,19.225376
7.83,4.22,0.91,1.299,15.956562
9.33,3.04,1.37,0.977,16.744368
5.15,8.76,0.64,1.471,14.86252
7.24,1.96,0.57,1.39,13.701281
9.54,0.33,1.8,1.194,12.13257
8.47,2.37,1.2,2.155,15.343742
8.71,3.68,1.2,1.141,16.53924
3.6,28.48,0.77,1.065,15.8727
7.76,3.54,1.21,1.293,15.505016
7.42,15.9,0.97,0.51,18.426987
8.91,5.9,1.19,0.905,17.76426
8.31,6.75,0.71,0.354,17.45652
9,6.32,1.32,0.903,18.003586
8.86,2.32,1.09,1.096,15.687439
6.33,3.19,0.71,0.013,13.848953
6.4,5,0.82,0.018,14.89485
7.61,3.45,0.66,1.185,15.299095
8.68,4.98,0.83,1.205,17.166147
8.76,4.56,1.32,0.508,17.054825
7.18,3,0.92,1.414,14.565606
8.07,16.11,0.92,0.517,19.105478
8.16,2.48,1.17,0.909,15.132257
8.71,13.15,0.85,0.614,19.30463
6.92,0.07,0.76,1.852,6.14549
9,5.6,1.24,0.457,17.74094
5.94,10.1,0.68,1.045,15.961607
9.02,1.15,1.31,0.163,14.323489
9.05,2.36,1.09,0.342,15.91456
8.59,4.02,1.16,0.36,16.61113
9.89,3.78,1.08,0.499,17.777458
7.67,4.02,0.91,0.95,15.691131
5.59,5.19,0.77,1.185,14.165836
6.38,7.75,0.91,0.006,15.8265085
9.38,3.96,1.34,0.705,17.368477
7.94,0.44,0.77,1.435,11.157263
7.17,10.38,0.89,0.375,17.250986
8.83,-1.79,2.42,0.724,15.094265
8.07,23.61,1.03,0.651,19.93548
7.07,18.84,0.62,0.508,18.445404
8.95,1.38,1.02,1.549,14.649395
8.34,3.86,2.85,0.158,16.272938
8.86,1.67,1.29,1.02,14.973581
6.98,1.55,0.72,1.843,12.931658
8.82,18.57,0.95,0.666,20.164059
7.01,6.41,0.72,0.192,16.04429
9.73,2.7,1.52,0.476,16.886818
9.37,10.37,1.29,0.662,19.448895
7.91,7.61,0.95,0.423,17.316923
8.23,6.14,1.13,0.513,17.170841
9.56,99.44,1.39,1.463,24.547806
7.93,1.69,0.67,1.614,14.069433
8.46,20.6,1.06,0.748,20.029335
7.57,8.67,0.84,0.528,17.260096
7.7,1.75,0.93,1.636,13.91519
6.44,4.05,0.87,1.608,14.477276
9.78,2.95,1.42,0.384,17.12911
8.41,6.58,0.94,0.563,17.50113
8.39,10.25,0.92,0.469,18.443619
9.51,5.4,4,0.566,18.171968
6.8,5.71,0.75,1.293,15.58318
7.83,28.23,0.94,0.815,20.083553
7.77,3.24,1.04,1.073,15.322725
6.15,22.09,0.65,0.524,17.87098
8.38,6.8,0.92,0.494,17.542545
9.14,14.22,1.27,0.651,19.9045
8.96,0.87,0.99,0.41,13.657597
9.83,10.07,1.54,0.618,19.845146
7.35,8.87,1.48,1.205,17.089619
8.23,5.79,1.05,0.571,17.043392
7.44,5.17,0.92,1.279,16.007452
8.4,3.45,0.79,0.977,16.089096
7.68,2.87,1.15,1.549,14.96941
7.2,-0.69,9.62,0.085,11.394245
9.16,7.35,1.28,0.504,18.491436
7.19,7.38,0.92,0.124,16.530281
8.44,7.04,1.3,0.533,17.677864
8.01,2.9,0.98,0.076,15.321991
8.05,3.38,0.89,0.431,15.694584
7.08,2.45,0.73,1.61,14.02583
8.41,2.77,1.05,0.084,15.622399
9.16,7.72,1.4,0.448,18.598087
8.85,8.89,1.16,0.488,18.59451
8.75,14.55,0.84,0.594,19.564316
7.5,8.63,1.04,0.488,17.180054
8.27,8.17,1.95,0.795,17.831112
6.22,2.84,0.69,0.032,13.486591
7.77,9.25,1.02,0.231,17.600708
7.6,1.47,0.84,0.101,13.436586
9.38,3.36,1.54,0.187,17.011696
5.22,7.65,0.52,0.954,14.638308
6.97,51.27,0.88,0.766,20.519316
6.92,1.12,0.62,2.04,12.16609
8.83,5.7,1.16,0.479,17.609375
5.04,17.54,0.62,0.031,16.260147
7.27,2.67,0.95,1.498,14.402556
8.6,16.82,2.26,0.612,19.72913
9.36,2.29,1.26,1.029,16.159178
6.6,5.84,0.78,1.153,15.432064
10.5,2.53,1.59,0.66,17.515602
7.2,2.84,0.86,1.599,14.466592
7.1,3.9,1.05,1.494,15.055323
6.03,7.21,0.74,-0.063,15.319675
7.46,3.8,0.89,1.214,15.358918
7.37,4.22,0.67,1.086,15.496562
9,11.13,1.13,0.656,19.232475
8.82,3.49,1.32,0.541,16.534126
8.64,7.3,2.04,0.909,17.956615
8.78,4.95,1.21,0.409,17.253025
7.21,3.38,0.91,1.53,14.854584
7.6,9.44,1.08,0.492,17.47486
7.81,3.38,0.75,1.351,15.454584
8.77,1.31,1.14,1.326,14.356358
5.9,5.66,0.94,1.091,14.664082
9.26,1.99,1.57,1.149,15.754266
7.22,4.29,0.89,1.273,15.382286
6.88,6.89,0.91,1.293,16.071095
9.24,63.03,1.98,1.39,23.237736
9.14,2.93,1.38,1.08,16.474339
8.3,0.39,1.06,0.382,11.255323
7.77,1.25,1.01,1.604,13.25455
4.97,4.65,0.55,-0.084,13.307264
7.43,5.34,0.81,1.061,16.067705
9.02,8.08,1.21,0.661,18.557056
8.08,2.94,1.11,0.221,15.421737
8.14,2.71,0.9,0.972,15.304847
8.93,11.52,1.2,0.64,19.237263
6.09,12.12,1.11,0.186,16.507515
9.58,4.59,1.21,0.5,17.889065
7.35,11.35,0.88,0.681,17.62498
9.38,3.38,1.1,0.511,17.024584
5.49,4.8,0.63,1.615,13.896206
6.82,0.24,0.88,1.874,8.721056
8.57,2.24,1.02,1.459,15.321239
7.3,20.34,1.04,0.694,18.841755
9.75,33.18,2.07,1.008,22.354382
8.93,0.95,0.79,1.025,13.818619
7.96,27.32,0.84,0.651,20.142403
8.84,2.58,1.08,-0.104,15.898098
5.42,11.31,0.85,0.146,15.687313
6.77,11.85,0.88,0.328,17.138592
9.22,2.55,1.5,0.993,16.2527
6.36,6.09,0.53,0.906,15.283087
9.09,9.23,0.87,1.014,18.916008
6.43,3.1,0.83,1.498,13.886808
7.62,17.21,0.76,0.758,18.798904
6.92,4.14,0.8,1.383,15.005002
9.4,2.85,1.36,1.108,16.674225
9.4,5.37,1.26,1.187,18.049871
8.22,3.5,1.43,1.064,15.940341
7.3,14.86,0.61,0.423,18.160095
8.83,7.54,1.14,0.54,18.216856
7.92,6.42,0.66,0.621,16.957676
7.79,1.17,0.67,1.45,13.130929
8.71,5.93,0.98,1.141,17.575274
8.45,1.26,1.06,1.467,13.951853
8.12,5.94,1.05,1.172,16.988932
8.59,-0.56,0.85,0.36,12.33094
8.09,4.16,0.96,1.061,16.185467
8.76,13.44,1.16,0.584,19.401997
9.27,21.9,3.1,0.999,20.972221
8.95,8.88,1.23,0.625,18.692064
9.16,4.81,1.11,0.232,17.570724
9.11,3.45,1.33,0.978,16.799095
8.99,1.64,1.34,0.463,15.0642185
7.91,2.71,0.98,1.205,15.074846
9.85,2.67,1.59,0.513,16.982557
9.14,3.64,1.77,1.038,16.945507
10.28,6.34,2,0.503,19.290447
9.49,16.32,0.99,0.739,20.5536
8.07,3.86,1.1,0.088,16.002937
8.7,2.07,1.24,1.055,15.279852
9.26,6.03,1.28,0.616,18.161587
7.49,2.05,0.98,1.6,14.048769
8.45,7.37,1.16,0.435,17.787338
8.69,3.59,1.14,1.118,16.465473
8.09,3.71,0.92,1.365,15.936871
6.47,5.77,0.61,-0.049,15.275879
7.73,8.67,0.92,0.461,17.420095
7.44,-0.47,1.17,1.633,10.800489
8.67,2.52,1.1,1.157,15.677003
9.65,-0.16,0.97,0.94,10.670599
8.77,2.98,0.86,1.08,16.141083
7.65,3.47,0.99,1.368,15.351647
9.12,1.37,1.12,1.208,14.803602
8.33,2.19,1.17,1.107,15.032221
9.64,6.1,1.44,0.432,18.56665
8.86,2.26,1.35,1.141,15.630542
7.7,3.05,1.62,1.198,15.121499
7.76,2.97,0.93,0,15.123782
8.57,22.9,0.93,0.695,20.369179
7.09,1.72,0.97,1.394,13.267643
8.36,0.5,1.19,1.553,11.854849
9.72,14.49,1.48,0.845,20.525341
10.58,2.82,2.02,1.316,17.831245
9.27,5.71,1,1.03,18.05318
7.41,0.57,1.03,1.389,11.189374
5.01,3.24,0.68,0.405,12.562725
9.15,5.25,1.38,0.818,17.750797
8.55,3.72,0.9,1.012,16.402714
6.35,6.03,0.77,1.179,15.251587
6.77,38.86,0.83,0.648,19.717514
8.52,4.19,1.06,1.015,16.631071
5.38,8.26,0.81,1.343,14.9649
6.66,12.9,0.9,0.457,17.212948
8.32,18.8,1.05,0.595,19.69079
8.55,7.31,0.77,0.417,17.869587
4.92,8.18,0.85,1.434,14.483767
8.55,4.28,0.95,1.051,16.707218
8.14,0.92,1.07,1.599,12.95894
9.11,0.63,1.18,1.168,13.106703
7.8,2.77,0.99,1.208,15.0124
9.17,0.1,1.27,0.984,9.17
7.83,1.08,0.91,0.592,12.997119
6.04,1.31,0.63,1.88,11.626356
7.84,4.26,1,1.14,15.987048
9.65,8.98,1.65,0.641,19.416382
7.31,1.15,0.92,1.4,12.613489
6.94,2.51,0.64,1.504,13.938368
9.87,2.58,1.56,0.97,16.928099
9.11,4.18,1.45,1.247,17.215881
8.44,2.02,0.91,1.33,14.966757
7.86,4.29,0.96,1.02,16.022287
6.07,72.98,0.75,0.752,20.38602
7.82,4.11,0.8,1.041,15.88921
8.59,10.76,1.1,0.489,18.749062
9.26,1.63,1.28,1.068,15.320938
5.96,4.68,0.53,1.397,14.31123
6.14,4.23,0.8,1.49,14.271702
8.97,11.56,1.31,0.674,19.28479
8.12,2.15,1.05,2.53,14.782192
9.6,2.62,1.85,0.415,16.691507
9.29,-1.52,1.28,1.052,15.199218
7.87,4.97,0.99,1.061,16.35178
8.96,8.71,1.43,0.488,18.660091
8.05,9.67,1.51,0.609,17.97713
7.97,1.52,1.08,1.077,13.879217
8.97,8.47,1.09,0.574,18.609417
8.05,1.34,0.85,1.548,13.685524
9.21,7.62,1.3,0.404,18.619774
6.01,25.71,1.73,0.549,18.06051
8.52,-0.78,0.89,1.622,12.9804735
7.48,2.87,0.87,1.532,14.769409
8.98,6.05,1.01,0.403,17.888777
10.95,0.62,1.57,0.134,14.911959
9.43,6.64,0.93,0.513,18.54084
9.87,16.93,1.06,0.954,21.013285
6.49,10.31,0.82,0.286,16.556293
7.45,6.19,0.92,1.125,16.408453
4.61,17.11,0.77,0.928,15.776251
8.59,2.76,0.85,1.042,15.794546
8.69,1.97,0.85,1.444,15.162331
5.69,1.67,0.69,1.435,11.803582
9.26,12.39,1.45,0.589,19.725357
9.34,10.46,1.33,0.695,19.437658
9.37,3.39,1.22,1.06,17.021
7.49,4.88,0.92,1.19,15.932098
2.86,45.74,0.55,0.29,16.161482
8.69,1.93,1.36,2.102,15.117786
10.71,1.62,2.07,0.444,16.757576
8.76,12.01,1.22,0.534,19.157715
8.09,1.27,0.96,1.499,13.609018
9.22,0.64,0.93,1.428,13.2509
7.48,2.08,1.1,1.185,14.070316
5.45,2.45,0.68,1.644,12.39583
8.26,2.86,0.75,1.075,15.54183
5.98,7.16,0.94,0.941,15.254564
9.37,6.49,1.73,0.772,18.431223
9.38,0.15,1.86,0.58,10.260457
7.02,2.12,0.84,1.666,13.65168
8.51,6.45,1.17,0.446,17.557798
8.57,-0.16,1.12,1.612,9.590599
8.62,6.66,1.22,0.403,17.73737
8.51,1.8,0.83,1.576,14.786363
9.11,7.26,1.3,0.458,18.414684
9.62,1.75,1.26,1.116,15.83519
8.78,13.4,0.76,0.602,19.415524
8.46,3.23,0.94,1.403,16.006012
8.35,3.06,1.06,0.955,15.778607
8.13,0.53,0.85,0.154,11.751379
7.1,-0.18,0.95,0.307,8.376363
6.15,2.93,0.82,1.652,13.484339
9.21,0.73,1.43,1.086,13.526614
7.88,11.15,0.68,0.476,18.116375
8.57,2.36,0.72,1.081,15.434559
10.27,-1.88,1.24,0.099,16.640789
8.85,2.44,0.91,1.212,15.78695
8.52,3.91,0.83,1.155,16.480885
5.27,11.26,0.77,0.999,15.527693
5.71,5.97,0.7,0.911,14.589871
5.72,6.17,0.71,-0.056,14.671425
8.59,-0.22,0.76,1.781,10.302114
7.51,24.85,0.92,0.595,19.486633
7.93,0.72,0.89,-0.05,12.216662
8.92,8.44,1.12,0.542,18.551712
8.71,1.26,1.25,1.498,14.211853
8.7,4.12,1.23,1.111,16.774487
9.21,3.5,1.17,0.36,16.93034
7.94,16.94,0.61,0.522,19.084566
9.83,1.13,1.95,0.555,15.095392
6.49,6.48,1.01,0.91,15.547874
9.54,3.37,0.88,0.484,17.17815
6.72,5.63,0.57,0.394,15.472542
8.93,3.21,0.78,-0.029,16.462524
8.49,3.06,1.04,0.999,15.918607
8.51,9.83,0.83,0.504,18.472767
8.48,2.67,0.84,1.199,15.612556
6.26,6.95,1.01,0.965,15.469924
8.57,0.27,1.13,1.082,10.726818
8.49,2.8,1,1.005,15.72579
8.37,1.8,0.76,1.435,14.646362
6.82,11.33,0.89,0.257,17.09115
8.75,4.39,1.3,0.44,16.962322
6.51,6.65,0.56,0.97,15.624108
7.92,6.42,1.07,0.108,16.957676
5.94,15.01,0.71,0.297,16.821903
8.85,1.28,1.38,1.012,14.38605
10.06,46.22,4.48,1.365,23.384151
8.8,2.51,1.09,0.17,15.798368
7.7,27.28,0.96,0.691,19.879223
10.37,42.03,1.98,1.46,23.487797
8.17,7.15,1.41,0.563,17.44153
9.3,5.62,1.08,0.409,18.048683
8.66,1.92,1.11,1.331,15.076506
5.42,6.04,0.79,1.311,14.325185
4.95,18.71,0.73,0.17,16.310368
8.68,2.07,0.8,-0.052,15.259851
6.36,13.96,0.9,0.238,17.084429
8.2,0.25,1.18,1.308,10.189699
9.64,13.68,1.38,0.817,20.32043
6.44,5.67,0.67,0.94,15.207916
7.78,4.79,0.99,1.123,16.181679
7.45,20.45,0.99,0.617,19.003468
8.67,0.49,1.35,0.263,12.12098
8.47,5.95,0.77,0.956,17.342585
7.73,6.03,0.72,0.33,16.631586
8.03,4.12,1.07,0.97,16.104485
7.63,5.51,1.02,0.987,16.335758
9.5,5.02,2.08,0.439,18.00352
9.1,2.38,1.28,1.13,15.982885
6.35,16.82,0.85,0.493,17.47913
8.32,0.95,1.15,1.022,13.208618
7.37,4.73,0.58,1.08,15.744306
7.06,4.91,1.09,1.427,15.515408
9.22,1.7,2.25,0.21,15.372245
9.29,5.12,1.29,0.084,17.83635
8.21,1.97,0.98,1.557,14.682331
7.05,3,0.82,1.55,14.435606
9.5,35.95,1.22,1.157,22.278494
7.82,7.5,0.83,1.011,17.195307
7.26,3.93,0.76,0.049,15.231963
8.83,5.64,1.05,0.468,17.586395
5.64,18.28,0.79,0.42,16.94988
8.33,2.81,1.11,1.099,15.573532
6.07,0.1,0.56,0.389,6.07
9.17,2.4,1.5,0.311,16.071056
9.67,6.22,1.19,0.491,18.638952
6.2,23.82,0.87,0.443,18.08471
8.28,2.63,0.75,0.912,15.379778
8.95,1.64,0.91,1.592,15.0242195
9.47,7.45,1.36,0.685,18.830782
9.22,8.43,1.16,0.441,18.849136
7.87,2.67,1.01,1.549,15.002556
9.28,9.48,1.19,0.49,19.164042
5.89,3.29,0.74,1.599,13.475979
8.21,2.98,1.01,1.339,15.581081
7.3,5.8,1.06,1.117,16.11714
8.88,8.42,1.24,0.409,18.506561
8.24,1.42,1.15,0.08,14.001442
9.85,7.81,1.57,0.583,19.313255
7.26,10.48,0.6,0.962,17.361807
8.52,6.51,1.04,0.403,17.587906
4.78,16.48,0.8,0.12,15.864786
6.06,11.89,0.67,0.446,16.43591
8.76,8.92,1.03,0.391,18.511826
8.2,12.24,1.76,0.501,18.638908
8.41,5.86,1.14,0.398,17.249489
6.59,3.54,0.73,-0.03,14.335016
2.64,54.74,0.75,0.165,16.331524
8.29,24.75,1.22,0.684,20.257877
8.02,7.52,0.69,0.349,17.401089
9.34,9.42,1.1,0.645,19.210255
9.68,6.87,1.5,0.455,18.864784
9.58,8.28,1.33,0.547,19.17015
8.74,10.58,1.17,0.524,18.862427
8.55,2.13,1.75,0.98,15.191898
7.52,4.12,1.01,0.99,15.594486
8.34,3.84,1.12,0.945,16.261658
8.8,4.27,0.87,0.893,16.95214
9.48,5.52,1.74,0.53,18.189695
5.66,1.79,0.68,0.595,11.924265
10.26,2.84,2.22,0.439,17.526592
6.05,2.93,0.72,1.58,13.384338
7.84,3.77,0.97,1.146,15.721707
8.27,3.97,1.02,1.359,16.263954
9.12,4.61,1.4,0.471,17.438503
9.68,3.92,1.41,0.314,17.646431
8.23,16.58,1.07,0.626,19.327923
6.93,4.4,0.85,1.085,15.147263
5.38,12.69,0.72,1.069,15.897309
8.98,1.08,1.13,1.257,14.147119
5.38,4.27,0.54,0.008,13.53214
8.48,-0.45,1.27,2.266,11.746062
8.7,2.31,1.29,-0.045,15.51806
8.29,5.67,0.98,0.911,17.057915
6.71,7.29,0.72,0.264,16.023638
7.64,5.07,1,0.94,16.16504
8.86,8.88,1.23,0.455,18.602064
9.16,6.17,1.38,0.546,18.111425
9.72,9.92,1.46,0.557,19.702559
9.46,7.59,1.45,0.5,18.86121
6.93,6.8,0.86,0.928,16.092545
7.78,2.82,1.21,1.371,15.031246
8.8,9.45,1.41,0.47,18.677158
9.2,8.35,1.16,0.811,18.808432
9.56,7.06,1.25,0.659,18.804024
7.81,2.2,0.98,1.367,14.522114
8.73,2.15,0.98,1.098,15.392192
10.84,-1.66,1.51,0.045,16.94054
8.81,3.86,1.18,0.54,16.742937
8.68,5.87,1.7,0.485,17.523191
8.61,11.96,1.03,0.607,18.998655
9.39,5.83,1.58,0.513,18.218344
8.09,280.27,1.05,1.56,25.327883
6.82,5.58,0.67,0.962,15.553171
6.09,8.62,0.72,1.125,15.767536
8.95,1.89,0.83,1.01,15.332309
7.52,-0.58,0.87,0.48,11.33714
7.48,24.65,0.91,0.589,19.439085
7.21,18.56,0.95,0.496,18.55289
5.42,4.06,0.55,-0.066,13.46263
8.54,11.65,0.8,0.551,18.87163
8.61,3.27,1.14,0.093,16.18274
9.76,5.27,1.57,0.487,18.369053
7.07,5.22,0.91,1.245,15.658352
7.65,10.33,1.22,0.492,17.7205
5.8,80.63,3.03,0.69,20.332481
8.48,3.32,1,1.056,16.08569
8.26,4.01,1.09,1.194,16.275723
7.67,8.06,0.76,0.271,17.201675
8.08,3.32,1.05,1.251,15.68569
8.32,5.34,1.07,0.448,16.957706
7.78,30.58,1.08,0.664,20.207188
8.5,7.31,1.14,0.469,17.819588
8.5,12.24,1.15,0.573,18.938908
7.75,7.49,0.9,0.323,17.12241
9,5.47,0.93,0.415,17.689938
9.02,3.68,1.21,0.96,16.84924
9.6,-1.65,1.66,0.197,15.68742
9.49,16.17,1.37,0.732,20.53355
8.74,2.68,1.12,1.118,15.880674
8.21,3.5,1.11,1.087,15.930341
9.28,3.79,1.2,0.559,17.173195
5.17,18.08,0.9,0.128,16.455992
6.55,5.73,0.81,1.244,15.340774
7.83,7.7,1.05,0.553,17.262453
5.7,8.11,0.76,1.3,15.245105
9.29,0.62,1.05,1.416,13.251959
7.05,2.8,0.77,1.615,14.28579
8.13,2.71,1.15,1.089,15.294847
9.44,5.68,4.61,0.439,18.211742
8.76,4.55,1.3,1.044,17.050056
7.74,26.42,0.61,0.754,19.849663
6.66,6.07,0.95,0.961,15.575943
7.5,13.52,1.04,0.461,18.154884
7.04,4.06,1.05,0.907,15.08263
9.14,0.76,1.06,0.898,13.544068
4.68,15.04,0.47,0.931,15.56624
8.87,10.54,1.19,0.544,18.984203
7.59,7.39,0.96,0.313,16.933224
8.2,2.34,1.23,1.499,15.04608
9.27,9.9,1.23,0.543,19.248177
7.51,4.76,0.98,1.473,15.898035
4.97,66.43,0.64,0.571,19.081821
9.38,5.23,0.93,0.478,17.972507
9.05,3.38,1.06,1.083,16.694584
8.4,2.56,1.05,1.019,15.441199
9.35,2.9,1.28,0.921,16.661991
9.85,4.6,1.18,0.526,18.16379
7.5,5.94,1.63,1.032,16.36893
9.24,1.99,1.22,0.133,15.734265
8.36,3.28,1.28,1.4,15.939369
9.08,1.28,1.27,1.453,14.61605
9.54,8.02,2.04,0.6,19.060871
7.91,6.18,0.74,1.184,16.864943
5.08,6.45,0.63,-0.098,14.127798
7.98,3.78,1.05,1.061,15.867458
6.68,11.29,0.78,1.102,16.94347
9.77,7.85,3.33,0.95,19.244349
10.34,3.51,2.61,0.396,18.066536
6.91,1.07,0.56,-0.023,12.056919
8.65,12.6,1.06,0.539,19.151852
8.55,8.18,0.88,0.401,18.113766
9.39,12.49,1.52,0.734,19.872812
8.77,0.95,1.17,1.071,13.658619
2.07,16.36,0.76,1.576,13.138916
8.85,0.64,1.02,0.885,12.880899
8.27,4.91,0.77,1.169,16.725409
8.99,2.73,0.87,1.11,16.170815
7.39,5.84,0.92,1.074,16.222065
9.14,2.59,0.91,1.019,16.2065
7.72,2.11,0.91,0.747,14.341412
6.45,21.17,0.56,0.386,18.078604
9.93,-0.02,1.58,1.054,6.43515
8.25,3.92,1.2,1.22,16.21643
9.27,1.78,1.04,1.446,15.5221
10.13,6.79,1.66,0.503,19.289349
8.71,2.33,1.23,0.941,15.54678
8.99,0.99,0.83,1.157,13.968176
9.26,3.98,1.36,0.433,17.259415
6.9,4.84,0.54,0.01,15.324226
6.71,6.57,0.54,0.883,15.797828
9.43,7.19,1.26,0.568,18.713646
8.99,10.95,1.52,0.617,19.18707
7.21,5.19,0.81,0.903,15.785836
7.32,4.71,0.59,1.031,15.685104
8.15,5.91,0.96,0.029,17.007938
7.62,3.73,0.94,0.955,15.478544
9.1,1.71,1.01,1.438,15.26498
8.53,2.66,1.1,1.039,15.654408
9.67,4.54,1.32,0.43,17.95528
9.59,0.85,1.4,1,14.237095
6.27,13.84,0.52,0.44,16.975681
8.24,11.53,1.14,0.52,18.549147
8.57,1.19,1.2,1.035,13.947735
8.78,0.16,1.17,1.137,9.8006
9.06,2.23,1.19,1.068,15.801525
8.41,3.88,2.01,0.486,16.354158
7.68,5.4,0.92,1.062,16.341969
8.71,3.54,0.92,1.639,16.455017
9.14,1.31,1.34,0.927,14.7263565
8.79,1.05,1.26,1.168,13.8959465
10.22,4.3,1.52,0.05,18.387342
9.04,2.5,1.6,1.322,16.029701
8.42,4.18,1.24,1.05,16.52588
8.54,4.59,1.04,0.23,16.849064
9.56,9.64,1.47,0.61,19.480385
7.26,-0.02,0.74,1.92,3.7651498
10.96,0.19,1.49,-0.049,12.353767
9.3,10.02,1.27,0.449,19.30434
7.89,1.58,1.13,1.642,13.8832855
8.59,0.92,0.82,1.593,13.408939
8.06,2.14,0.93,1.378,14.7120695
8.53,20.29,0.93,0.705,20.06641
8.27,5.28,1.15,0.994,16.883171
8.75,1.81,1.09,1.168,15.038393
9.31,5.31,1.31,0.573,17.935474
3.27,32.19,0.68,1.268,15.808605
8.12,7.78,2.03,0.473,17.574898
8.22,9.24,0.74,0.52,18.048359
8.87,18.19,1.45,0.702,20.169163
6.32,6.95,0.81,1.099,15.529924
7.59,3.82,0.62,1.341,15.500318
8.85,4.54,1.24,1.273,17.13528
9.46,7.58,1.16,0.631,18.858345
8.34,6.18,0.83,0.386,17.294943
8.96,5.2,1.26,0.611,17.540016
8.16,4.63,0.7,0.921,16.487904
8.19,1.28,1.15,0.818,13.726049
6.86,25.74,0.62,0.447,18.913042
9.19,-0.76,1.23,1.547,13.594068
7.96,4.48,0.69,1.07,16.216389
6.2,6.56,0.7,1.376,15.284519
10.23,4.02,1.7,0.417,18.25113
7.69,11.72,0.75,0.839,18.03464
8.34,5.64,0.99,0.96,17.096395
10.48,25.12,2.54,1.246,22.480099
8.5,19.39,1.62,0.714,19.93789
8.83,14.72,1.07,0.59,19.669538
9.06,1.06,0.94,1.688,14.186529
5.14,41.01,0.89,0.448,18.204449
9.5,18.1,1.47,0.931,20.788393
9.01,-0.21,0.93,1.518,10.621097
8.45,3.4,0.81,0.098,16.107395
5.88,6.98,0.79,1.133,15.099277
7.1,17.88,0.9,0.5,18.361837
8.29,13.14,0.97,0.488,18.882977
6.43,6.69,0.92,-0.146,15.557131
8.78,3.92,1.13,0.926,16.74643
5.93,8.68,0.71,1.037,15.622599
9.92,0.33,2.39,0.632,12.512569
9.79,9.47,1.12,0.649,19.67175
9.02,3.5,1.24,1.043,16.740341
8.78,-2.05,1.52,1.382,15.338769
7.58,3.55,0.9,-0.115,15.331141
8.98,4.23,1.38,0.483,17.111702
9.18,-0.43,1.49,1.169,12.3473425
10.01,7.07,1.66,0.635,19.257097
8.34,4.09,0.71,0.246,16.398617
7.72,18.22,0.95,0.62,19.022741
9.52,8.41,3.44,0.629,19.14398
6.39,49.05,0.91,0.659,19.843195
7.37,28.54,0.84,0.653,19.64727
6.55,45.76,0.56,0.655,19.85243
8.66,2.04,0.82,1.036,15.208151
9.24,2.36,1.23,0.983,16.104559
6.95,2.45,0.91,1.518,13.89583
9.32,2.61,1.38,0.923,16.403202
9,10.61,1.45,0.566,19.128576
6.46,6.51,0.85,0.962,15.527905
9.35,7.31,1.17,0.529,18.669586
8.8,10.59,1.28,0.537,18.92448
6.51,0.95,0.92,1.864,11.398619
8.4,1.36,1.11,1.305,14.067695
8.52,2.68,0.9,1.008,15.660675
9.24,13.33,1.04,0.763,19.864151
8.55,-0.47,1.07,0.931,11.91049
9.05,9,1.59,0.516,18.821213
6.01,18.76,0.92,1.107,17.376165
9.11,2.87,1.19,0.905,16.39941
5.75,26.83,0.96,0.443,17.893105
7.74,2.08,0.71,1.11,14.330317
8.22,4.29,0.87,0.419,16.382286
8.86,3,1.12,1.111,16.245605
9.2,8.8,0.9,0.573,18.922413
9.11,1.74,1.18,0.99,15.312746
8.72,4.76,1.07,0.462,17.108036
8.69,1.48,2.25,1.019,14.541308
4.83,35.33,0.82,0.421,17.570717
8.75,1.15,1.35,1.204,14.053489
7.95,7.46,1.15,0.317,17.313694
8.92,4.33,2.16,0.417,17.10244
7.89,2.13,2.65,1.08,14.5318985
8.96,11.64,1.36,0.62,19.289764
8.94,1.59,1.32,1.181,14.946985
7.97,3.61,0.89,0.967,15.757536
8.55,1.84,1.15,1.212,14.874089
8.78,1.37,0.9,0.953,14.463602
7.49,6.44,0.61,1.185,16.534428
4.27,17.14,0.81,0.952,15.440054
6.85,20.01,0.87,0.569,18.356236
8.4,5.68,1.13,1.069,17.171741
8.49,1.18,1.1,1.158,13.84941
8.56,4.13,0.96,0.446,16.639751
8.09,8.42,0.83,0.453,17.71656
8.43,2.19,1.41,0.1,15.132221
6.47,11.76,0.87,1.184,16.822037
9.06,1.28,4.29,0.57,14.59605
8.11,4.05,0.97,0.958,16.147274
9.05,4.72,0.91,0.491,17.41971
9.32,5.98,1.22,0.48,18.203506
8.58,7.86,1.11,0.417,18.057114
8.55,1.78,1.18,1.341,14.8021
8.52,2.53,1.41,0.16,15.535603
9.29,4.96,1.2,1.335,17.767408
6.69,3.88,0.82,1.556,14.634159
9.14,2.6,1.43,1.053,16.214867
8.12,2.31,0.78,1.337,14.93806
7.68,2.96,0.87,1.57,15.036459
7.47,5.53,1.04,0.94,16.183626
8.71,-0.06,0.95,1.211,7.6007566
