wal_id,Unemployment
3855,8.239
4523,8.513
808,6.551
4538,8.256
5976,7.382
634,
3689,7.489
5484,8.395
2241,6.232
1056,6.262
6098,10.148
3089,8.023
3599,8.445
4993,8.839
4288,6.17
4366,7.852
3155,5.435
910,8.818
3467,7.484
4631,8.951
5175,8.36
5265,6.989
6218,6.906
3366,8.358
5024,8.464
3463,7.527
1289,9.765
1412,7.382
2100,7.866
2060,7.771
5985,7.382
1180,6.56
6160,7.972
4292,8.324
3469,7.484
3731,8.058
1534,6.833
5766,7.508
502,5.644
1812,6.392
3711,7.405
5419,10.926
5304,14.099
2677,7.943
6321,8.743
4442,8.963
5053,8.395
2544,8.304
2658,7.806
5023,8.464
4551,8.09
1507,7.567
2291,6.548
4313,8.099
5834,6.547
2278,6.061
2177,6.868
3392,8.659
899,9.137
2154,6.842
3880,14.099
4100,9.357
4396,7.057
708,5.603
4839,9.575
4409,6.891
1199,6.416
5946,8.257
735,7.092
3395,8.659
2557,8.535
340,7.551
6166,7.972
6001,7.17
3113,7.503
1201,6.416
3908,14.313
4203,8.028
5821,6.589
5896,9.199
894,9.137
6156,8.119
5308,14.099
1745,7.951
2573,8.243
2011,8.185
1874,8.899
4916,8.549
3528,7.082
2852,7.28
46,7.838
102,7.348
6152,8.119
5448,8.464
2146,7.039
184,8.163
506,5.644
2477,9.331
3300,8.211
3489,7.343
1536,6.833
169,8.099
33,7.787
900,9.137
1998,8.667
445,7.896
2151,7.039
3952,12.89
5873,9.524
6028,9.816
1273,5.277
384,7.197
4449,8.963
4078,9.863
4250,7.057
5463,8.36
4794,10.641
5022,8.464
2430,5.527
1657,13.503
6369,8.625
193,8.028
1992,8.684
205,7.931
1360,8.257
4033,10.409
4468,9.137
2249,6.162
4973,8.744
5725,7.541
5322,14.18
5474,8.476
3832,8.253
2569,8.535
5576,6.228
6377,8.625
1715,10.199
704,5.603
362,7.567
4610,9.265
4068,9.966
603,6.496
1184,6.56
4166,8.2
2674,7.943
5954,7.874
974,8.09
4420,6.565
6068,10.581
4009,10.064
5658,4.584
4649,8.442
3060,8.458
330,7.564
1223,6.404
5571,6.623
449,7.896
4677,7.603
5161,8.464
3001,6.17
4972,8.744
4493,8.595
2575,8.35
804,6.551
3563,7.28
6204,7.224
4015,10.16
1601,14.18
3576,8.488
4296,8.324
2741,7.527
3845,8.239
4154,8.324
2829,6.961
6182,7.804
3982,11.627
3499,7.287
1728,8.107
5493,8.395
3424,8.953
5262,6.989
1572,6.034
5547,6.989
1179,6.56
1637,13.736
4494,8.595
626,6.634
4209,7.931
2346,6.866
5944,8.257
2083,7.806
5668,4.42
5042,8.476
5096,7.716
4051,10.524
4410,6.891
3538,6.961
4539,8.256
1914,8.549
6410,8.567
6400,8.424
3052,8.458
5066,8.3
354,7.574
662,6.3
3985,11.627
6374,8.625
42,7.838
88,7.866
2301,6.635
2066,7.658
1247,5.667
6150,8.119
6056,10.398
3504,7.287
4281,6.565
2322,6.885
4804,10.641
5232,8.177
188,8.163
2594,8.185
676,5.943
3814,7.906
4426,6.565
2565,8.535
446,7.896
952,8.513
4160,8.2
3647,7.818
5951,7.874
2333,6.885
4524,8.513
6281,5.407
1222,6.404
5121,6.989
1510,7.567
5753,7.335
2889,8.099
4980,8.876
3808,7.906
1691,11.627
1873,8.899
5996,7.17
5001,8.665
3761,8.021
4047,10.524
343,7.551
3228,4.584
1176,6.442
4460,9.017
467,7.127
1845,5.765
551,4.308
3677,7.467
815,6.132
5607,5.326
3011,8.348
262,6.891
5714,4.156
3949,12.89
6,8.106
1711,10.926
1187,6.56
428,6.034
1012,6.29
2419,5.936
5306,14.099
3468,7.484
1118,5.679
6108,9.653
3352,8.212
407,6.664
6078,10.581
2793,7.274
1439,7.343
937,8.622
2723,8.187
4965,8.744
4268,6.891
6247,6.078
3553,7.139
2447,9.269
4676,7.603
3495,7.287
3422,8.953
929,8.595
2798,7.274
198,8.028
4643,8.687
4596,9.849
2839,7.139
406,6.664
1739,7.951
3024,8.433
6319,8.743
4983,8.876
901,9.137
3273,4.156
4515,8.622
4572,7.557
2753,7.484
538,4.607
230,7.441
5092,7.716
3884,14.18
764,6.858
1961,8.424
697,5.801
5070,8.3
806,6.551
1166,6.442
4308,8.2
3517,7.274
4843,9.575
1602,14.18
1541,6.833
2084,7.806
1068,6.297
5894,9.199
1346,8.744
619,6.768
311,7.346
5898,9.003
6003,6.943
4017,10.16
1120,5.679
5895,9.199
4711,7.147
1257,5.539
1917,8.549
5947,8.257
3269,4.125
2919,8.028
5363,13.736
4756,10.21
2232,6.232
6036,9.816
11,7.808
3727,8.058
5155,8.554
1037,6.433
5755,7.508
3486,7.343
6005,6.943
1759,7.795
2686,7.943
4147,8.324
3763,8.021
5426,10.926
5295,13.975
5936,8.257
3843,8.253
4247,7.057
3481,7.343
5455,8.36
5124,6.989
2546,8.304
2472,9.331
1293,9.765
5945,8.257
3118,7.671
3631,7.907
4150,8.324
3658,7.767
451,7.372
365,7.567
1592,14.099
4652,8.442
5807,6.759
585,6.465
5408,11.627
6295,8.992
453,7.372
4213,7.931
3298,8.211
5923,8.494
2284,5.847
1993,8.684
1673,12.187
2928,7.931
4466,9.017
62,7.682
4868,9.262
110,7.348
4483,8.818
1343,8.744
2682,7.943
4399,7.057
2165,6.842
2681,7.943
3114,7.503
1658,13.503
382,7.197
3906,14.313
1322,9.003
2844,7.28
5982,7.382
5648,4.781
1421,7.17
460,7.372
4684,7.603
4633,8.951
2998,6.565
2862,8.324
1428,6.943
3279,4.156
4416,6.565
6030,9.816
5847,6.432
3112,7.503
1869,8.899
5802,6.901
2319,6.697
4219,7.931
5566,6.623
994,7.872
459,7.372
5312,14.18
6325,8.743
3926,13.736
495,5.946
3027,8.433
2768,7.343
2287,5.847
3709,7.405
4599,9.495
351,7.574
1794,6.877
2438,9.202
1371,8.257
5772,7.241
2043,8.067
5018,8.464
6289,5.217
5711,4.156
5327,14.313
6426,8.684
2058,7.771
5183,8.476
2259,6.169
4642,8.687
4943,8.684
1727,8.107
455,7.372
3887,14.18
3907,14.313
2996,6.565
1710,10.926
5029,8.36
6428,8.684
2587,8.185
398,6.833
5395,12.187
3043,8.572
5374,13.503
3259,4.125
3030,8.433
4435,9.014
1908,8.549
4667,8.01
6368,8.625
1064,6.297
3857,8
5986,7.382
4263,6.891
807,6.551
2704,8.193
750,7.007
527,5.143
1897,8.724
2930,7.931
251,7.057
1235,6.054
2536,8.075
2827,6.961
1621,14.021
3737,8.058
688,5.801
1254,5.667
2689,8.15
3005,8.283
4349,8.028
2383,6.617
396,6.833
5931,8.494
6279,5.407
3895,14.313
4010,10.064
999,7.557
1990,8.684
3873,14.099
5856,6.432
1417,7.17
5841,6.547
577,6.566
4264,6.891
4164,8.2
4023,10.16
797,6.925
3796,7.85
2482,9.131
4289,6.17
6357,8.521
1934,8.625
4593,9.849
539,4.607
4805,10.641
5144,6.228
2717,8.187
641,6.489
2645,7.658
2355,6.774
3215,4.781
2113,7.943
3874,14.099
4894,8.861
651,6.529
273,6.565
2203,6.614
1609,14.313
2336,6.866
5696,4.125
196,8.028
4461,9.017
2943,7.852
3977,11.627
3714,7.138
2427,5.527
139,6.573
79,7.962
3382,8.454
6176,7.804
6123,9.575
5428,10.926
963,8.256
3377,8.454
177,8.163
4284,6.565
944,8.622
94,7.866
4310,8.2
3363,8.358
5135,6.623
4124,9.14
3361,8.212
5614,5.287
6221,6.906
1558,6.334
6184,7.61
6375,8.625
1684,12.187
4819,9.653
4924,8.512
1887,8.743
3564,7.28
5082,8.177
5889,9.199
608,6.768
4978,8.876
32,7.787
5541,7.244
1807,6.392
2105,7.943
5222,8.177
1288,9.765
2921,7.931
5892,9.199
531,4.607
1826,6.104
4376,7.852
5407,11.627
2662,7.866
1215,6.38
5209,8.3
1225,6.404
5647,4.781
2683,7.943
6213,6.906
5496,8.3
1582,14.099
3591,8.512
5973,7.545
1165,6.442
5011,8.554
742,6.973
4374,7.852
4256,7.057
242,7.441
1597,14.18
3484,7.343
3473,7.484
3111,7.503
4915,8.549
926,8.595
2330,6.885
175,8.099
695,5.801
4899,8.763
2637,7.658
339,7.551
3266,4.125
54,7.742
5169,8.36
104,7.348
1269,5.539
5200,8.395
5482,8.395
1540,6.833
3055,8.458
2593,8.185
6122,9.575
2299,6.635
4997,8.839
4615,9.265
2872,8.2
561,4.077
822,6.132
3234,4.42
4725,9.521
5387,12.89
6267,5.621
4331,8.163
5346,14.021
5893,9.199
1246,5.667
2422,5.936
6240,6.078
2663,7.866
2954,7.441
1778,7.193
2120,8.15
6288,5.217
2035,8.099
6101,10.148
4379,7.441
844,5.668
4858,8.839
4217,7.931
5330,14.313
1852,5.765
3153,5.892
336,7.551
3292,8.326
1616,14.313
5765,7.508
3794,7.85
3520,7.082
4920,8.549
5605,5.326
1447,7.343
913,8.818
4564,7.872
2008,8.35
4847,9.285
2227,6.338
2207,6.339
6323,8.743
2850,7.28
1156,6.384
617,6.768
5146,6.228
5321,14.18
2223,6.338
2145,7.039
4131,9.419
2351,6.774
1045,6.433
2192,6.986
1249,5.667
1038,6.433
4823,9.653
2909,8.028
5824,6.589
5413,11.627
4513,8.622
834,5.964
6284,5.407
3648,7.767
1189,6.56
849,5.668
4744,9.816
5963,7.545
5143,6.623
463,7.127
3663,7.598
6225,6.56
4018,10.16
4062,10.256
1029,6.315
6252,5.774
1799,6.877
1175,6.442
412,6.334
5797,6.901
2455,9.342
5874,9.524
5618,5.287
4453,8.963
2233,6.232
5598,5.326
5490,8.395
5629,5.114
4114,8.988
5506,8.3
4462,9.017
1434,7.368
4095,9.357
2023,8.099
4025,10.409
1110,5.825
5027,8.36
2913,8.028
4937,8.684
3102,7.706
6159,7.972
646,6.529
6195,7.61
3042,8.572
2050,7.771
898,9.137
2552,8.304
3645,7.818
4985,8.876
5299,14.099
4377,7.441
3531,7.082
6209,6.906
3268,4.125
530,4.607
3740,7.982
4269,6.891
226,7.852
3542,6.961
1245,5.667
225,7.852
3106,7.503
6132,9.285
2980,6.891
4544,8.256
2080,7.806
4187,8.163
5059,8.395
5097,7.716
3179,5.326
4126,9.14
5127,6.989
5212,8.3
160,8.2
3596,8.445
162,8.2
3240,4.42
3729,8.058
125,7.143
3039,8.572
5819,6.759
4745,9.816
4793,10.641
5460,8.36
6124,9.575
5516,8.177
6206,7.224
5673,4.42
5251,7.244
2239,6.232
4982,8.876
2987,6.565
356,7.574
1002,6.299
756,7.007
3048,8.572
2883,8.099
6212,6.906
1406,7.382
2884,8.099
4536,8.256
3356,8.212
1872,8.899
5148,8.554
5033,8.36
3540,6.961
5162,8.464
2014,8.185
379,7.197
2320,6.697
2308,6.635
1300,9.524
2054,7.771
2160,6.842
4283,6.565
3156,5.435
2049,8.067
5320,14.18
4000,10.199
1158,6.384
6359,8.521
851,5.668
4464,9.017
1216,6.38
2553,8.304
1655,13.503
2576,8.35
522,5.143
5577,5.892
1459,7.346
2175,6.868
108,7.348
5528,7.716
4547,8.09
552,4.308
213,7.931
3839,8.253
2191,6.986
1893,8.724
2898,8.163
4664,8.01
2186,6.986
6081,10.641
5929,8.494
105,7.348
2854,7.28
233,7.441
5540,7.244
2204,6.614
3669,7.598
4348,8.028
443,7.896
3434,8.187
2912,8.028
5613,5.287
1836,5.965
2097,7.866
2331,6.885
4151,8.324
1948,8.523
2174,6.868
622,6.634
2263,6.169
6361,8.521
4300,8.2
1820,6.104
4957,8.745
2762,7.484
4709,7.147
984,7.872
6235,6.56
925,8.595
3190,5.287
3093,7.706
2751,7.484
5922,8.744
3255,4.261
1251,5.667
4385,7.441
4511,8.622
2670,7.866
3389,8.659
6158,7.972
4432,6.17
166,8.099
1681,12.187
2590,8.185
5794,6.901
1545,6.664
5735,7.363
1399,7.545
3359,8.212
633,6.489
5883,9.524
2819,6.961
3295,8.326
2977,6.891
1668,12.89
5297,13.975
388,6.833
41,7.838
3426,8.953
2459,9.342
4446,8.963
1508,7.567
5255,7.244
4718,6.895
4598,9.495
5468,8.476
2792,7.274
1614,14.313
4342,8.028
5693,4.125
3778,7.725
4927,8.512
5967,7.545
4347,8.028
1332,9.003
1256,5.667
4135,9.419
2808,7.082
4737,9.593
3306,8.211
1919,8.521
5901,9.003
1241,6.054
6136,9.285
4601,9.495
839,5.964
3891,14.18
5724,7.541
928,8.595
1476,7.564
3862,13.975
3453,7.527
1943,8.625
2491,8.975
3566,7.28
3015,8.348
3831,8.253
2337,6.866
482,6.51
3640,7.818
1839,5.965
37,7.838
5653,4.584
4079,9.863
3724,8.237
4605,9.495
575,6.566
841,5.668
3418,8.953
1460,7.346
3420,8.953
5324,14.18
5926,8.494
4797,10.641
1016,6.29
3065,8.252
4152,8.324
1659,13.503
6352,8.521
3488,7.343
3214,4.781
5040,8.476
6262,5.621
1119,5.679
1949,8.523
1882,8.743
2347,6.866
5869,9.765
3365,8.358
318,7.346
1066,6.297
2103,7.943
2750,7.527
4640,8.687
2951,7.441
3644,7.818
3360,8.212
5502,8.3
733,7.092
1846,5.765
2047,8.067
3662,7.598
5662,4.584
210,7.931
4307,8.2
2597,8.099
3056,8.458
826,6.132
5414,11.627
2384,6.617
6208,7.224
4038,10.524
2797,7.274
3477,7.484
4274,6.565
1240,6.054
3047,8.572
2104,7.943
6355,8.521
1698,11.627
422,6.334
4962,8.744
4014,10.16
1479,7.551
2605,8.099
3227,4.584
5382,12.89
2228,6.338
908,8.818
1915,8.549
126,6.908
4428,6.565
5897,9.003
3743,7.982
2444,9.269
3133,7.753
1671,12.89
264,6.891
3284,4.156
1800,6.877
5498,8.3
846,5.668
5906,9.003
988,7.872
5937,8.257
1161,6.384
5294,13.975
2956,7.441
2648,7.806
909,8.818
3789,7.725
3355,8.212
3853,8.239
6417,8.567
888,9.017
1712,10.199
5814,6.759
546,4.308
828,5.964
567,4.077
2352,6.774
6167,7.972
2834,7.139
4921,8.549
4616,9.265
1723,8.316
6013,9.521
553,4.308
3691,7.489
323,7.564
27,7.787
1557,6.334
1162,6.384
4266,6.891
2202,6.614
5637,4.781
2424,5.936
3277,4.156
4130,9.419
5909,9.003
13,7.808
3652,7.767
2776,7.343
2841,7.139
6144,9.285
1898,8.724
6422,8.684
3925,13.736
2493,8.975
312,7.346
6211,6.906
3802,7.85
5087,8.177
2189,6.986
2357,6.774
203,7.931
2955,7.441
707,5.603
4169,8.099
1321,9.003
5866,9.765
127,6.908
1962,8.424
2853,7.28
2842,7.139
24,7.787
4240,7.441
5723,7.541
3582,8.488
2667,7.866
4229,7.852
2765,7.343
3026,8.433
1923,8.521
4918,8.549
4888,8.861
716,7.259
2901,8.163
1078,6.425
5032,8.36
444,7.896
4908,8.763
2382,6.617
3450,7.856
5064,8.395
1163,6.384
1855,5.621
1806,6.392
3568,7.28
4265,6.891
2947,7.441
4648,8.687
2019,8.185
1888,8.743
628,6.634
4259,7.057
4104,8.988
5210,8.3
604,6.496
803,6.551
5025,8.464
1062,6.297
3423,8.953
3404,8.983
2624,7.771
6112,9.653
3354,8.212
2261,6.169
5483,8.395
1709,10.926
2501,8.975
892,9.137
10,7.808
2389,6.403
4108,8.988
4562,7.872
645,6.529
3636,7.818
5133,6.623
4287,6.17
5329,14.313
4392,7.057
2168,6.868
140,6.573
543,4.308
2452,9.342
4824,9.653
3969,12.187
4787,10.581
2437,9.202
6106,9.653
4568,7.872
2474,9.331
616,6.768
5663,4.584
6026,9.593
6100,10.148
564,4.077
1437,7.368
3216,4.781
3546,7.139
5152,8.554
1985,8.684
691,5.801
286,7.368
4248,7.057
4233,7.852
5624,5.287
916,8.818
4517,8.622
1850,5.765
4732,9.593
2094,7.866
4408,6.891
3695,7.489
2895,8.163
4424,6.565
3274,4.156
4968,8.744
1067,6.297
6141,9.285
3282,4.156
1766,7.47
3013,8.348
5117,7.244
2696,8.15
2208,6.339
4571,7.872
1250,5.667
3846,8.239
5780,6.934
4472,9.137
1922,8.521
3633,7.907
3350,8.212
2413,6.235
2199,6.614
2173,6.868
3958,12.89
6114,9.653
1952,8.523
5151,8.554
4180,8.099
4378,7.441
1767,7.47
2972,7.057
1035,6.433
2891,8.099
2417,5.936
6015,9.593
145,8.324
4230,7.852
4987,8.876
3797,7.85
5213,8.3
5587,5.435
2721,8.187
4423,6.565
1442,7.343
4012,10.16
3462,7.527
5864,9.765
2237,6.232
1994,8.684
2166,6.868
3913,14.021
5236,7.716
1729,8.107
116,7.143
3530,7.082
5246,7.716
2679,7.943
2599,8.099
5745,7.335
3388,8.454
1978,8.567
4802,10.641
1593,14.099
137,6.908
5310,14.099
6345,8.549
2479,9.131
3041,8.572
425,6.034
385,7.197
4335,8.163
1079,6.425
1573,13.975
4727,9.593
5078,8.177
1491,7.574
1117,5.679
2848,7.28
1707,10.926
3650,7.767
301,7.343
239,7.441
681,5.943
1100,6.123
1693,11.627
2411,6.235
5084,8.177
5237,7.716
3525,7.082
3193,5.287
3054,8.458
2654,7.806
5286,6.623
1258,5.539
245,7.057
5126,6.989
366,7.567
282,6.17
4101,9.357
4707,7.147
6118,9.653
4176,8.099
2077,7.806
327,7.564
497,5.946
3619,8.149
5876,9.524
1720,8.316
6000,7.17
4254,7.057
4810,10.148
555,4.077
787,6.855
5655,4.584
5396,12.187
101,7.348
2248,6.162
536,4.607
345,7.551
1672,12.89
4895,8.861
2020,8.185
3289,8.326
1574,13.975
488,6.51
5592,5.435
4246,7.441
1088,6.123
5207,8.395
414,6.334
4942,8.684
325,7.564
408,6.664
4324,8.163
3946,13.503
3068,8.252
6246,6.078
3091,7.706
3746,7.982
6292,8.992
693,5.801
2460,9.342
1805,6.392
2219,6.338
297,7.343
4776,10.398
5646,4.781
5859,6.195
1051,6.262
5351,13.736
3134,7.753
5712,4.156
2857,7.293
5531,7.716
1667,12.89
1009,6.29
3559,7.28
5072,8.3
454,7.372
1128,5.401
1013,6.29
3991,10.926
2098,7.866
2328,6.885
3194,5.114
19,7.808
6406,8.567
3004,8.283
5274,6.623
5170,8.36
206,7.931
5050,8.476
4340,8.028
4255,7.057
709,5.603
1022,6.315
3723,8.237
4783,10.581
4715,6.895
4415,6.891
6007,9.521
3543,6.961
6389,8.523
5770,7.241
3769,7.827
1590,14.099
4467,9.137
335,7.551
6429,8.684
3218,4.781
4822,9.653
249,7.057
5403,12.187
5979,7.382
2915,8.028
4606,9.495
4891,8.861
1401,7.382
3181,5.287
5156,8.464
3203,5.114
723,7.092
2786,7.287
3696,7.489
2712,8.193
6419,8.684
1014,6.29
1798,6.877
1398,7.545
1509,7.567
5775,7.241
4533,8.256
3458,7.527
4949,8.745
5993,7.17
3369,8.358
1761,7.795
3558,7.28
1815,6.392
4763,10.21
6296,8.992
3940,13.503
4785,10.581
2859,7.293
3875,14.099
4879,9.051
5557,6.989
259,6.891
4789,10.581
2890,8.099
2950,7.441
1911,8.549
1378,7.874
5920,8.744
303,7.343
6350,8.549
6273,5.621
270,6.565
6311,8.899
1823,6.104
4897,8.763
1837,5.965
5845,6.547
1996,8.684
3527,7.082
5332,14.313
4290,8.324
2093,7.866
515,5.644
595,6.496
5829,6.589
4120,9.14
3801,7.85
6276,5.407
6044,10.21
3445,7.856
719,7.259
4388,7.441
2370,6.745
3031,8.433
921,8.595
5684,4.261
2907,8.163
3536,6.961
5071,8.3
2535,8.075
5677,4.261
2737,7.856
4484,8.818
4315,8.099
4121,9.14
3694,7.489
2563,8.535
5578,5.892
4208,7.931
3767,7.827
2806,7.082
1238,6.054
3753,8.021
3699,7.489
261,6.891
5905,9.003
4323,8.099
2179,6.986
732,7.092
2538,8.075
5301,14.099
2367,6.745
4262,6.891
2729,7.856
4720,9.521
1370,8.257
6110,9.653
144,8.324
3479,7.484
5142,6.623
1518,7.197
61,7.682
1330,9.003
3104,7.503
1813,6.392
6423,8.684
168,8.099
2752,7.484
4451,8.963
4740,9.816
2588,8.185
2013,8.185
1473,7.564
3244,4.42
2832,7.139
758,7.007
2037,8.067
4439,9.014
6047,10.21
191,8.028
1548,6.664
2518,8.471
1749,7.951
338,7.551
948,8.513
6283,5.407
3376,8.454
5204,8.395
5316,14.18
6278,5.407
1139,5.401
5671,4.42
5795,6.901
3681,7.467
4650,8.442
559,4.077
2400,6.403
1954,8.523
993,7.872
820,6.132
5585,5.435
4291,8.324
5244,7.716
1583,14.099
3562,7.28
130,6.908
5953,7.874
889,9.017
4583,10.115
4855,9.285
4828,9.653
4489,8.818
6214,6.906
1744,7.951
1945,8.625
918,8.595
5369,13.503
4628,8.951
1666,12.89
298,7.343
1274,5.277
3863,13.975
4438,9.014
4970,8.744
3192,5.287
5925,8.494
682,5.943
5074,8.3
4190,8.163
5252,7.244
4728,9.593
2503,8.975
306,7.343
3016,8.348
5511,8.177
3882,14.18
3526,7.082
978,8.09
2687,8.15
1207,6.38
5,8.106
2141,7.992
1347,8.494
486,6.51
5196,8.395
4189,8.163
2076,7.806
673,5.943
4072,9.966
2526,8.471
3441,7.856
5206,8.395
4465,9.017
5779,7.241
3698,7.489
1233,6.054
5517,8.177
4590,9.849
227,7.852
3347,8.252
2657,7.806
583,6.465
2251,6.162
3196,5.114
4846,9.285
1069,6.297
246,7.057
3918,14.021
5052,8.476
4179,8.099
5340,14.021
2746,7.527
791,6.925
2816,7.082
3620,8.149
5425,10.926
3701,7.405
3955,12.89
3671,7.598
3829,8.009
2130,8.193
680,5.943
4344,8.028
4963,8.744
437,7.896
4931,8.512
2589,8.185
2555,8.304
1418,7.17
3148,5.892
4773,10.398
4085,9.863
1824,6.104
526,5.143
4261,6.891
537,4.607
547,4.308
5927,8.494
1356,8.494
2582,8.185
2549,8.304
12,7.808
1737,7.951
3375,8.358
421,6.334
772,6.858
350,7.574
111,7.348
4782,10.581
411,6.664
1376,7.874
1304,9.524
699,5.603
427,6.034
4800,10.641
5319,14.18
1648,13.503
598,6.496
4932,8.512
3742,7.982
3976,11.627
5347,14.021
5442,8.464
2948,7.441
4019,10.16
5430,10.199
6129,9.575
2398,6.403
5584,5.892
6362,8.521
1359,8.494
4679,7.603
3165,5.435
3100,7.706
355,7.574
3602,8.445
5159,8.464
4691,7.396
5467,8.36
2685,7.943
223,7.852
5041,8.476
3309,8.211
683,5.943
962,8.256
4064,9.966
845,5.668
2458,9.342
2618,8.067
6366,8.625
5871,9.524
3809,7.906
1089,6.123
3487,7.343
2680,7.943
4184,8.163
2277,6.061
3615,8.149
5754,7.508
1188,6.56
2490,9.131
980,8.09
4158,8.2
4880,9.051
2603,8.099
4914,8.549
5792,6.934
3939,13.503
667,6.3
6086,10.641
3142,7.543
5054,8.395
2089,7.866
570,3.879
2559,8.535
3529,7.082
935,8.622
5815,6.759
630,6.634
5520,8.177
1364,8.257
5732,7.363
3045,8.572
995,7.872
593,6.496
20,7.808
5409,11.627
2611,8.067
3630,7.907
119,7.143
2096,7.866
6177,7.804
67,7.682
4838,9.575
6151,8.119
5375,13.503
1514,7.567
2985,6.891
2388,6.403
2738,7.527
692,5.801
3070,8.252
4672,8.01
2435,9.202
4036,10.409
1776,7.193
6009,9.521
4801,10.641
1280,5.277
2534,8.075
1594,14.18
4759,10.21
6040,10.21
2222,6.338
2238,6.232
3849,8.239
855,5.329
4661,8.442
1311,9.199
3734,8.058
4971,8.744
4872,9.051
4871,9.051
2880,8.2
4768,10.398
6083,10.641
2666,7.866
4056,10.256
3324,8.275
293,7.368
4758,10.21
429,8.623
2953,7.441
5886,9.199
4113,8.988
3595,8.512
5747,7.335
5181,8.36
5888,9.199
4680,7.603
1870,8.899
6205,7.224
5138,6.623
5810,6.759
2675,7.943
3096,7.706
2641,7.658
3756,8.021
4863,9.262
1230,6.404
5160,8.464
3154,5.435
4107,8.988
2975,6.891
4030,10.409
2537,8.075
2660,7.806
545,4.308
618,6.768
2425,5.936
5777,7.241
4447,8.963
1086,6.425
3168,5.326
3029,8.433
1314,9.199
4531,8.513
3821,8.009
833,5.964
1141,5.124
392,6.833
313,7.346
5328,14.313
4852,9.285
5058,8.395
4020,10.16
452,7.372
2279,6.061
1198,6.416
835,5.964
2796,7.274
5784,6.934
783,6.855
3962,12.187
6430,8.684
5118,6.989
2772,7.343
5600,5.326
3697,7.489
1913,8.549
2073,7.658
2709,8.193
6092,10.641
4458,9.017
1142,5.124
3014,8.348
1803,6.392
590,6.465
1150,6.415
5365,13.503
1441,7.343
5372,13.503
919,8.595
1733,8.107
6394,8.424
6390,8.523
4736,9.593
1448,7.343
946,8.513
3243,4.42
4981,8.876
2171,6.868
3983,11.627
5168,8.464
4316,8.099
1663,12.89
2570,8.243
6229,6.56
3574,7.293
648,6.529
2627,7.771
469,7.127
1890,8.743
6191,7.61
5177,8.36
2470,9.331
800,6.925
751,7.007
4885,8.861
3092,7.706
5800,6.901
1469,7.564
4798,10.641
3978,11.627
3904,14.313
2661,7.866
5392,12.187
1031,6.315
4433,9.014
5195,8.476
3523,7.082
739,6.973
2967,7.057
2055,7.771
2735,7.856
1598,14.18
3219,4.584
3303,8.211
6088,10.641
4518,8.622
5695,4.125
1465,7.564
1236,6.054
5443,8.464
3123,7.671
1763,7.795
2579,8.35
182,8.163
599,6.496
1906,8.724
517,5.143
6174,7.804
4205,8.028
4945,8.684
6297,8.992
6245,6.078
1471,7.564
2306,6.635
5418,10.926
1735,8.107
4149,8.324
2286,5.847
6072,10.581
1366,8.257
5229,8.177
1683,12.187
5139,6.623
1134,5.401
4067,9.966
4954,8.745
4146,9.151
5661,4.584
4306,8.2
5334,14.313
4305,8.2
1234,6.054
4222,7.852
5003,8.665
2973,6.891
728,7.092
2707,8.193
6041,10.21
5386,12.89
5955,7.874
6365,8.625
4659,8.442
5243,7.716
5478,8.476
685,5.801
4559,7.872
1705,10.926
3777,7.827
2399,6.403
2485,9.131
6135,9.285
3506,7.274
2408,6.235
930,8.595
3584,8.512
1963,8.424
3452,7.856
2527,8.471
5935,8.494
8,7.808
895,9.137
30,7.787
2445,9.269
2475,9.331
2390,6.403
5185,8.476
3127,7.671
2423,5.936
2157,6.842
5192,8.476
1612,14.313
2365,6.745
798,6.925
4595,9.849
3097,7.706
3680,7.467
5291,13.975
1524,7.197
4558,8.09
4501,8.595
3414,8.983
943,8.622
3693,7.489
1716,8.316
1703,10.926
5565,6.623
6045,10.21
275,6.565
1492,7.574
2407,6.235
4521,8.513
3936,13.503
5588,5.435
4624,8.951
3251,4.261
3618,8.149
4191,8.163
4996,8.839
2026,8.099
3427,8.953
3661,7.767
759,7.007
5269,6.989
5850,6.432
1630,14.021
4999,8.839
5915,8.744
3183,5.287
3626,7.907
852,5.668
5373,13.503
1027,6.315
4391,7.057
6099,10.148
4185,8.163
5242,7.716
2041,8.067
6147,8.839
3130,7.753
320,7.564
402,6.664
4686,7.603
5733,7.363
315,7.346
2529,8.471
1960,8.424
4946,8.684
1341,8.744
6253,5.774
1497,7.574
2129,8.193
3578,8.488
3667,7.598
1642,13.736
86,7.962
2620,8.067
243,7.057
1822,6.104
5729,7.363
376,7.197
1390,7.545
1649,13.503
2551,8.304
5182,8.476
5103,7.716
1604,14.18
269,6.565
3733,8.058
5569,6.623
447,7.896
961,8.256
5634,5.114
3317,8.117
324,7.564
187,8.163
4687,7.603
1615,14.313
2187,6.986
5988,7.382
1040,6.433
1173,6.442
221,7.852
3019,8.348
862,9.014
5509,8.177
6048,10.21
4119,9.14
6024,9.593
4614,9.265
5730,7.363
5877,9.524
3299,8.211
4934,8.512
960,8.256
643,6.489
6294,8.992
2976,6.891
294,7.343
389,6.833
2879,8.2
4155,8.2
5112,7.244
4301,8.2
4697,7.396
3270,4.125
35,7.838
3152,5.892
3325,8.275
4322,8.099
6025,9.593
5564,6.623
4459,9.017
1560,6.334
3511,7.274
2215,6.339
2052,7.771
3398,8.659
3372,8.358
2929,7.931
5100,7.716
3927,13.736
5163,8.464
121,7.143
1792,6.877
753,7.007
975,8.09
240,7.441
331,7.564
1450,7.343
1193,6.416
161,8.2
1186,6.56
4224,7.852
78,7.962
1190,6.56
4490,8.818
2436,9.202
529,4.607
5628,5.114
1965,8.424
5501,8.3
4509,8.622
4632,8.951
48,7.742
1564,6.334
150,8.324
1431,7.368
5470,8.476
2072,7.658
253,7.057
2379,6.617
3967,12.187
2656,7.806
3204,5.114
2779,7.287
513,5.644
1531,6.833
3333,8.275
4958,8.745
3610,8.149
1123,5.679
2606,8.099
1633,13.736
1810,6.392
2923,7.931
268,6.891
2122,8.15
6189,7.61
5938,8.257
6270,5.621
837,5.964
4363,7.852
2409,6.235
6241,6.078
4669,8.01
3501,7.287
5077,8.3
3898,14.313
4734,9.593
1329,9.003
3552,7.139
985,7.872
715,7.259
2690,8.15
3335,8.275
5337,14.313
4890,8.861
5326,14.313
4052,10.256
1426,6.943
2561,8.535
3374,8.358
1369,8.257
1513,7.567
1135,5.401
5062,8.395
6223,6.56
6404,8.424
329,7.564
2480,9.131
5539,7.244
5769,7.241
1353,8.494
3150,5.892
2268,6.169
426,6.034
5333,14.313
2349,6.774
238,7.441
2087,7.806
369,7.567
383,7.197
1706,10.926
3973,12.187
4372,7.852
5104,7.716
1865,8.992
507,5.644
1019,6.29
5249,7.244
418,6.334
96,7.866
5737,7.363
6171,7.804
1781,7.193
2586,8.185
2736,7.856
6300,8.899
1520,7.197
409,6.664
6387,8.523
1643,13.736
1708,10.926
532,4.607
5527,7.716
3125,7.671
5799,6.901
5266,6.989
5341,14.021
5992,7.17
4541,8.256
2218,6.338
624,6.634
1403,7.382
5275,6.623
1061,6.297
1331,9.003
2329,6.885
589,6.465
2374,6.745
917,8.818
1391,7.545
6371,8.625
2406,6.235
4907,8.763
3139,7.753
3588,8.512
665,6.3
190,8.163
3923,13.736
1987,8.684
4836,9.575
3917,14.021
4153,8.324
6303,8.899
99,7.866
165,8.099
2601,8.099
6344,8.549
2522,8.471
1452,7.346
381,7.197
4143,9.151
6113,9.653
6338,8.724
3810,7.906
404,6.664
5939,8.257
2305,6.635
6261,5.774
2497,8.975
6034,9.816
3053,8.458
3308,8.211
4394,7.057
1697,11.627
5535,7.244
2840,7.139
512,5.644
4612,9.265
5964,7.545
2030,8.099
1292,9.765
694,5.801
2609,8.067
2005,8.35
5750,7.335
1191,6.56
2326,6.885
3745,7.982
5378,12.89
4312,8.099
3182,5.287
3593,8.512
6217,6.906
3063,8.252
3132,7.753
2941,7.852
1107,5.825
1080,6.425
686,5.801
2908,8.028
3938,13.503
5397,12.187
4767,10.398
3116,7.671
562,4.077
5381,12.89
4654,8.442
627,6.634
359,7.567
2778,7.287
1281,5.277
4724,9.521
3518,7.274
2651,7.806
2868,8.2
3975,11.627
4629,8.951
5080,8.177
2894,8.163
1226,6.404
3625,7.907
6210,6.906
5383,12.89
4892,8.861
3916,14.021
3628,7.907
6067,10.581
6077,10.581
68,7.682
4413,6.891
967,8.256
1157,6.384
1946,8.523
1804,6.392
2256,6.162
5924,8.494
2061,7.771
5563,6.623
4479,9.137
236,7.441
907,8.818
1756,7.795
4276,6.565
2164,6.842
6125,9.575
5868,9.765
5549,6.989
2075,7.806
419,6.334
334,7.551
2190,6.986
4516,8.622
3901,14.313
6256,5.774
1878,8.899
5471,8.476
3685,7.467
4865,9.262
5857,6.432
2298,6.635
3682,7.467
5785,6.934
747,6.973
4482,8.818
4600,9.495
5457,8.36
3286,4.145
3788,7.725
727,7.092
5279,6.623
865,9.014
6230,6.56
790,6.925
3719,8.237
3222,4.584
1976,8.567
1154,6.384
2795,7.274
6373,8.625
3221,4.584
831,5.964
4168,8.099
1325,9.003
2002,8.35
1589,14.099
3117,7.671
3679,7.467
3402,8.983
5879,9.524
3322,8.117
4703,7.147
3560,7.28
4332,8.163
1640,13.736
2225,6.338
3963,12.187
1214,6.38
2342,6.866
501,5.946
3656,7.767
4939,8.684
4735,9.593
2592,8.185
2836,7.139
157,8.2
2652,7.806
1653,13.503
5079,8.177
4243,7.441
6310,8.899
1097,6.123
1847,5.765
135,6.908
1252,5.667
2439,9.269
6188,7.61
322,7.564
2402,6.235
6115,9.653
2182,6.986
6154,8.119
1651,13.503
5073,8.3
6268,5.621
4861,8.839
891,9.017
4270,6.891
3058,8.458
1605,14.18
4685,7.603
2133,8.193
4556,8.09
1704,10.926
4239,7.441
6224,6.56
9,7.808
4194,8.163
5401,12.187
505,5.644
1979,8.567
5477,8.476
3513,7.274
874,8.963
4603,9.495
3342,8.252
2448,9.269
2128,8.193
92,7.866
260,6.891
5534,7.244
2499,8.975
1458,7.346
4581,10.115
3474,7.484
1771,7.47
1195,6.416
6004,6.943
3752,8.021
3780,7.725
1124,5.679
1997,8.684
6051,10.21
4279,6.565
3899,14.313
1942,8.625
504,5.644
6364,8.521
4912,8.549
2533,8.075
1686,11.627
1486,7.551
2465,9.331
3994,10.926
2905,8.163
2598,8.099
5774,7.241
3136,7.753
64,7.682
468,7.127
1084,6.425
1674,12.187
5560,6.623
6320,8.743
3503,7.287
6121,9.575
1024,6.315
1467,7.564
2267,6.169
3314,8.117
3107,7.503
5049,8.476
4586,9.849
752,7.007
3739,7.982
2963,7.057
4099,9.357
3959,12.89
3732,8.058
3247,4.261
72,7.682
2123,8.15
2805,7.082
5900,9.003
556,4.077
305,7.343
3629,7.907
3514,7.274
84,7.962
3278,4.156
1025,6.315
5473,8.476
4294,8.324
3706,7.405
3258,4.261
2734,7.856
563,4.077
4928,8.512
2181,6.986
5105,7.244
6298,8.992
5487,8.395
74,7.962
4784,10.581
4206,8.028
4361,7.931
23,7.787
3197,5.114
2048,8.067
2362,6.745
678,5.943
2672,7.866
4617,9.265
5890,9.199
132,6.908
1644,13.736
4182,8.163
266,6.891
1268,5.539
2131,8.193
2359,6.774
1387,7.545
2471,9.331
3175,5.326
1003,6.299
5590,5.435
5813,6.759
1171,6.442
277,6.565
4646,8.687
1342,8.744
4775,10.398
1809,6.392
3128,7.671
1884,8.743
6346,8.549
5840,6.547
4011,10.064
6401,8.424
4048,10.524
557,4.077
836,5.964
4127,9.14
2027,8.099
3396,8.659
3819,8.009
5368,13.503
4260,6.891
3987,10.926
2295,6.548
3110,7.503
2910,8.028
2440,9.269
4037,10.409
4387,7.441
1294,9.765
5962,7.874
5325,14.313
2878,8.2
5669,4.42
2368,6.745
38,7.838
1724,8.107
4221,7.852
2045,8.067
1125,5.679
2789,7.287
263,6.891
6057,10.398
3914,14.021
4450,8.963
66,7.682
2745,7.527
6117,9.653
4042,10.524
1456,7.346
958,8.256
6258,5.774
271,6.565
2001,8.667
3867,13.975
516,5.143
3492,7.287
3757,8.021
3245,4.42
2649,7.806
5599,5.326
5812,6.759
3598,8.445
614,6.768
374,7.197
2015,8.185
4325,8.163
368,7.567
3328,8.275
2224,6.338
4083,9.863
1085,6.425
4456,9.017
3861,13.975
6190,7.61
3475,7.484
3768,7.827
6140,9.285
1699,10.926
483,6.51
4893,8.861
4950,8.745
3276,4.156
6103,10.148
2770,7.343
100,7.348
5021,8.464
1462,7.346
477,6.51
776,6.855
778,6.855
1669,12.89
3226,4.584
5057,8.395
5555,6.989
1324,9.003
582,6.465
6091,10.641
60,7.682
2869,8.2
2244,6.232
5288,6.228
5882,9.524
4611,9.265
3233,4.42
6165,7.972
4309,8.2
4171,8.099
5349,14.021
2453,9.342
4712,7.147
3009,8.283
2473,9.331
2974,6.891
2782,7.287
5198,8.395
4125,9.14
3905,14.313
1848,5.765
793,6.925
3675,7.467
5863,9.765
6070,10.581
1129,5.401
370,7.567
3315,8.117
3393,8.659
6075,10.581
4434,9.014
5865,9.765
812,6.551
658,6.529
3085,8.023
3167,5.326
2441,9.269
939,8.622
4327,8.163
5450,8.464
5166,8.464
1789,6.877
2169,6.868
612,6.768
5091,8.177
69,7.682
2596,8.099
3466,7.484
5977,7.382
4258,7.057
1232,6.054
5870,9.765
6105,10.148
2801,7.274
2142,7.992
3037,8.572
3747,7.982
2636,7.658
3573,7.293
4134,9.419
3965,12.187
3496,7.287
2494,8.975
3773,7.827
2434,9.202
5257,7.244
4857,9.285
433,8.623
1033,6.315
3186,5.287
2700,8.193
5203,8.395
4619,9.265
1833,5.965
183,8.163
4567,7.872
3411,8.983
2823,6.961
4514,8.622
2945,7.852
6378,8.625
295,7.343
3683,7.467
2056,7.771
4576,10.115
2726,7.856
360,7.567
850,5.668
3590,8.512
979,8.09
2769,7.343
1291,9.765
149,8.324
5722,7.541
2481,9.131
4608,9.495
621,6.634
2065,7.658
5952,7.874
2085,7.806
3172,5.326
4360,7.931
2790,7.274
3950,12.89
2960,7.057
5728,7.363
1011,6.29
584,6.465
5221,8.177
4370,7.852
25,7.787
5678,4.261
741,6.973
5226,8.177
1606,14.18
6269,5.621
1580,13.975
2316,6.697
5958,7.874
848,5.668
2343,6.866
4400,7.057
1363,8.257
4546,8.09
3649,7.767
3837,8.253
5217,8.3
2826,6.961
2079,7.806
3660,7.767
5044,8.476
4693,7.396
5526,7.716
711,5.422
4791,10.581
1046,6.433
4678,7.603
5499,8.3
4940,8.684
1043,6.433
1547,6.664
2386,6.617
5036,8.36
2116,8.15
1533,6.833
214,7.931
5699,4.125
471,7.127
1732,8.107
5281,6.623
876,8.963
5664,4.42
2118,8.15
4569,7.872
5267,6.989
4478,9.137
1797,6.877
6111,9.653
5823,6.589
3206,4.781
6164,7.972
743,6.973
5738,7.363
4772,10.398
3612,8.149
702,5.603
6239,6.078
1568,6.334
5760,7.508
1073,6.297
4201,8.028
2822,6.961
1516,7.567
4371,7.852
4355,7.931
3184,5.287
4557,8.09
332,7.564
1103,5.825
3235,4.42
5119,6.989
2200,6.614
2313,6.697
698,5.603
4021,10.16
5081,8.177
1685,12.187
5439,8.554
4004,10.064
632,6.489
2167,6.868
4689,7.396
6380,8.523
4032,10.409
2364,6.745
3370,8.358
4575,7.557
3425,8.953
4881,9.051
2148,7.039
4976,8.876
4491,8.818
3806,7.906
3408,8.983
748,6.973
3594,8.512
4050,10.524
2290,6.548
5263,6.989
1055,6.262
3283,4.156
3864,13.975
4333,8.163
4006,10.064
5522,7.716
1299,9.524
4492,8.818
1202,6.416
5086,8.177
5707,4.156
3847,8.239
4626,8.951
3876,14.099
6376,8.625
5867,9.765
644,6.489
3770,7.827
3115,7.503
594,6.496
4075,9.966
2881,8.099
172,8.099
1204,6.38
3025,8.433
714,5.422
3508,7.274
5697,4.125
5043,8.476
6403,8.424
6335,8.724
4086,9.863
1285,4.954
549,4.308
6285,5.407
6194,7.61
2622,7.771
5505,8.3
2375,6.617
1867,8.899
6259,5.774
3624,7.907
1611,14.313
6163,7.972
4398,7.057
1743,7.951
4882,9.051
2997,6.565
5017,8.464
4473,9.137
152,8.2
2856,7.293
950,8.513
2009,8.35
1840,5.965
754,7.007
90,7.866
5188,8.476
148,8.324
3348,8.252
914,8.818
1427,6.943
5136,6.623
5412,11.627
1504,7.567
367,7.567
5010,8.554
966,8.256
3163,5.435
4109,8.988
3827,8.009
4278,6.565
3921,13.736
2727,7.856
287,7.368
2463,9.342
934,8.622
124,7.143
131,6.908
2032,8.099
479,6.51
3762,8.021
4723,9.521
4594,9.849
3099,7.706
4710,7.147
650,6.529
5437,8.554
3387,8.454
6331,8.724
3316,8.117
2748,7.527
768,6.858
1742,7.951
2604,8.099
1696,11.627
1053,6.262
2363,6.745
5488,8.395
1802,6.877
2925,7.931
3653,7.767
2508,8.89
363,7.567
4500,8.595
4675,8.01
154,8.2
990,7.872
4129,9.14
4506,8.622
5837,6.547
2292,6.548
5615,5.287
1627,14.021
2216,6.339
3815,7.906
4906,8.763
395,6.833
4746,9.816
942,8.622
397,6.833
2989,6.565
4754,10.21
5838,6.547
3960,12.89
5603,5.326
1717,8.316
903,9.137
5950,7.874
6130,9.575
1136,5.401
5125,6.989
5633,5.114
5194,8.476
44,7.838
1231,6.054
2784,7.287
731,7.092
1489,7.551
4133,9.419
669,6.3
4074,9.966
745,6.973
2486,9.131
5822,6.589
4441,8.963
3992,10.926
3419,8.953
3071,8.252
257,6.891
5510,8.177
200,8.028
629,6.634
4375,7.852
2886,8.099
4167,8.2
4096,9.357
4786,10.581
664,6.3
4334,8.163
4198,8.028
448,7.896
18,7.808
1323,9.003
3435,8.187
2137,8.193
5180,8.36
2152,7.039
2324,6.885
4630,8.951
4317,8.099
5875,9.524
3265,4.125
3577,8.488
6408,8.567
5887,9.199
2235,6.232
2385,6.617
1212,6.38
34,7.838
760,7.007
328,7.564
4925,8.512
4026,10.409
4386,7.441
490,5.946
3288,4.145
5861,6.195
1670,12.89
3707,7.405
5817,6.759
1900,8.724
1801,6.877
1971,8.424
788,6.925
1537,6.833
5708,4.156
3686,7.467
1095,6.123
2545,8.304
1912,8.549
2161,6.842
1151,6.415
1101,5.825
606,6.768
3971,12.187
1700,10.926
5928,8.494
5720,7.541
6347,8.549
4960,8.745
4658,8.442
2307,6.635
3456,7.527
4321,8.099
5371,13.503
5354,13.736
1955,8.523
4683,7.603
1272,5.277
6133,9.285
153,8.2
2694,8.15
2711,8.193
3716,7.138
5749,7.335
5702,4.125
2608,8.067
2392,6.403
5804,6.901
2623,7.771
4699,7.396
179,8.163
5296,13.975
1939,8.625
353,7.574
2970,7.057
5278,6.623
6339,8.724
869,8.963
1783,7.193
420,6.334
4989,8.839
1380,7.874
1791,6.877
5679,4.261
1354,8.494
4454,9.017
3726,8.058
1555,6.664
3551,7.139
1973,8.567
5957,7.874
2132,8.193
3012,8.348
4956,8.745
1947,8.523
2815,7.082
766,6.858
202,8.028
1682,12.187
5068,8.3
521,5.143
3877,14.099
3920,14.021
2185,6.986
700,5.603
5688,4.261
5966,7.545
1203,6.416
5390,12.89
1205,6.38
3345,8.252
4574,7.557
3157,5.435
2625,7.771
5627,5.114
5153,8.554
3996,10.926
2831,7.139
81,7.962
6222,6.56
4884,8.861
1287,9.765
1618,14.313
5292,13.975
3129,7.753
2999,6.17
319,7.346
2242,6.232
6175,7.804
6260,5.774
5444,8.464
2610,8.067
2282,6.061
3986,11.627
1416,7.17
2125,8.15
5910,9.003
5434,8.554
265,6.891
1196,6.416
1544,6.664
2194,6.614
5285,6.623
2356,6.774
5831,6.589
5645,4.781
1050,6.262
2025,8.099
4634,8.951
1818,6.104
5223,8.177
1375,7.874
6018,9.593
1632,14.021
4163,8.2
6020,9.593
5609,5.326
3409,8.983
4812,10.148
17,7.808
2449,9.269
4850,9.285
3567,7.28
1194,6.416
2254,6.162
341,7.551
2749,7.527
1849,5.765
1933,8.625
4080,9.863
3690,7.489
6060,10.398
4285,6.565
4241,7.441
1581,14.099
195,8.028
2028,8.099
1482,7.551
2944,7.852
3095,7.706
3386,8.454
2250,6.162
1160,6.384
3728,8.058
3050,8.572
2986,6.565
2990,6.565
5315,14.18
386,6.833
4403,6.891
1242,6.054
5089,8.177
4826,9.653
5621,5.287
972,8.09
3820,8.009
1309,9.199
3547,7.139
4469,9.137
143,8.324
825,6.132
4106,8.988
3177,5.326
1209,6.38
5318,14.18
5911,8.744
802,6.551
5842,6.547
4528,8.513
3006,8.283
3465,7.527
3700,7.489
4673,8.01
4820,9.653
2952,7.441
1909,8.549
2158,6.842
5220,8.3
4704,7.147
3191,5.287
3121,7.671
996,7.872
5969,7.545
6012,9.521
3786,7.725
4087,9.863
5940,8.257
4507,8.622
4390,7.057
15,7.808
5862,6.195
5090,8.177
3627,7.907
5991,7.17
4381,7.441
4499,8.595
6197,7.224
5880,9.524
6139,9.285
3999,10.926
4419,6.565
3883,14.18
4299,8.2
4267,6.891
93,7.866
6093,10.148
5542,7.244
2373,6.745
509,5.644
579,6.566
2498,8.975
5537,7.244
3329,8.275
5303,14.099
4063,10.256
4713,7.147
1349,8.494
592,6.465
1786,7.193
2524,8.471
4917,8.549
1090,6.123
3557,7.139
3149,5.892
1860,8.992
316,7.346
2443,9.269
4969,8.744
860,9.014
931,8.622
3205,5.114
7,8.106
1453,7.346
2231,6.338
3108,7.503
5485,8.395
525,5.143
1956,8.523
4165,8.2
4778,10.398
4172,8.099
4058,10.256
4904,8.763
5047,8.476
416,6.334
5975,7.545
518,5.143
4471,9.137
3405,8.983
4862,9.262
2676,7.943
5305,14.099
814,6.551
2764,7.484
6059,10.398
5098,7.716
3787,7.725
2847,7.28
5095,7.716
2612,8.067
2405,6.235
581,6.465
4214,7.931
3351,8.212
1553,6.664
1505,7.567
1224,6.404
1138,5.401
307,7.346
1770,7.47
4790,10.581
5356,13.736
2022,8.185
6317,8.743
1554,6.664
73,7.962
1854,5.765
3491,7.343
5617,5.287
720,7.259
6227,6.56
4829,9.653
2858,7.293
5031,8.36
254,7.057
2196,6.614
5660,4.584
1411,7.382
4161,8.2
4183,8.163
3379,8.454
499,5.946
1694,11.627
1320,9.199
5358,13.736
2703,8.193
4389,7.441
3512,7.274
2127,8.15
5764,7.508
1834,5.965
3539,6.961
3561,7.28
290,7.368
2067,7.658
4144,9.151
3248,4.261
1591,14.099
6384,8.523
2134,8.193
2119,8.15
1622,14.021
5012,8.554
5676,4.42
675,5.943
6293,8.992
2540,8.075
4111,8.988
4402,7.057
656,6.529
1964,8.424
1006,6.299
3632,7.907
2621,8.067
2584,8.185
3305,8.211
1569,6.034
2692,8.15
1147,6.415
5638,4.781
4418,6.565
4803,10.641
3889,14.18
3164,5.435
5581,5.892
4878,9.051
1164,6.384
799,6.925
3202,5.114
2562,8.535
3400,8.659
1892,8.743
5435,8.554
2450,9.269
4757,10.21
4066,9.966
1795,6.877
1328,9.003
3781,7.725
3818,8.009
2340,6.866
2873,8.2
1358,8.494
2804,7.082
2893,8.099
1925,8.521
2794,7.274
4470,9.137
6094,10.148
1010,6.29
3984,11.627
3911,14.021
1070,6.297
2969,7.057
2875,8.2
722,7.259
2846,7.28
4128,9.14
3856,8.239
4330,8.163
1901,8.724
2108,7.943
5989,7.17
4692,7.396
6161,7.972
491,5.946
4076,9.966
574,6.566
6265,5.621
620,6.634
945,8.513
5742,7.335
642,6.489
5801,6.901
3410,8.983
3635,7.818
1485,7.551
1861,8.992
1927,8.521
4175,8.099
1283,4.954
3993,10.926
2180,6.986
6143,9.285
991,7.872
45,7.838
405,6.664
3294,8.326
2911,8.028
4534,8.256
5063,8.395
3383,8.454
2069,7.658
5344,14.021
3381,8.454
159,8.2
1790,6.877
3634,7.907
5849,6.432
3188,5.287
4041,10.524
2903,8.163
5761,7.508
3272,4.156
3934,13.503
5567,6.623
887,9.017
4414,6.891
5912,8.744
2106,7.943
258,6.891
1108,5.825
4170,8.099
1336,8.744
954,8.513
4238,7.441
2339,6.866
6087,10.641
3964,12.187
255,7.057
2733,7.856
1584,14.099
3080,8.023
3211,4.781
3076,8.023
256,6.891
5268,6.989
5568,6.623
1916,8.549
4554,8.09
4913,8.549
136,6.908
5140,6.623
300,7.343
5287,6.228
4560,7.872
2571,8.243
4339,8.028
481,6.51
2010,8.185
4077,9.863
2803,7.274
1511,7.567
3253,4.261
450,7.372
21,7.787
2539,8.075
2156,6.842
2716,7.992
3721,8.237
3915,14.021
2742,7.527
660,6.3
638,6.489
3035,8.433
566,4.077
1528,7.197
5026,8.36
141,6.573
870,8.963
5302,14.099
220,7.852
1738,7.951
2669,7.866
3412,8.983
5583,5.892
2761,7.484
5421,10.926
5995,7.17
4212,7.931
5703,4.156
1883,8.743
1419,7.17
6334,8.724
6382,8.523
2062,7.658
3866,13.975
1775,7.47
6434,8.667
244,7.057
342,7.551
3654,7.767
6237,6.078
1143,5.124
5642,4.781
2246,6.162
4105,8.988
3948,12.89
823,6.132
866,8.963
2619,8.067
953,8.513
5355,13.736
1625,14.021
3666,7.598
5593,5.435
2016,8.185
3059,8.458
4638,8.687
1970,8.424
2511,8.89
3075,8.252
4832,9.575
5917,8.744
2432,9.202
5740,7.363
2914,8.028
3000,6.17
5205,8.395
1169,6.442
3199,5.114
597,6.496
2962,7.057
4543,8.256
40,7.838
4049,10.524
3765,8.021
1264,5.539
5672,4.42
534,4.607
3930,13.736
4814,10.148
5046,8.476
4525,8.513
1373,8.257
3844,8.239
5562,6.623
2626,7.771
4651,8.442
1409,7.382
867,8.963
3327,8.275
3771,7.827
3018,8.348
1843,5.765
5758,7.508
3826,8.009
1004,6.299
2731,7.856
4535,8.256
358,7.574
4069,9.966
3346,8.252
877,8.963
533,4.607
1477,7.564
6226,6.56
2412,6.235
1595,14.18
2217,6.339
4726,9.521
5533,7.716
6039,9.816
588,6.465
371,7.567
436,8.623
3021,8.348
1957,8.523
5076,8.3
464,7.127
1532,6.833
6043,10.21
5519,8.177
2253,6.162
4901,8.763
393,6.833
3586,8.512
3966,12.187
6363,8.521
1844,5.765
4498,8.595
2678,7.943
186,8.163
875,8.963
5710,4.156
4977,8.876
2938,7.852
2897,8.163
3943,13.503
6162,7.972
302,7.343
1054,6.262
5739,7.363
508,5.644
279,6.565
2288,6.548
4833,9.575
5597,5.435
5134,6.623
5773,7.241
2979,6.891
6080,10.641
2642,7.658
6414,8.567
1174,6.442
2554,8.304
5167,8.464
1571,6.034
5191,8.476
5406,11.627
3603,8.445
1317,9.199
6046,10.21
2466,9.331
2639,7.658
146,8.324
1835,5.965
4665,8.01
82,7.962
2659,7.806
3822,8.009
4902,8.763
117,7.143
1972,8.567
5942,8.257
2647,7.806
2144,7.992
5743,7.335
5343,14.021
4780,10.581
1262,5.539
480,6.51
1782,7.193
4196,8.028
2513,8.89
2102,7.943
970,8.256
2188,6.986
2949,7.441
4282,6.565
4202,8.028
5718,4.145
2718,8.187
5904,9.003
3002,6.17
0,8.106
2861,8.324
1639,13.736
2993,6.565
465,7.127
3565,7.28
6196,7.61
1600,14.18
4188,8.163
57,7.742
4277,6.565
333,7.564
5744,7.335
3555,7.139
5013,8.464
5015,8.464
3304,8.211
3261,4.125
2567,8.535
5389,12.89
5851,6.432
2461,9.342
2088,7.806
1886,8.743
5604,5.326
6402,8.424
2543,8.075
4623,9.265
399,6.664
1539,6.833
1170,6.442
3256,4.261
558,4.077
5525,7.716
209,7.931
1229,6.404
4579,10.115
3161,5.435
4597,9.495
2502,8.975
3646,7.818
2489,9.131
2335,6.885
6178,7.804
4488,8.818
3572,7.293
112,7.348
5270,6.989
6199,7.224
861,9.014
3879,14.099
6027,9.816
5224,8.177
4368,7.852
1596,14.18
3755,8.021
410,6.664
2984,6.891
674,5.943
6274,5.621
1315,9.199
3611,8.149
5035,8.36
511,5.644
786,6.855
4841,9.575
801,6.925
2034,8.099
5959,7.874
289,7.368
6342,8.549
6244,6.078
2896,8.163
3894,14.18
1679,12.187
1608,14.313
3250,4.261
364,7.567
4412,6.891
773,6.858
3569,7.28
3897,14.313
4401,7.057
1549,6.664
542,4.308
487,6.51
1701,10.926
5805,6.901
1629,14.021
2140,8.193
3944,13.503
5782,6.934
185,8.163
292,7.368
4936,8.684
3622,8.149
933,8.622
156,8.2
4625,8.951
2942,7.852
2410,6.235
2159,6.842
3804,7.85
1552,6.664
4352,7.931
1445,7.343
6231,6.56
2646,7.658
4137,9.419
1944,8.625
1116,5.679
308,7.346
5518,8.177
734,7.092
1298,9.524
1490,7.574
5504,8.3
3840,8.253
476,7.127
5094,7.716
1126,5.679
3349,8.212
792,6.925
2701,8.193
713,5.422
5311,14.099
5048,8.476
2221,6.338
4319,8.099
3257,4.261
1036,6.433
5602,5.326
2924,7.931
4055,10.256
3417,8.953
1538,6.833
6038,9.816
5713,4.156
423,6.334
1758,7.795
4118,9.14
462,7.372
4244,7.441
5768,7.241
5631,5.114
2602,8.099
2139,8.193
3331,8.275
1278,5.277
5727,7.541
2811,7.082
431,8.623
4700,7.396
4620,9.265
4859,8.839
5241,7.716
2138,8.193
5075,8.3
4053,10.256
1389,7.545
3083,8.023
605,6.496
5019,8.464
1999,8.667
1876,8.899
2777,7.287
4755,10.21
3579,8.488
3929,13.736
1603,14.18
1529,7.197
3903,14.313
6353,8.521
4141,9.419
5741,7.335
5830,6.589
1757,7.795
3900,14.313
5885,9.199
5734,7.363
280,6.565
3209,4.781
1499,7.574
4373,7.852
1779,7.193
3367,8.358
4210,7.931
1059,6.262
2548,8.304
6385,8.523
1950,8.523
5570,6.623
3373,8.358
4039,10.524
2966,7.057
494,5.946
6186,7.61
1931,8.521
5273,6.989
5399,12.187
940,8.622
881,9.017
3509,7.274
1306,9.524
5675,4.42
2760,7.484
493,5.946
1891,8.743
3231,4.584
5558,6.989
5532,7.716
1940,8.625
3980,11.627
1475,7.564
4717,6.895
3902,14.313
810,6.551
4054,10.256
2628,7.771
456,7.372
2338,6.866
827,6.132
4635,8.951
5282,6.623
128,6.908
5691,4.125
2665,7.866
3968,12.187
1654,13.503
6250,5.774
838,5.964
2739,7.527
6358,8.521
4364,7.852
3754,8.021
2341,6.866
690,5.801
2017,8.185
4860,8.839
5717,4.145
4818,10.148
1424,7.17
1930,8.521
717,7.259
2807,7.082
2153,6.842
1680,12.187
171,8.099
1210,6.38
4708,7.147
2504,8.89
5934,8.494
4181,8.163
2184,6.986
3162,5.435
1048,6.433
3230,4.584
3497,7.287
401,6.664
997,7.557
784,6.855
5416,11.627
1131,5.401
2495,8.975
2176,6.868
821,6.132
3835,8.253
2671,7.866
923,8.595
757,7.007
6337,8.724
2800,7.274
2195,6.614
75,7.962
1576,13.975
3073,8.252
4425,6.565
1244,5.667
5701,4.125
5259,7.244
4738,9.593
4944,8.684
3766,7.827
4232,7.852
3321,8.117
1905,8.724
4923,8.512
4938,8.684
5411,11.627
5256,7.244
779,6.855
5674,4.42
770,6.858
2577,8.35
2640,7.658
2245,6.162
5240,7.716
805,6.551
5393,12.187
1652,13.503
304,7.343
3280,4.156
5913,8.744
1896,8.724
1829,5.965
4526,8.513
5065,8.3
2874,8.2
4816,10.148
4849,9.285
1178,6.56
1005,6.299
2655,7.806
2830,7.139
6407,8.567
6172,7.804
2833,7.139
4866,9.262
1018,6.29
2258,6.169
1830,5.965
1032,6.315
2377,6.617
3655,7.767
3008,8.283
4,8.106
3176,5.326
5108,7.244
2255,6.162
1318,9.199
2747,7.527
6349,8.549
847,5.668
1271,5.277
1333,9.003
1500,7.574
3447,7.856
4760,10.21
2018,8.185
4807,10.148
5120,6.989
5833,6.547
3710,7.405
755,7.007
5466,8.36
1989,8.684
85,7.962
2693,8.15
789,6.925
2107,7.943
2070,7.658
528,5.143
3357,8.212
4591,9.849
5433,10.199
2309,6.697
170,8.099
5214,8.3
3571,7.293
1461,7.346
120,7.143
3585,8.512
520,5.143
4138,9.419
6220,6.906
3478,7.484
5500,8.3
2519,8.471
5828,6.589
2774,7.343
2348,6.774
2397,6.403
6301,8.899
489,5.946
4427,6.565
5818,6.759
729,7.092
3126,7.671
2564,8.535
5230,8.177
718,7.259
1099,6.123
2293,6.548
2206,6.339
6309,8.899
4719,9.521
5016,8.464
2000,8.667
6146,8.839
1276,5.277
2478,9.331
5429,10.926
1361,8.257
4749,9.816
4031,10.409
1381,7.874
5786,6.934
2421,5.936
514,5.644
1563,6.334
912,8.818
5446,8.464
415,6.334
5492,8.395
3888,14.18
6316,8.743
4889,8.861
1074,6.425
3672,7.598
347,7.574
639,6.489
568,3.879
4436,9.014
524,5.143
4896,8.763
5756,7.508
87,7.866
5350,14.021
1023,6.315
4220,7.852
5154,8.554
3079,8.023
5475,8.476
6109,9.653
5716,4.145
2429,5.527
973,8.09
106,7.348
1152,6.384
3933,13.736
1646,13.503
5736,7.363
986,7.872
3480,7.343
3358,8.212
3320,8.117
2082,7.806
1656,13.503
6010,9.521
2057,7.771
724,7.092
4046,10.524
4093,9.357
3676,7.467
4421,6.565
2615,8.067
6386,8.523
856,5.329
4443,8.963
5698,4.125
3764,8.021
2059,7.771
4302,8.2
771,6.858
3604,8.445
4350,7.931
2775,7.343
2607,8.099
3146,5.892
3034,8.433
1550,6.664
3922,13.736
1455,7.346
4405,6.891
3774,7.827
1253,5.667
26,7.787
4532,8.513
4739,9.593
1578,13.975
5586,5.435
5630,5.114
5682,4.261
4647,8.687
2558,8.535
3725,8.237
5030,8.36
3403,8.983
5476,8.476
5495,8.3
2,8.106
6134,9.285
635,6.489
655,6.529
3044,8.572
3208,4.781
1463,7.346
4365,7.852
1312,9.199
3670,7.598
430,8.623
1858,5.621
932,8.622
2467,9.331
1429,6.943
5572,6.623
541,4.607
2754,7.484
3131,7.753
4145,9.151
155,8.2
1415,7.17
679,5.943
3260,4.125
2071,7.658
80,7.962
5231,8.177
6432,8.667
1690,11.627
1974,8.567
1060,6.262
281,6.565
1975,8.567
3951,12.89
1546,6.664
103,7.348
4552,8.09
5384,12.89
3088,8.023
1565,6.334
4979,8.876
222,7.852
981,8.09
1904,8.724
5921,8.744
3217,4.781
1279,5.277
5342,14.021
473,7.127
1422,7.17
3046,8.572
129,6.908
1372,8.257
3432,8.187
2773,7.343
5289,6.228
4769,10.398
441,7.896
1623,14.021
5762,7.508
2012,8.185
2532,8.075
52,7.742
5776,7.241
3974,11.627
3074,8.252
1041,6.433
4382,7.441
3870,14.099
344,7.551
1773,7.47
2396,6.403
6137,9.285
4345,8.028
4445,8.963
1228,6.404
5899,9.003
684,5.943
1484,7.551
1113,5.825
4159,8.2
3326,8.275
4930,8.512
1451,7.346
5529,7.716
1042,6.433
2583,8.185
5902,9.003
3659,7.767
2818,6.961
1488,7.551
4792,10.641
6290,5.217
3485,7.343
3229,4.584
4226,7.852
1432,7.368
83,7.962
1838,5.965
3816,7.906
2318,6.697
6431,8.667
2699,8.15
2556,8.304
992,7.872
6017,9.593
3455,7.527
5438,8.554
2961,7.057
6153,8.119
2416,5.936
6397,8.424
4497,8.595
2068,7.658
2162,6.842
2433,9.202
2380,6.617
1348,8.494
4994,8.839
4060,10.256
1385,7.874
1777,7.193
3439,8.187
5245,7.716
554,4.308
4681,7.603
3995,10.926
3532,6.961
2578,8.35
3541,6.961
6234,6.56
6035,9.816
4656,8.442
4314,8.099
1290,9.765
2476,9.331
5110,7.244
5184,8.476
500,5.946
5116,7.244
3271,4.125
4898,8.763
4346,8.028
765,6.858
4057,10.256
3493,7.287
4781,10.581
5190,8.476
1988,8.684
4192,8.163
3871,14.099
2064,7.658
2926,7.931
5233,8.177
2135,8.193
2702,8.193
5746,7.335
6170,7.804
1104,5.825
2888,8.099
472,7.127
3749,7.982
4809,10.148
6242,6.078
6022,9.593
5123,6.989
2843,7.28
4476,9.137
3782,7.725
2285,5.847
400,6.664
3236,4.42
5338,14.313
2110,7.943
1762,7.795
2044,8.067
2361,6.745
2310,6.697
5855,6.432
2117,8.15
2213,6.339
4059,10.256
854,5.329
4830,9.653
2114,7.943
2209,6.339
2756,7.484
4655,8.442
5173,8.36
4752,9.816
1140,5.124
1736,8.107
1587,14.099
3446,7.856
5130,6.989
3865,13.975
5594,5.435
4992,8.839
1295,9.524
417,6.334
1521,7.197
1991,8.684
4174,8.099
1220,6.404
2817,6.961
4705,7.147
6314,8.743
6318,8.743
5546,7.244
6306,8.899
4696,7.396
3932,13.736
5854,6.432
1814,6.392
4487,8.818
740,6.973
4173,8.099
3554,7.139
1149,6.415
6291,5.217
2918,8.028
2321,6.697
5453,8.464
3519,7.082
1980,8.567
6332,8.724
1105,5.825
3833,8.253
2668,7.866
235,7.441
2205,6.339
2516,8.89
6302,8.899
3664,7.598
5681,4.261
1374,7.874
976,8.09
1764,7.47
4061,10.256
3516,7.274
4967,8.744
3942,13.503
2303,6.635
977,8.09
3708,7.405
1631,14.021
4271,6.891
705,5.603
5060,8.395
1624,14.021
3825,8.009
1561,6.334
3443,7.856
5427,10.926
2845,7.28
3521,7.082
2428,5.527
2247,6.162
234,7.441
3617,8.149
2632,7.771
4580,10.115
654,6.529
5715,4.156
3431,8.693
5376,13.503
3007,8.283
4522,8.513
5700,4.125
2325,6.885
5971,7.545
3238,4.42
736,6.973
173,8.099
2991,6.565
3736,8.058
5002,8.665
1825,6.104
587,6.465
4122,9.14
6409,8.567
4870,9.051
2198,6.614
6084,10.641
4747,9.816
6089,10.641
689,5.801
971,8.09
2767,7.343
5503,8.3
4796,10.641
4806,10.148
3220,4.584
5352,13.736
2414,5.936
6126,9.575
5193,8.476
6398,8.424
1092,6.123
3970,12.187
5055,8.395
4779,10.581
387,6.833
2112,7.943
4102,9.357
1788,7.193
4641,8.687
510,5.644
725,7.092
5757,7.508
1319,9.199
6280,5.407
1260,5.539
671,6.3
858,9.014
3490,7.343
965,8.256
5781,6.934
5552,6.989
957,8.513
6180,7.804
5014,8.464
6264,5.621
2509,8.89
4304,8.2
6011,9.521
4257,7.057
1377,7.874
3533,6.961
2454,9.342
4702,7.147
2426,5.936
998,7.557
3476,7.484
636,6.489
3580,8.488
2358,6.774
6271,5.621
3885,14.18
1327,9.003
3464,7.527
5524,7.716
5591,5.435
5620,5.287
4998,8.839
3483,7.343
4098,9.357
6193,7.61
4875,9.051
3961,12.187
1047,6.433
3051,8.458
2265,6.169
5949,8.257
1689,11.627
6343,8.549
5067,8.3
1688,11.627
6411,8.567
2791,7.274
1096,6.123
3023,8.348
3981,11.627
550,4.308
1405,7.382
4682,7.603
4743,9.816
4663,8.01
2867,8.324
1984,8.567
763,6.858
5379,12.89
2302,6.635
2591,8.185
4666,8.01
4092,9.357
4867,9.262
2086,7.806
3341,8.252
5261,6.989
6341,8.549
4495,8.595
22,7.787
4622,9.265
5247,7.716
5548,6.989
4503,8.595
897,9.137
1676,12.187
4452,8.963
6379,8.523
5456,8.36
4223,7.852
2163,6.842
5778,7.241
5114,7.244
181,8.163
3537,6.961
4698,7.396
1765,7.47
4563,7.872
2695,8.15
5479,8.476
4380,7.441
2633,7.771
6399,8.424
1661,12.89
5432,10.199
4851,9.285
1355,8.494
3592,8.512
3319,8.117
6127,9.575
4706,7.147
215,7.931
4431,6.17
6021,9.593
373,7.197
5199,8.395
5298,13.975
6413,8.567
4156,8.2
3657,7.767
4566,7.872
2289,6.548
2354,6.774
3223,4.584
5254,7.244
1,8.106
3472,7.484
375,7.197
4561,7.872
5307,14.099
3242,4.42
4716,6.895
3589,8.512
2802,7.274
3340,8.252
4065,9.966
3522,7.082
6236,6.078
5464,8.36
4353,7.931
1753,7.795
2312,6.697
5201,8.395
2243,6.232
989,7.872
3421,8.953
4929,8.512
5028,8.36
5370,13.503
4577,10.115
3442,7.856
204,7.931
2785,7.287
5610,5.326
4081,9.863
5423,10.926
4627,8.951
5956,7.874
1793,6.877
2366,6.745
291,7.368
1208,6.38
232,7.441
4900,8.763
4795,10.641
5007,8.554
1444,7.343
3893,14.18
53,7.742
2935,7.852
5514,8.177
4986,8.876
3575,8.488
1842,5.765
164,8.099
3471,7.484
782,6.855
6054,10.398
1425,7.17
769,6.858
5649,4.781
4694,7.396
1436,7.368
6168,7.972
237,7.441
296,7.343
3343,8.252
3614,8.149
5345,14.021
4688,7.603
3239,4.42
1969,8.424
5331,14.313
4750,9.816
5523,7.716
3605,8.445
2644,7.658
3813,7.906
6063,10.398
2092,7.866
2810,7.082
4808,10.148
2505,8.89
4142,9.419
5918,8.744
3784,7.725
317,7.346
142,6.573
4990,8.839
3430,8.693
1816,6.104
3173,5.326
6324,8.743
1394,7.545
3953,12.89
5809,6.759
1227,6.404
4186,8.163
1155,6.384
5489,8.395
1530,6.833
321,7.564
6033,9.816
5808,6.759
5601,5.326
229,7.852
3433,8.187
5881,9.524
6322,8.743
274,6.565
2757,7.484
3606,8.445
5293,13.975
5424,10.926
1211,6.38
2332,6.885
5978,7.382
4303,8.2
6119,9.575
6149,8.119
1183,6.56
492,5.946
65,7.682
544,4.308
625,6.634
1863,8.992
2837,7.139
3684,7.467
3505,7.274
1137,5.401
3775,7.827
2172,6.868
1026,6.315
91,7.866
777,6.855
4002,10.199
738,6.973
1030,6.315
3020,8.348
89,7.866
1719,8.316
3687,7.467
4922,8.512
5689,4.261
5171,8.36
1282,5.277
853,5.668
1383,7.874
1457,7.346
6416,8.567
4856,9.285
1263,5.539
3482,7.343
2210,6.339
5820,6.589
5903,9.003
880,9.017
4873,9.051
6014,9.593
3748,7.982
1433,7.368
886,9.017
5513,8.177
6340,8.549
1430,7.368
4022,10.16
207,7.931
1206,6.38
6282,5.407
762,7.007
5554,6.989
6327,8.724
77,7.962
151,8.2
5113,7.244
5844,6.547
2264,6.169
6372,8.625
180,8.163
1875,8.899
63,7.682
5211,8.3
5085,8.177
4231,7.852
652,6.529
3494,7.287
3,8.106
6157,7.972
5878,9.524
5388,12.89
3318,8.117
5361,13.736
2581,8.35
5465,8.36
905,9.137
5961,7.874
6360,8.521
5561,6.623
372,7.567
1339,8.744
1305,9.524
2240,6.232
3036,8.433
885,9.017
5234,8.177
2323,6.885
2697,8.15
4874,9.051
1635,13.736
6243,6.078
1082,6.425
4530,8.513
1111,5.825
5391,12.187
3460,7.527
5512,8.177
4197,8.028
6055,10.398
4811,10.148
5983,7.382
3638,7.818
6065,10.398
571,3.879
1438,7.343
3795,7.85
1337,8.744
4007,10.064
3587,8.512
2959,7.441
2451,9.269
5521,7.716
5968,7.545
2978,6.891
1408,7.382
3972,12.187
2468,9.331
1259,5.539
1741,7.951
5853,6.432
4555,8.09
5798,6.901
1159,6.384
4132,9.419
3094,7.706
1218,6.404
6238,6.078
5149,8.554
5625,5.114
6155,8.119
3890,14.18
3109,7.503
3823,8.009
1130,5.401
5431,10.199
199,8.028
3910,14.021
5006,8.554
631,6.634
3616,8.149
2882,8.099
6031,9.816
3170,5.326
2500,8.975
466,7.127
5719,4.145
3912,14.021
4343,8.028
4253,7.057
5174,8.36
1316,9.199
442,7.896
3665,7.598
5980,7.382
1636,13.736
1308,9.199
2147,7.039
2904,8.163
6215,6.906
3928,13.736
5009,8.554
3735,8.058
4959,8.745
4748,9.816
5941,8.257
2643,7.658
2344,6.866
3678,7.467
4123,9.14
299,7.343
1076,6.425
4117,9.14
1894,8.724
4341,8.028
1645,13.736
6248,6.078
2415,5.936
5447,8.464
4613,9.265
4005,10.064
174,8.099
5239,7.716
5582,5.892
4840,9.575
3049,8.572
4001,10.199
3169,5.326
2488,9.131
5550,6.989
1567,6.334
6272,5.621
2170,6.868
178,8.163
5767,7.508
5544,7.244
346,7.574
6286,5.407
4249,7.057
2095,7.866
3385,8.454
1083,6.425
3535,6.961
3124,7.671
5004,8.665
4140,9.419
4028,10.409
6200,7.224
1746,7.951
2280,6.061
147,8.324
3623,7.907
1543,6.664
3688,7.489
6145,8.839
4073,9.966
5271,6.989
4178,8.099
4485,8.818
1326,9.003
1695,11.627
611,6.768
1784,7.193
3003,8.283
5122,6.989
1617,14.313
3401,8.659
6421,8.684
3848,8.239
5667,4.42
3803,7.85
1871,8.899
1774,7.47
1932,8.625
1112,5.825
5644,4.781
3406,8.983
2530,8.471
1503,7.567
1400,7.382
3185,5.287
2870,8.2
5639,4.781
5981,7.382
5752,7.335
5264,6.989
859,9.014
1885,8.743
1866,8.992
840,5.964
4088,9.863
1501,7.574
2780,7.287
31,7.787
2457,9.342
5622,5.287
6032,9.816
5069,8.3
4090,9.863
5216,8.3
1039,6.433
1303,9.524
4549,8.09
2547,8.304
2728,7.856
863,9.014
4821,9.653
4404,6.891
2892,8.099
2155,6.842
1071,6.297
6102,10.148
5228,8.177
1819,6.104
666,6.3
3384,8.454
1586,14.099
2698,8.15
5385,12.89
3570,7.28
5367,13.503
6042,10.21
5916,8.744
1678,12.187
3171,5.326
2033,8.099
4540,8.256
4827,9.653
212,7.931
5705,4.156
4690,7.396
872,8.963
5860,6.195
2193,6.614
1607,14.313
4573,7.557
3854,8.239
59,7.742
1817,6.104
6420,8.684
2673,7.866
4275,6.565
4835,9.575
1740,7.951
609,6.768
218,7.852
1880,8.743
1889,8.743
4527,8.513
2520,8.471
2311,6.697
3077,8.023
3028,8.433
5796,6.901
4318,8.099
5099,7.716
5619,5.287
1307,9.524
4988,8.839
3881,14.099
2860,8.324
413,6.334
3776,7.827
4668,8.01
5165,8.464
5515,8.177
915,8.818
163,8.2
1197,6.416
326,7.564
2906,8.163
3287,4.145
4227,7.852
6192,7.61
98,7.866
2381,6.617
2917,8.028
29,7.787
1367,8.257
2574,8.35
1109,5.825
1034,6.315
3033,8.433
4995,8.839
2706,8.193
97,7.866
2835,7.139
868,8.963
485,6.51
6391,8.523
1350,8.494
4537,8.256
6254,5.774
5998,7.17
5652,4.584
1859,8.992
2580,8.35
4730,9.593
5579,5.892
677,5.943
2934,7.852
4542,8.256
4742,9.816
5248,7.244
1464,7.564
2730,7.856
4298,8.2
6299,8.992
2220,6.338
4609,9.495
1121,5.679
1831,5.965
744,6.973
3072,8.252
4854,9.285
4024,10.16
3956,12.89
47,7.838
5726,7.541
1626,14.021
4644,8.687
3399,8.659
2766,7.343
3143,7.543
3556,7.139
5187,8.476
5839,6.547
601,6.496
1588,14.099
4964,8.744
4662,8.442
1015,6.29
3158,5.435
922,8.595
1468,7.564
4604,9.495
5960,7.874
6202,7.224
3138,7.753
3297,8.211
4815,10.148
5469,8.476
5253,7.244
1237,6.054
936,8.622
548,4.308
3391,8.659
5157,8.464
4550,8.09
2126,8.15
2350,6.774
5107,7.244
3811,7.906
4089,9.863
4215,7.931
2566,8.535
2871,8.2
5459,8.36
775,6.855
133,6.908
3705,7.405
5803,6.901
4383,7.441
3909,14.021
424,6.334
5651,4.584
51,7.742
1388,7.545
5445,8.464
5102,7.716
4235,7.441
5538,7.244
6116,9.653
4200,8.028
3362,8.358
2391,6.403
883,9.017
3187,5.287
2036,8.067
5339,14.021
2550,8.304
3824,8.009
5197,8.395
3609,8.149
5037,8.36
6069,10.581
278,6.565
2759,7.484
3137,7.753
484,6.51
5039,8.476
4952,8.745
5759,7.508
4207,7.931
3087,8.023
2758,7.484
1958,8.523
565,4.077
2353,6.774
3440,7.856
4273,6.565
1515,7.567
4328,8.163
817,6.132
5405,11.627
2720,8.187
6395,8.424
5626,5.114
4016,10.16
241,7.441
6207,7.224
4295,8.324
6128,9.575
2257,6.162
1052,6.262
5763,7.508
5362,13.736
216,7.852
5061,8.395
39,7.838
1357,8.494
3311,8.117
1937,8.625
2838,7.139
5088,8.177
357,7.574
470,7.127
4148,8.324
884,9.017
5852,6.432
6049,10.21
2743,7.527
5657,4.584
4951,8.745
